Country Name,Country Code,Indicator Name,Indicator Code,1960,1961,1962,1963,1964,1965,1966,1967,1968,1969,1970,1971,1972,1973,1974,1975,1976,1977,1978,1979,1980,1981,1982,1983,1984,1985,1986,1987,1988,1989,1990,1991,1992,1993,1994,1995,1996,1997,1998,1999,2000,2001,2002,2003,2004,2005,2006,2007,2008,2009,2010,2011,2012,2013,2014,2015,2016,2017,2018,2019,2020,2021,2022,2023,2024,2025
Aruba,ABW,Employment in services (% of total employment) (modeled ILO estimate),SL.SRV.EMPL.ZS,,,,,,,,,,,,,,,,,,,,,,,,,,,,,,,,,,,,,,,,,,,,,,,,,,,,,,,,,,,,,,,,,,
Africa Eastern and Southern,AFE,Employment in services (% of total employment) (modeled ILO estimate),SL.SRV.EMPL.ZS,,,,,,,,,,,,,,,,,,,,,,,,,,,,,,,,28.52279523,27.97476493,27.94460017,27.83077981,27.86945049,28.17536472,28.11945013,28.0979935,28.1356925,28.08088089,27.93434514,27.68832245,27.68622847,27.81244079,27.97283402,28.29715217,28.60430963,28.85994703,29.0800077,29.80239096,30.15214474,30.61369366,30.38868598,31.04448109,31.5469036,32.09829584,32.68731693,33.53814247,34.54839961,33.02615687,32.79407985,33.6081619,33.69670495,34.29771119,34.69681301
Afghanistan,AFG,Employment in services (% of total employment) (modeled ILO estimate),SL.SRV.EMPL.ZS,,,,,,,,,,,,,,,,,,,,,,,,,,,,,,,,22.08196163,21.8193802,21.7002845,21.39991902,21.78681527,22.23911409,22.69492016,23.02633416,23.35013144,23.67299067,22.83842376,24.45312461,24.78184894,24.83314848,25.70771895,25.94205048,27.22488788,27.66219855,29.39484259,31.15925268,31.11779639,32.31330845,32.07636279,32.23916864,33.73211523,35.23983685,36.80213449,37.01667855,37.51353912,35.53527728,30.15158583,29.42721424,29.49849184,29.50216777,29.47191784
Africa Western and Central,AFW,Employment in services (% of total employment) (modeled ILO estimate),SL.SRV.EMPL.ZS,,,,,,,,,,,,,,,,,,,,,,,,,,,,,,,,30.05224533,30.2284978,30.33285884,30.51375553,30.66068104,30.92068988,31.28235327,31.68428121,32.03608274,32.39891552,32.70539106,32.89943642,33.31414905,33.85939579,34.3740979,34.88871333,35.51947993,36.17560962,36.87078892,37.74439766,38.39854342,38.95965455,39.49559749,40.10594208,40.69609839,40.96918892,41.47784758,42.10828222,42.90572562,41.32855407,41.54598575,41.80244853,42.32235686,42.84597691,43.25311954
Angola,AGO,Employment in services (% of total employment) (modeled ILO estimate),SL.SRV.EMPL.ZS,,,,,,,,,,,,,,,,,,,,,,,,,,,,,,,,63.37373809,62.83732689,62.31142627,61.65706912,61.74420864,61.68030766,61.72236665,61.68361413,61.05598618,60.88453072,60.94086426,60.90196066,60.70596105,60.43153758,58.46513555,56.68758032,54.89111379,53.14967049,51.32632135,48.85563426,46.54919989,44.42130217,42.43801314,40.33163921,40.32154987,40.11395843,40.01787276,39.77733549,39.6661958,38.21913114,37.57492673,40.48776273,40.52634003,40.6875553,40.85146548
Albania,ALB,Employment in services (% of total employment) (modeled ILO estimate),SL.SRV.EMPL.ZS,,,,,,,,,,,,,,,,,,,,,,,,,,,,,,,,41.01871449,41.63096242,41.27881718,41.20011506,40.60864999,38.9954978,40.0351782,39.27524457,37.23737919,37.33231373,37.31498428,37.51473718,37.63631268,36.46948281,36.35876853,37.08193968,37.31815385,37.54099829,36.55461915,38.00568947,35.7883363,36.83684287,38.71579365,39.66942229,39.86078727,40.21124272,42.24234025,42.7083958,43.21586703,43.24148143,44.42698479,43.99624975,46.31254475,46.77911568,47.24439385
Andorra,AND,Employment in services (% of total employment) (modeled ILO estimate),SL.SRV.EMPL.ZS,,,,,,,,,,,,,,,,,,,,,,,,,,,,,,,,,,,,,,,,,,,,,,,,,,,,,,,,,,,,,,,,,,
Arab World,ARB,Employment in services (% of total employment) (modeled ILO estimate),SL.SRV.EMPL.ZS,,,,,,,,,,,,,,,,,,,,,,,,,,,,,,,,44.80505052,45.03781482,46.06740288,46.4328939,46.52297556,46.67745697,47.583524,48.31235392,48.64547943,49.1435141,50.05276361,51.09024686,51.27560716,50.8473644,51.12108453,51.36480371,51.53639477,52.03177626,52.68642449,53.01568974,53.8959449,54.6481941,55.17016591,55.57211206,56.2550527,56.62703167,56.53742675,57.48730136,57.69371381,58.11578362,58.42021462,59.14397792,59.76924269,59.87539319,60.08800753
United Arab Emirates,ARE,Employment in services (% of total employment) (modeled ILO estimate),SL.SRV.EMPL.ZS,,,,,,,,,,,,,,,,,,,,,,,,,,,,,,,,50.76200177,50.89235494,51.04639981,51.14889691,51.1619681,51.23675472,50.99241723,51.16487816,51.43726288,51.4808096,53.45139107,55.49416464,56.93588689,58.51608227,60.21261757,61.48275738,62.94870723,64.46342237,64.76023532,65.13010843,65.50060389,65.95731899,66.17749634,66.27152748,66.10636011,66.32728191,66.82747284,67.15395945,67.42089242,68.99888622,67.47317387,67.68804251,67.70114527,67.94354203,67.96771727
Argentina,ARG,Employment in services (% of total employment) (modeled ILO estimate),SL.SRV.EMPL.ZS,,,,,,,,,,,,,,,,,,,,,,,,,,,,,,,,58.30802649,59.21082821,61.91484868,63.05746977,64.40834066,64.87635705,64.65571203,65.49921087,66.68166284,67.61845397,68.29524079,69.72887044,68.49984932,68.69842749,68.58686479,68.59974169,68.65571235,68.74825254,69.60034224,69.70726193,69.07244954,69.48755512,69.29821973,69.03045437,69.65295491,70.48769071,71.09919134,71.49091774,71.77203301,71.30673342,71.76619392,71.31715255,71.22326063,71.63932982,71.81473922
Armenia,ARM,Employment in services (% of total employment) (modeled ILO estimate),SL.SRV.EMPL.ZS,,,,,,,,,,,,,,,,,,,,,,,,,,,,,,,,37.57909145,36.97472479,36.57316982,36.53319943,36.67083901,36.81709094,36.91898733,37.04917264,37.21748768,37.3383236,37.56839463,38.02367382,39.51941099,40.97742807,42.46983317,43.75066266,44.98319594,45.11745468,45.02692451,45.08842114,45.87266795,46.28797794,48.29569868,48.44564338,48.76061714,50.61679264,51.94777616,48.30789879,50.35927836,52.2190977,52.93767158,49.54485582,51.46463656,51.62214134,51.72974384
American Samoa,ASM,Employment in services (% of total employment) (modeled ILO estimate),SL.SRV.EMPL.ZS,,,,,,,,,,,,,,,,,,,,,,,,,,,,,,,,,,,,,,,,,,,,,,,,,,,,,,,,,,,,,,,,,,
Antigua and Barbuda,ATG,Employment in services (% of total employment) (modeled ILO estimate),SL.SRV.EMPL.ZS,,,,,,,,,,,,,,,,,,,,,,,,,,,,,,,,,,,,,,,,,,,,,,,,,,,,,,,,,,,,,,,,,,
Australia,AUS,Employment in services (% of total employment) (modeled ILO estimate),SL.SRV.EMPL.ZS,,,,,,,,,,,,,,,,,,,,,,,,,,,,,,,,70.13215703,70.64341449,70.55347869,70.9072579,71.55008214,71.97452184,72.13427861,72.54862527,72.75594396,72.5035173,73.49951277,73.74900952,74.29585142,74.16607889,74.51003488,74.49377331,74.68302263,74.30246676,74.57010862,74.76640295,75.38403303,75.54972698,76.01319632,76.22146354,77.29785468,77.39128111,77.97383751,77.49551341,78.3832443,78.04290824,78.00060573,78.55331155,78.17002327,78.4103732,78.53072993
Austria,AUT,Employment in services (% of total employment) (modeled ILO estimate),SL.SRV.EMPL.ZS,,,,,,,,,,,,,,,,,,,,,,,,,,,,,,,,59.2912707,60.79757169,61.35608998,61.7442861,61.98469437,63.67467389,64.84963502,65.31728413,65.35962471,65.2529574,66.13766548,66.70064366,66.88345063,67.33229291,67.15224348,66.59407838,67.1489447,68.53715259,69.69533898,69.84977933,69.03688262,69.24468998,69.51680695,69.41175622,69.70476407,70.08923549,71.14784778,70.8704419,70.98797504,71.27133426,70.63871204,70.09727921,71.16177927,72.34166873,72.58603408
Azerbaijan,AZE,Employment in services (% of total employment) (modeled ILO estimate),SL.SRV.EMPL.ZS,,,,,,,,,,,,,,,,,,,,,,,,,,,,,,,,38.26017165,36.74590422,40.27616604,41.84478031,42.82713458,44.39150659,44.98001024,45.92328439,46.51343752,48.11176234,49.22475907,48.28660205,48.9016395,48.55739663,48.60526171,48.09954806,48.82538763,48.27662739,49.20610604,48.05325931,48.04268926,48.0596829,48.52444313,48.94231002,49.58044558,49.33508313,49.2760161,49.01931952,48.91995191,48.99429615,48.82821528,48.78995792,49.45680247,49.87764785,50.2379527
Burundi,BDI,Employment in services (% of total employment) (modeled ILO estimate),SL.SRV.EMPL.ZS,,,,,,,,,,,,,,,,,,,,,,,,,,,,,,,,6.495969935,6.441092903,6.365839758,6.225774386,5.749204198,5.416101485,5.381855622,5.593747087,5.677812494,5.780298078,6.035980287,6.367599548,6.448367871,6.643033471,6.80888072,7.224129124,7.601425908,7.960183945,8.191777677,8.577240787,9.007603855,9.459302424,9.915013581,10.31827741,10.10467582,10.20453929,10.21812616,10.94522319,11.72880046,11.59725212,11.28003654,11.24884059,11.33463299,11.51276878,11.55567929
Belgium,BEL,Employment in services (% of total employment) (modeled ILO estimate),SL.SRV.EMPL.ZS,,,,,,,,,,,,,,,,,,,,,,,,,,,,,,,,66.91238561,67.35437874,67.92505844,68.23383302,69.07086308,69.62415039,69.79702653,70.51718225,71.83584319,72.27866716,73.13205736,72.42578772,73.35965391,72.84268851,73.27498478,73.35271302,73.71341412,73.77471891,75.03852153,75.27293335,75.46577853,77.07187533,76.9365903,77.38876508,77.38937718,77.48425678,77.64732902,78.21483155,77.79553188,78.29592767,79.1522132,78.46780939,78.76611179,79.46768308,79.76858252
Benin,BEN,Employment in services (% of total employment) (modeled ILO estimate),SL.SRV.EMPL.ZS,,,,,,,,,,,,,,,,,,,,,,,,,,,,,,,,32.56128473,32.6728606,32.87499796,32.80872753,33.335128,33.48522182,33.83018304,33.99501667,34.24614394,34.6702648,34.99942482,35.22106456,35.44882188,35.66394958,35.67558364,35.94373847,36.51991889,37.07524389,37.310395,37.50462715,37.91335718,39.37665397,40.98619146,41.05680642,40.49052799,40.04417013,40.06373036,40.30007473,40.24524111,38.76555927,38.52335599,39.01606923,39.83986665,40.66723213,41.442371
Burkina Faso,BFA,Employment in services (% of total employment) (modeled ILO estimate),SL.SRV.EMPL.ZS,,,,,,,,,,,,,,,,,,,,,,,,,,,,,,,,11.89395698,11.81498478,11.93006048,11.9113434,12.52500106,13.52954494,14.30862655,15.05085747,15.97786856,16.44559489,17.20954797,17.8747106,18.82762035,19.63118505,20.6832556,21.66862448,22.29571747,22.77140616,23.27326815,24.13411287,24.93424541,25.75041564,26.6211791,27.25279399,27.8861037,28.7449133,29.68027427,30.63272462,31.42862344,30.39025044,30.17401548,30.40307958,30.74179795,31.15558291,31.55814181
Bangladesh,BGD,Employment in services (% of total employment) (modeled ILO estimate),SL.SRV.EMPL.ZS,,,,,,,,,,,,,,,,,,,,,,,,,,,,,,,,12.89621774,14.09944807,15.51816864,17.01753944,18.65944708,20.48445219,20.07075257,19.77438231,19.48585708,19.31508113,21.93108844,24.84201101,28.04441208,29.20283289,30.43951424,30.87701194,31.37526432,31.82722812,32.28591083,32.74150737,33.19271001,33.64890464,34.11192217,35.05869266,35.97805924,36.87571903,38.98337142,39.18093979,39.35507384,38.48223514,38.23852722,38.36246933,37.00780317,37.37156577,37.70627794
Bulgaria,BGR,Employment in services (% of total employment) (modeled ILO estimate),SL.SRV.EMPL.ZS,,,,,,,,,,,,,,,,,,,,,,,,,,,,,,,,45.40475158,46.24276075,47.39110927,48.41035382,49.60583706,50.60219807,50.48485713,51.29452105,53.55179031,53.97302183,57.5390324,56.63186925,56.73086332,56.33763608,56.8193021,57.41944364,56.95534735,56.10559339,57.50979361,59.90869436,62.01162741,62.00242869,62.9813336,63.0951489,62.89676138,62.92775955,63.49225051,62.98913636,63.72546541,62.47662579,63.58277249,63.21626938,64.16431822,67.02511491,67.43437758
Bahrain,BHR,Employment in services (% of total employment) (modeled ILO estimate),SL.SRV.EMPL.ZS,,,,,,,,,,,,,,,,,,,,,,,,,,,,,,,,69.04427175,69.11394308,68.80433106,69.07215681,69.26946632,69.55086358,69.80475812,70.03354859,70.1230014,69.89343622,69.86455667,69.77420273,69.35431066,68.39440224,67.37832964,66.23496726,65.23103092,64.12741833,64.30874476,63.19302859,63.65651707,63.91054126,63.84518318,63.71012894,63.7681669,63.64030213,63.66756659,63.79944834,63.93983723,64.50119197,63.91000932,63.86852456,63.97779112,64.10409949,64.25938499
"Bahamas, The",BHS,Employment in services (% of total employment) (modeled ILO estimate),SL.SRV.EMPL.ZS,,,,,,,,,,,,,,,,,,,,,,,,,,,,,,,,79.42961022,79.44833037,82.29199585,81.65653167,81.41564842,80.20608358,81.51461863,81.17875255,79.24962538,78.87855214,78.75162533,79.59296132,81.15137598,79.4966248,78.68042718,79.19073846,79.73950396,80.80825629,81.05555682,82.12251912,83.13020033,83.41606913,83.93160711,84.15254148,84.55657725,84.67589441,84.56981732,84.6430668,84.62187355,84.72223677,84.18425427,84.19539172,84.28273337,84.35695727,84.43543931
Bosnia and Herzegovina,BIH,Employment in services (% of total employment) (modeled ILO estimate),SL.SRV.EMPL.ZS,,,,,,,,,,,,,,,,,,,,,,,,,,,,,,,,42.85914485,43.41307871,43.8567543,44.07410733,44.23625124,44.13088537,44.17525877,44.34797927,44.88848738,45.24594311,45.77224279,46.18089884,46.5402834,46.84390372,47.09062164,47.4561985,46.46864381,45.85345151,46.16368898,48.28337838,50.31604783,47.95314022,50.17406162,51.82827173,51.51188838,49.66909071,50.48461717,51.07901189,49.21863755,53.66600843,50.85782605,51.30511372,51.79782195,52.246321,52.69084595
Belarus,BLR,Employment in services (% of total employment) (modeled ILO estimate),SL.SRV.EMPL.ZS,,,,,,,,,,,,,,,,,,,,,,,,,,,,,,,,38.74654019,38.4127924,39.85309959,41.79228242,42.48977951,43.31880951,44.07009358,44.91518438,45.77289162,46.57683635,47.58396321,48.43349827,49.28214172,50.03069954,50.81689266,51.52017376,52.24904863,52.79233198,53.67674705,54.40459184,55.24815448,55.95344854,56.59394042,57.37358939,58.0722559,58.71571554,58.53120289,58.05640231,58.55577747,58.52593181,58.64176279,58.96188802,58.90772555,59.21335347,59.46344504
Belize,BLZ,Employment in services (% of total employment) (modeled ILO estimate),SL.SRV.EMPL.ZS,,,,,,,,,,,,,,,,,,,,,,,,,,,,,,,,52.27467158,52.77435038,53.1264574,54.60942624,55.03441899,54.3570853,51.84664302,57.00110583,55.54039187,56.55337594,57.87953694,59.09890005,60.40714915,61.47227217,62.56319111,62.83859932,63.21385089,63.37292686,63.84574468,64.33147133,64.58425857,64.93649523,65.18699622,65.44054373,66.496722,65.73243996,66.88643651,65.09205397,67.43488483,66.60127586,66.64429049,67.17419588,67.78104196,68.19654598,68.51822084
Bermuda,BMU,Employment in services (% of total employment) (modeled ILO estimate),SL.SRV.EMPL.ZS,,,,,,,,,,,,,,,,,,,,,,,,,,,,,,,,,,,,,,,,,,,,,,,,,,,,,,,,,,,,,,,,,,
Bolivia,BOL,Employment in services (% of total employment) (modeled ILO estimate),SL.SRV.EMPL.ZS,,,,,,,,,,,,,,,,,,,,,,,,,,,,,,,,41.2872707,38.2284503,41.85007748,42.62007829,39.87357176,40.42720302,38.5867378,39.28604578,39.86316526,41.40144124,39.16184438,38.61812542,43.11853636,43.11869902,40.81562574,41.82131096,42.97477966,47.33155712,47.77189343,48.42434753,48.65406551,50.82556388,50.03960421,47.52997936,48.72156903,49.12616917,49.20103976,49.09125898,51.40659925,51.93148697,51.92098859,54.67872704,54.80756453,55.12393122,55.49206445
Brazil,BRA,Employment in services (% of total employment) (modeled ILO estimate),SL.SRV.EMPL.ZS,,,,,,,,,,,,,,,,,,,,,,,,,,,,,,,,58.9210854,58.91679881,59.15185591,59.27959936,59.93138904,60.86121677,60.97570947,61.70711914,62.00886488,62.29339713,62.63891553,62.08371598,62.50684303,61.95243976,62.07714185,63.0885308,63.41032708,63.46211279,64.42026002,65.30180337,66.17731078,66.33153951,66.31839505,67.11986257,67.84779363,68.83245028,69.86410494,70.41301199,70.72010524,70.42945507,69.77092445,70.77685613,71.62561134,71.98212263,72.15909829
Barbados,BRB,Employment in services (% of total employment) (modeled ILO estimate),SL.SRV.EMPL.ZS,,,,,,,,,,,,,,,,,,,,,,,,,,,,,,,,70.97414173,70.33653893,72.01488549,72.43425197,72.33113732,71.6706187,71.80693297,70.80099801,70.48552127,72.22416513,73.04088884,73.97788814,74.5511555,74.82806155,76.22003615,75.40986012,75.37605338,75.87702209,75.82615471,76.29619222,76.77951873,77.06983306,77.17555892,77.47849117,77.74955474,77.87738114,77.58360427,78.66629934,80.26038619,80.62071454,80.27465862,80.97200219,82.3987737,82.5047855,82.58295762
Brunei Darussalam,BRN,Employment in services (% of total employment) (modeled ILO estimate),SL.SRV.EMPL.ZS,,,,,,,,,,,,,,,,,,,,,,,,,,,,,,,,73.39152303,73.7496114,74.34635893,74.91907774,74.82758621,75.47503314,75.85940662,76.87493647,77.885041,78.40772261,78.75728539,78.75459049,78.74323117,78.92426709,79.08382206,79.08353751,79.6100512,79.72171391,80.17846972,80.29775259,80.11454778,80.1688188,80.4935413,80.71916769,81.3408381,82.03717359,82.51404814,79.5353505,77.28344404,74.94836476,75.02697996,77.01260645,78.27861659,78.3168445,78.4133595
Bhutan,BTN,Employment in services (% of total employment) (modeled ILO estimate),SL.SRV.EMPL.ZS,,,,,,,,,,,,,,,,,,,,,,,,,,,,,,,,27.40748815,27.85194517,28.31257078,28.56629327,29.03863107,29.37231892,29.62180195,29.84574396,30.13429951,30.33176108,30.57713865,30.87328007,31.18897758,31.41603469,31.76884993,32.12862313,32.66833318,32.93826198,33.27041856,33.61714387,30.64547958,31.74700541,32.69749925,32.52681128,32.35317067,32.64724566,32.81769188,32.94350032,33.42706981,35.22563127,34.53239052,40.80442431,40.93148726,41.27577923,41.75113193
Botswana,BWA,Employment in services (% of total employment) (modeled ILO estimate),SL.SRV.EMPL.ZS,,,,,,,,,,,,,,,,,,,,,,,,,,,,,,,,66.15054573,66.28195836,66.38286247,66.46772467,66.63989817,66.97884092,66.1430524,64.59220702,65.72884811,66.61844776,69.3215397,67.20165634,64.27855613,64.47354978,64.41689478,64.10661708,64.76648483,65.19936006,65.32179395,65.78721764,66.10077888,66.21297267,66.89013267,67.30924622,67.23091266,67.67887478,68.0164662,68.3031692,68.60229575,65.51695435,66.45502646,66.66142415,66.21065786,66.14425673,66.19876133
Central African Republic,CAF,Employment in services (% of total employment) (modeled ILO estimate),SL.SRV.EMPL.ZS,,,,,,,,,,,,,,,,,,,,,,,,,,,,,,,,18.58829665,17.51332686,17.22303339,17.57330414,18.07773634,17.29904202,17.63790444,17.937051,18.43191979,17.8767672,18.1430567,18.41729424,17.42065276,17.9724858,17.93514537,18.31871257,18.71037248,18.79879353,20.01147926,20.87965235,21.29311932,22.02443093,19.38563257,19.62523781,20.35433886,20.82395634,21.29751192,21.58726798,21.96317525,20.48260745,20.19221135,20.39336492,20.61759905,20.49906634,20.54640053
Canada,CAN,Employment in services (% of total employment) (modeled ILO estimate),SL.SRV.EMPL.ZS,,,,,,,,,,,,,,,,,,,,,,,,,,,,,,,,72.6686666,73.36704151,74.00745424,73.98269694,73.91851801,74.13731099,73.93563977,73.89174627,74.07241261,74.19030405,74.77702423,74.65325974,74.91952016,74.92804712,75.18744064,75.71189622,76.28928911,76.55243396,77.66903484,77.961596,77.75260912,77.59974762,77.79773832,78.03680506,78.31331446,78.53999332,78.73102405,78.7757868,79.1588097,78.95752715,79.29896848,79.32289125,79.51456775,79.93764916,80.14686547
Central Europe and the Baltics,CEB,Employment in services (% of total employment) (modeled ILO estimate),SL.SRV.EMPL.ZS,,,,,,,,,,,,,,,,,,,,,,,,,,,,,,,,41.95473074,42.82030388,43.7185958,44.58678489,45.66770565,46.4328561,47.08834757,47.69824701,48.68927629,49.44820812,50.20318352,51.13362276,51.68605486,52.66703336,53.19921686,54.03951551,54.26713153,54.39780131,56.09966499,56.85848505,57.06085528,57.52105391,58.08621843,58.30565156,59.03297938,59.26807828,59.3118537,59.57670054,59.94572387,60.08839369,60.86447866,61.20054047,61.80940235,62.95546802,63.39982391
Switzerland,CHE,Employment in services (% of total employment) (modeled ILO estimate),SL.SRV.EMPL.ZS,,,,,,,,,,,,,,,,,,,,,,,,,,,,,,,,67.99226302,69.31875279,69.78526322,69.39649719,68.59201275,69.20004442,70.05557899,70.16146627,70.37572848,70.69526418,70.96706641,72.24384064,73.34431531,73.73054235,73.76916118,73.54268395,73.40531801,73.64258415,74.45741108,74.33774741,74.44702817,74.93528928,74.7989134,75.3541484,75.89929039,76.16126484,76.38448918,76.56052294,77.04752126,77.0655294,77.47022222,77.69566534,77.84402607,77.85213872,78.16854299
Channel Islands,CHI,Employment in services (% of total employment) (modeled ILO estimate),SL.SRV.EMPL.ZS,,,,,,,,,,,,,,,,,,,,,,,,,,,,,,,,76.48934175,76.85883199,77.15616611,77.35608079,77.66873654,77.99040849,78.26345027,78.57645281,78.87837282,79.12033891,79.43023938,79.74153285,79.96189447,80.19779567,80.42193975,80.65069441,80.86809716,81.17993387,81.69581503,82.0487247,82.24652699,82.62043522,82.83364145,82.97994576,83.20335143,83.41457074,83.59726045,83.82328831,84.04408002,84.51202619,84.57142147,84.66017751,84.88455188,85.1018948,85.29259131
Chile,CHL,Employment in services (% of total employment) (modeled ILO estimate),SL.SRV.EMPL.ZS,,,,,,,,,,,,,,,,,,,,,,,,,,,,,,,,56.51665155,57.51907843,58.22398607,59.61939679,60.15780108,59.81697153,60.31750806,61.98962599,64.14067817,64.23425191,64.446561,64.72419977,65.0343639,65.56761298,65.992246,66.44315182,66.87721834,67.17801142,67.69147441,68.1071485,68.12447793,67.90490157,68.41095906,69.04733558,68.98074593,69.76211362,70.20910588,70.69939223,71.10577602,70.88237563,70.44921162,70.83218612,71.68554651,72.10081993,72.43440927
China,CHN,Employment in services (% of total employment) (modeled ILO estimate),SL.SRV.EMPL.ZS,,,,,,,,,,,,,,,,,,,,,,,,,,,,,,,,18.92831794,19.79985805,21.19955485,23.00051842,24.79982376,25.99999617,26.39968959,26.69988996,26.90001766,25.31341885,27.70003893,28.59989194,29.30048106,30.60029209,31.39979159,32.20011329,32.40000014,33.20011143,34.09999151,34.5995668,35.70007838,36.09981401,38.4998131,40.59907766,42.39971074,42.93342594,43.34580363,43.88471988,44.51927352,45.2678537,45.59698456,44.98860513,45.77239351,46.15105998,46.53081429
Cote d'Ivoire,CIV,Employment in services (% of total employment) (modeled ILO estimate),SL.SRV.EMPL.ZS,,,,,,,,,,,,,,,,,,,,,,,,,,,,,,,,36.1032606,36.35707083,36.61609529,36.99269043,37.23218631,37.48991701,37.86549764,38.1289414,38.44760557,38.59112597,38.66439407,38.725211,38.78224189,39.24624305,39.57892752,39.81482491,40.10335352,40.38971118,40.81580999,41.19908616,41.34857874,42.21555406,42.96779468,42.03536392,40.90068939,39.73585641,41.17026944,42.32862522,43.60949213,40.95170996,39.38226507,38.44696012,39.13040401,39.74496544,40.30195519
Cameroon,CMR,Employment in services (% of total employment) (modeled ILO estimate),SL.SRV.EMPL.ZS,,,,,,,,,,,,,,,,,,,,,,,,,,,,,,,,20.49562045,20.57194753,20.7074144,20.80923899,21.06095066,21.32119779,21.597489,21.93360305,22.32379921,22.75815621,23.27059142,24.22210498,25.3790743,26.69687464,28.06147118,28.52916352,29.00375149,30.25016377,31.52410094,32.76686299,34.17361987,35.52823934,36.91446625,38.30919092,39.08558567,39.92531644,40.75787864,41.57416542,42.38342208,41.44128348,41.63600322,42.07473638,42.52566876,43.03904654,43.53141474
"Congo, Dem. Rep.",COD,Employment in services (% of total employment) (modeled ILO estimate),SL.SRV.EMPL.ZS,,,,,,,,,,,,,,,,,,,,,,,,,,,,,,,,32.35016607,30.3699521,28.52694997,27.1996721,26.80869679,27.13190118,26.11177708,25.82531598,24.84122135,24.64988269,23.95286042,24.38824699,24.94175633,25.50052064,26.09225078,26.58082463,27.09180381,27.41313545,27.50015323,27.9593764,28.46108008,28.90277823,29.68014781,30.58016134,31.32315347,31.31157416,31.39041549,31.8331477,32.32544856,30.91390701,30.73749273,31.58612753,32.49820234,33.09496456,33.45354743
"Congo, Rep.",COG,Employment in services (% of total employment) (modeled ILO estimate),SL.SRV.EMPL.ZS,,,,,,,,,,,,,,,,,,,,,,,,,,,,,,,,31.0076183,31.37832024,31.85944998,31.7372156,32.02156271,32.46287296,32.70992676,33.21831005,33.31947871,33.61368433,34.21852453,34.74993573,35.2738306,35.68607656,36.61960064,37.40791256,38.11699235,38.33515055,39.15697281,39.46621355,40.00302458,40.60991837,41.03901575,41.7020665,42.2744255,42.87603736,42.87730738,42.98917058,43.51459057,42.50444777,42.53445444,42.7869212,43.26541436,43.71754836,44.16750537
Colombia,COL,Employment in services (% of total employment) (modeled ILO estimate),SL.SRV.EMPL.ZS,,,,,,,,,,,,,,,,,,,,,,,,,,,,,,,,56.01663468,55.61554423,55.57644465,55.6554455,55.81340292,57.27718814,59.12026806,60.08176162,61.6140428,60.45330611,60.54498431,60.30305963,60.30626096,60.18074668,59.91429881,60.5700293,61.76403016,62.16607425,61.84008319,62.18182626,61.96760992,62.42969681,64.06166703,64.43649877,64.77118548,65.24777387,64.42223925,63.86696697,64.39619784,64.3699637,64.87826413,65.02802172,65.61090082,65.72418237,65.84274086
Comoros,COM,Employment in services (% of total employment) (modeled ILO estimate),SL.SRV.EMPL.ZS,,,,,,,,,,,,,,,,,,,,,,,,,,,,,,,,27.58218286,28.17382613,28.36442673,27.84433513,28.06621299,27.90717828,28.21546216,28.28600011,28.41738343,29.29063805,29.46148544,29.65235174,29.85926176,30.08126814,31.16241043,32.30335207,33.4614071,34.88265575,36.13364246,37.48468505,38.91527361,40.235708,41.65166593,42.96234557,43.91543415,45.30005466,46.94921733,48.59794792,49.98024269,49.23267288,50.0919049,50.34873143,50.63301847,51.15912175,51.64764593
Cabo Verde,CPV,Employment in services (% of total employment) (modeled ILO estimate),SL.SRV.EMPL.ZS,,,,,,,,,,,,,,,,,,,,,,,,,,,,,,,,58.20602855,58.60448526,58.83280757,59.10524124,59.37364831,59.63939313,59.96308194,60.17502387,60.15490336,60.31499125,60.75895727,61.08426005,61.40353322,61.59048777,61.84164262,62.03437095,62.2015974,62.35430945,62.60745073,62.88321548,63.06191917,63.27147957,63.47691883,63.70975827,63.98908426,64.2908862,64.57037682,66.28122754,67.59921436,67.32904317,67.24630831,67.19842945,67.38419576,67.54992515,67.68900568
Costa Rica,CRI,Employment in services (% of total employment) (modeled ILO estimate),SL.SRV.EMPL.ZS,,,,,,,,,,,,,,,,,,,,,,,,,,,,,,,,52.11823932,53.61059725,55.34863869,56.22785946,58.19283633,58.78314737,59.17985499,60.1965449,60.5157379,60.84997193,61.31989652,61.85858318,62.8653844,63.41996737,63.49143802,64.62845133,64.94880568,66.44715121,66.94668489,66.70627062,67.20701592,68.85547903,70.95537326,68.25642103,65.74645051,66.31311215,66.76249768,65.2996449,66.59965047,65.37918222,67.21390189,67.62460534,66.38272885,69.61924676,70.03211748
Caribbean small states,CSS,Employment in services (% of total employment) (modeled ILO estimate),SL.SRV.EMPL.ZS,,,,,,,,,,,,,,,,,,,,,,,,,,,,,,,,58.90616802,59.77328113,60.84892113,60.8048591,61.57892366,62.01385973,62.62871725,63.30350178,63.80142309,64.32589984,64.08177265,65.00216787,65.63139408,65.25955324,65.27073805,65.48605029,65.69792715,65.76712443,66.50533974,67.19410365,68.00970932,68.25259316,68.45311065,68.77381302,69.15530439,69.51922989,69.92764265,69.94582254,70.75212238,70.67499335,70.48512929,70.79870161,70.74034309,70.79909875,70.87692804
Cuba,CUB,Employment in services (% of total employment) (modeled ILO estimate),SL.SRV.EMPL.ZS,,,,,,,,,,,,,,,,,,,,,,,,,,,,,,,,53.22976093,53.13498408,53.91043911,55.99628754,56.36628494,56.36625458,56.3662464,57.01197339,57.56250317,57.56251933,58.13675595,58.13675451,58.13676555,59.44635893,60.63736953,61.8453635,63.22697938,63.34221289,63.70171218,64.31683368,63.17038904,61.5519586,64.18030604,64.21315389,64.59620048,64.88443469,65.1360074,65.4555325,65.94741654,66.3211078,66.44350645,66.79367454,66.78346047,67.19603893,67.56308168
Curacao,CUW,Employment in services (% of total employment) (modeled ILO estimate),SL.SRV.EMPL.ZS,,,,,,,,,,,,,,,,,,,,,,,,,,,,,,,,,,,,,,,,,,,,,,,,,,,,,,,,,,,,,,,,,,
Cayman Islands,CYM,Employment in services (% of total employment) (modeled ILO estimate),SL.SRV.EMPL.ZS,,,,,,,,,,,,,,,,,,,,,,,,,,,,,,,,,,,,,,,,,,,,,,,,,,,,,,,,,,,,,,,,,,
Cyprus,CYP,Employment in services (% of total employment) (modeled ILO estimate),SL.SRV.EMPL.ZS,,,,,,,,,,,,,,,,,,,,,,,,,,,,,,,,63.54807947,64.67844218,66.24096997,67.77845557,68.58642551,69.17646639,69.87375879,70.41842685,70.9920633,70.82580465,71.46690938,71.56397488,71.93826918,71.18316033,71.21440428,73.09422712,73.09548915,72.7230256,74.2486417,75.80203784,75.27386151,76.91691951,79.33199053,79.0522046,79.77963356,79.30621989,80.42501049,81.17330988,79.15449897,77.75721944,79.23125423,80.46996537,81.40932731,81.45780736,81.57651464
Czechia,CZE,Employment in services (% of total employment) (modeled ILO estimate),SL.SRV.EMPL.ZS,,,,,,,,,,,,,,,,,,,,,,,,,,,,,,,,44.48017248,45.49495252,46.43819325,48.30262512,49.20474407,49.76809173,50.6565441,51.45953447,52.40617279,52.99423613,53.54801131,54.156248,54.6554758,54.98351922,55.22897461,55.53825349,55.86967939,56.30018377,58.31174697,58.91665191,58.55826235,58.8258014,59.45817946,59.21196067,59.04902008,59.02718291,59.13926152,59.70024577,60.08628225,60.14446748,60.63214368,60.42864165,60.58716257,61.85166919,62.39667395
Germany,DEU,Employment in services (% of total employment) (modeled ILO estimate),SL.SRV.EMPL.ZS,,,,,,,,,,,,,,,,,,,,,,,,,,,,,,,,57.92375987,58.42028813,59.15456497,60.2510353,60.82549129,61.79315695,62.38419331,62.82990908,63.30104084,63.83139755,64.60245826,65.14607911,66.19762563,66.39163312,67.83459038,67.63535067,67.3476214,69.04498811,69.53181206,69.62451288,70.6143963,70.2286689,70.81520948,70.47672572,70.97598535,71.35568582,71.31422172,71.38519254,71.6630846,71.65595123,71.4070007,71.95344383,72.39261557,72.61642375,72.95478864
Djibouti,DJI,Employment in services (% of total employment) (modeled ILO estimate),SL.SRV.EMPL.ZS,,,,,,,,,,,,,,,,,,,,,,,,,,,,,,,,92.59796964,92.7157466,92.96010803,93.0711117,93.20219529,93.34719554,93.45907877,93.54549918,93.56911999,93.63443495,93.67435331,93.68648237,93.69062787,93.67823844,93.66756677,93.6169726,93.53509098,93.43543274,93.5089656,93.52817939,93.49950365,93.5116391,93.48672589,93.38969684,93.27235609,93.15646923,93.04104047,92.91609593,92.81775509,92.80816997,92.62755074,92.57167983,92.42856394,92.27694078,92.16627102
Dominica,DMA,Employment in services (% of total employment) (modeled ILO estimate),SL.SRV.EMPL.ZS,,,,,,,,,,,,,,,,,,,,,,,,,,,,,,,,,,,,,,,,,,,,,,,,,,,,,,,,,,,,,,,,,,
Denmark,DNK,Employment in services (% of total employment) (modeled ILO estimate),SL.SRV.EMPL.ZS,,,,,,,,,,,,,,,,,,,,,,,,,,,,,,,,67.77756659,68.12893561,68.73639915,68.44068968,68.52824363,69.72839286,70.02501243,69.84162505,69.75340055,70.99377553,71.06038591,73.30075247,73.55858983,73.03584453,72.9252699,73.58068179,73.52940655,74.03897564,76.66979238,77.59038997,77.57064719,77.59410938,77.76515676,78.14967057,78.08397086,78.61758586,78.95118266,78.89858274,79.23107322,79.0113854,78.60015578,78.80865245,78.72217173,79.33080347,79.57481818
Dominican Republic,DOM,Employment in services (% of total employment) (modeled ILO estimate),SL.SRV.EMPL.ZS,,,,,,,,,,,,,,,,,,,,,,,,,,,,,,,,53.8820163,54.33818351,54.75293559,55.16636272,55.62188099,56.03343644,56.41807995,58.56022703,59.08505272,59.72391542,61.86615815,63.2314076,63.45340292,62.54135872,63.66222855,63.91735927,64.52215603,65.69166715,68.60767137,68.89188032,69.55384623,69.70101951,71.60491187,70.80171431,71.15272498,71.25966793,70.21845728,70.312653,71.65391467,71.56932311,71.73973506,72.77094475,73.43653381,73.74994232,74.0204119
Algeria,DZA,Employment in services (% of total employment) (modeled ILO estimate),SL.SRV.EMPL.ZS,,,,,,,,,,,,,,,,,,,,,,,,,,,,,,,,54.22330767,54.26971983,54.20466894,54.08378807,53.97254841,53.89426716,53.74420472,53.84106164,53.72925939,53.31263684,53.28596527,53.47256594,53.59713057,51.87498615,52.74714801,53.73890012,54.76550153,55.73691824,56.86631628,57.61662728,58.37065498,59.05348724,59.69285276,59.58482145,60.00789825,60.11856857,58.85618914,58.75502745,58.777383,58.27619506,58.21985285,58.05374005,58.19134157,58.21337586,58.25434089
East Asia & Pacific (excluding high income),EAP,Employment in services (% of total employment) (modeled ILO estimate),SL.SRV.EMPL.ZS,,,,,,,,,,,,,,,,,,,,,,,,,,,,,,,,21.88883906,22.59635993,23.80696563,25.26379656,26.80331383,27.80710823,28.32632766,28.72973799,28.95274064,27.83902179,29.71337055,30.40671255,30.9345804,32.27092121,32.83245875,33.75317207,34.07756121,34.75845002,35.58151319,36.08634311,36.9745146,37.35259167,39.24759648,40.92925964,42.42190534,43.1177449,43.58745748,44.17243299,44.84257504,45.36717103,45.70819664,45.34318858,46.20141773,46.61950868,47.00767863
Early-demographic dividend,EAR,Employment in services (% of total employment) (modeled ILO estimate),SL.SRV.EMPL.ZS,,,,,,,,,,,,,,,,,,,,,,,,,,,,,,,,30.95524659,31.15552664,31.60288214,31.91944063,32.31859735,32.6463471,32.93364213,33.18067495,33.28820101,33.40565552,33.82036649,34.18892829,34.59508963,35.27019858,35.57793103,36.1298786,36.49976284,36.81540705,37.30762079,37.62788361,38.24124333,38.91007747,39.43386601,39.95801939,40.71080219,41.4657339,42.18175184,43.00069679,43.63723784,42.07838815,42.21039913,42.24053902,42.48688286,43.03558848,43.35705435
East Asia & Pacific,EAS,Employment in services (% of total employment) (modeled ILO estimate),SL.SRV.EMPL.ZS,,,,,,,,,,,,,,,,,,,,,,,,,,,,,,,,25.90279637,26.5972898,27.77581445,29.13963322,30.57716879,31.53810215,32.06319551,32.47393337,32.69816933,31.7176261,33.47292187,34.15433711,34.61894395,35.89088362,36.45368903,37.29769466,37.61634986,38.2629998,39.0228471,39.50458906,40.33209591,40.69945042,42.44689335,43.99482802,45.3830004,46.06928309,46.52834336,47.08859989,47.75869239,48.26871639,48.55474032,48.2858144,49.07367249,49.51374728,49.88044562
Europe & Central Asia (excluding high income),ECA,Employment in services (% of total employment) (modeled ILO estimate),SL.SRV.EMPL.ZS,,,,,,,,,,,,,,,,,,,,,,,,,,,,,,,,41.49263147,41.77176359,42.86049031,42.63204444,42.84024702,43.33624275,43.91518251,44.16542747,44.57307068,45.3177474,45.59368007,46.41012605,47.02582956,48.05607234,48.8099279,49.38403441,49.79249899,50.01486107,51.04782281,50.82779803,50.75502653,51.26827905,51.7615351,52.09047135,53.12995543,53.79350536,54.18824767,54.71265026,55.45251567,55.25448059,55.24945629,54.67428697,55.48251101,55.8325604,56.13940016
Europe & Central Asia,ECS,Employment in services (% of total employment) (modeled ILO estimate),SL.SRV.EMPL.ZS,,,,,,,,,,,,,,,,,,,,,,,,,,,,,,,,51.66431048,52.10671828,52.92998864,53.71047101,54.58798763,55.55066304,57.0352186,57.53132294,57.55974149,58.18434931,58.8512104,59.59840595,60.2421608,61.17257649,61.68357863,62.12012998,62.55128288,63.2209793,64.46757467,64.69115447,64.98158829,65.23050788,65.67602078,65.98330902,66.46249637,66.81845488,67.08602597,67.35713311,67.63879137,67.78846191,67.88041764,68.55305146,69.10956727,69.37317345,69.67551644
Ecuador,ECU,Employment in services (% of total employment) (modeled ILO estimate),SL.SRV.EMPL.ZS,,,,,,,,,,,,,,,,,,,,,,,,,,,,,,,,50.0941468,52.44697684,50.40581395,52.8529985,55.39503874,54.66156245,53.52672183,53.42773809,51.73048071,49.30802957,49.81932035,50.46339672,50.98720642,50.98554944,51.4430831,51.75561229,52.87375309,53.27944389,52.65652348,53.6098234,54.11714472,54.6902189,54.48691925,55.02062566,54.41128308,54.65026274,53.96237602,52.86888814,53.20331136,52.32393458,50.98421461,51.12826879,52.53548963,50.76697988,50.92829646
"Egypt, Arab Rep.",EGY,Employment in services (% of total employment) (modeled ILO estimate),SL.SRV.EMPL.ZS,,,,,,,,,,,,,,,,,,,,,,,,,,,,,,,,38.38191633,38.78144703,41.56589203,41.87334994,42.63668244,43.63251357,44.83110878,46.45845322,47.24395492,47.60898119,48.714321,50.42880981,48.91893759,46.76247058,46.11868851,45.24458815,44.67816097,45.01672626,45.89526764,45.90923332,46.7731615,47.66952192,47.51219242,47.62058297,48.70606991,48.92353265,48.38101363,51.45943438,50.23641177,51.12442789,52.35574413,52.4233639,52.51259191,52.81055462,53.1180498
Euro area,EMU,Employment in services (% of total employment) (modeled ILO estimate),SL.SRV.EMPL.ZS,,,,,,,,,,,,,,,,,,,,,,,,,,,,,,,,59.44801702,60.19734447,61.06196577,61.89011377,62.39597879,63.15686539,63.53893521,63.71031086,64.34801703,64.85253613,65.24638789,65.7710357,66.48118991,67.0497959,67.61147173,67.82783625,68.14993879,69.38575824,70.48289861,71.04275229,71.79417226,72.06280353,72.64157239,72.95036161,73.10937051,73.38077622,73.41818486,73.57293756,73.65469398,73.73442719,73.74635974,74.0038423,74.38237335,74.56116192,74.89707381
Eritrea,ERI,Employment in services (% of total employment) (modeled ILO estimate),SL.SRV.EMPL.ZS,,,,,,,,,,,,,,,,,,,,,,,,,,,,,,,,27.76551368,27.30971807,29.15515861,31.1811887,30.96374883,31.77161414,32.9700506,32.81371667,32.80884017,32.60866087,33.37642286,33.67023584,32.52310814,32.15646549,31.39054376,30.96408158,30.99507824,29.47248758,30.03569898,29.62391584,30.84029261,31.12524645,29.35095758,32.03326531,29.7974304,30.90150746,29.27291928,31.0590099,31.537272,30.43759884,30.0942257,30.62620033,31.03924142,31.34274919,31.78228987
Spain,ESP,Employment in services (% of total employment) (modeled ILO estimate),SL.SRV.EMPL.ZS,,,,,,,,,,,,,,,,,,,,,,,,,,,,,,,,57.34085287,58.57508381,59.22620911,60.25039412,60.80878019,62.17336571,62.04330538,61.79139354,62.11448931,62.48389843,61.98556202,62.95707662,63.58097354,64.30881438,65.13018414,65.85140092,66.5261874,68.4673754,71.46939861,72.70669527,74.72537357,75.11875286,75.54747291,76.54189601,75.70609068,76.12813,75.65170577,75.66013913,75.42229254,75.28675237,75.25282466,75.52473614,76.47542074,76.43507492,76.7741667
Estonia,EST,Employment in services (% of total employment) (modeled ILO estimate),SL.SRV.EMPL.ZS,,,,,,,,,,,,,,,,,,,,,,,,,,,,,,,,43.67393849,45.7847851,50.62821957,53.24812267,55.45873035,56.52850718,56.8712041,57.74817428,59.78505026,58.64545659,59.90199158,63.60271532,63.06489693,60.98391491,60.73259198,61.39496502,60.0956177,60.83110315,64.50368286,65.46546811,63.15325866,64.40328148,65.46442743,65.99352054,64.70200521,65.88402383,66.20056127,66.41066763,67.28418786,67.20311064,68.29524695,68.78536822,70.03355838,70.47874524,71.04577268
Ethiopia,ETH,Employment in services (% of total employment) (modeled ILO estimate),SL.SRV.EMPL.ZS,,,,,,,,,,,,,,,,,,,,,,,,,,,,,,,,16.19350415,15.35776222,16.05574622,16.24918263,16.4804912,17.2329775,17.21660851,16.78361236,17.11462552,16.77006154,16.55563038,15.79577454,14.62423867,14.85350651,14.51727033,15.15840336,15.89395618,16.563009,17.11622615,18.22587217,19.18617555,19.67358536,20.5578351,22.29943564,24.16628923,25.94008782,27.88786461,29.48721819,31.29938933,29.74617909,30.22669563,30.70880483,31.46400064,32.57557976,33.4085851
European Union,EUU,Employment in services (% of total employment) (modeled ILO estimate),SL.SRV.EMPL.ZS,,,,,,,,,,,,,,,,,,,,,,,,,,,,,,,,56.05203384,56.75485756,57.56894394,58.34629739,58.97381683,59.73108512,60.17551242,60.43992454,61.19822544,61.85880237,62.40898139,63.15360531,63.83881452,64.48970129,65.03455398,65.37112707,65.65035367,66.59821122,67.8257868,68.39186481,69.03605387,69.30704272,69.85630939,70.12450848,70.40927368,70.6636139,70.68989911,70.88078942,71.04321797,71.13329454,71.34571006,71.64481521,72.07565113,72.48903271,72.85928886
Fragile and conflict affected situations,FCS,Employment in services (% of total employment) (modeled ILO estimate),SL.SRV.EMPL.ZS,,,,,,,,,,,,,,,,,,,,,,,,,,,,,,,,32.95307699,32.7045781,32.74000074,32.6102329,32.58370608,33.00838429,33.29043983,33.33980197,33.45453754,33.52477408,33.73814838,33.81785469,33.98557627,34.4094582,34.78287034,35.17424793,35.54268728,35.93031928,36.31715862,36.88557283,37.37753667,37.6962236,38.09325977,38.76292287,39.49386534,40.04277705,40.4702228,40.97471136,41.49129328,40.10293255,40.10121821,39.62520766,39.89943043,40.31621911,40.70219762
Finland,FIN,Employment in services (% of total employment) (modeled ILO estimate),SL.SRV.EMPL.ZS,,,,,,,,,,,,,,,,,,,,,,,,,,,,,,,,62.33937403,63.49130262,64.37957551,64.91658814,64.64504099,65.02041689,64.80266411,64.63004096,65.88950324,65.83959741,67.08425412,67.32581776,68.02582679,68.92125935,69.19097995,69.48715845,69.23894829,70.47043063,72.02599976,71.38777566,72.46669656,73.23864477,73.59403609,72.910908,74.5357148,73.81033239,74.41170063,74.59129214,74.64968173,75.16118609,74.1751965,75.20161071,75.01613501,75.45725364,75.66655462
Fiji,FJI,Employment in services (% of total employment) (modeled ILO estimate),SL.SRV.EMPL.ZS,,,,,,,,,,,,,,,,,,,,,,,,,,,,,,,,45.65182452,46.03077502,46.30229342,46.55268314,46.81710164,47.12784516,45.27470729,47.48156179,48.11838463,48.53981715,49.00479391,49.48896125,49.91618147,50.42205776,50.90182389,50.62317695,50.06371263,49.49190384,48.91381727,48.32579887,47.90488633,47.46007013,47.01458049,46.43815538,47.44550465,48.25789044,48.91422139,49.52751295,49.92384792,49.07529094,49.18784513,50.00445501,50.65277384,51.28284145,51.71078989
France,FRA,Employment in services (% of total employment) (modeled ILO estimate),SL.SRV.EMPL.ZS,,,,,,,,,,,,,,,,,,,,,,,,,,,,,,,,66.17171438,66.63778513,67.17730479,68.06559811,68.2601896,68.75979685,68.8849652,69.36502263,69.56097516,69.68638186,69.97442821,70.56685797,71.70875825,71.94468645,72.35879501,72.20830773,73.04272386,73.97395719,74.36854501,74.80502501,74.88473645,75.28679939,75.61998288,76.62147912,76.87903089,76.83429006,76.98330826,77.27067756,77.09270234,77.68517327,77.97035266,78.13257049,78.24873674,78.0650151,78.32666126
Faroe Islands,FRO,Employment in services (% of total employment) (modeled ILO estimate),SL.SRV.EMPL.ZS,,,,,,,,,,,,,,,,,,,,,,,,,,,,,,,,,,,,,,,,,,,,,,,,,,,,,,,,,,,,,,,,,,
"Micronesia, Fed. Sts.",FSM,Employment in services (% of total employment) (modeled ILO estimate),SL.SRV.EMPL.ZS,,,,,,,,,,,,,,,,,,,,,,,,,,,,,,,,,,,,,,,,,,,,,,,,,,,,,,,,,,,,,,,,,,
Gabon,GAB,Employment in services (% of total employment) (modeled ILO estimate),SL.SRV.EMPL.ZS,,,,,,,,,,,,,,,,,,,,,,,,,,,,,,,,46.89397218,46.67069127,46.93750766,47.55710571,48.4889633,49.22120249,50.0001821,50.56289926,49.77103182,49.61320562,49.77255681,49.68326046,49.77668212,49.808428,50.01567424,49.73101025,50.24025375,50.04207209,50.05741657,50.89082998,51.6761449,52.27160574,52.87423963,53.29165484,53.5988636,53.73249827,53.71013867,53.69000137,53.7329018,52.97899498,52.95075997,52.69555883,52.40571468,52.16172278,52.28243163
United Kingdom,GBR,Employment in services (% of total employment) (modeled ILO estimate),SL.SRV.EMPL.ZS,,,,,,,,,,,,,,,,,,,,,,,,,,,,,,,,66.81364517,67.84230365,68.25739525,69.82275487,70.20852681,70.3287284,70.99149884,71.33459827,72.36619716,73.02589742,73.70314718,74.43553928,75.15197906,76.15750906,76.45510397,76.61523881,76.47270843,77.17351999,79.31243737,79.5975909,79.63292663,79.77337556,80.08738981,79.79715015,80.21280062,80.39999668,80.63210777,80.84838992,80.69000248,81.83085925,82.18090819,82.54528631,83.20622192,83.00279629,83.23463435
Georgia,GEO,Employment in services (% of total employment) (modeled ILO estimate),SL.SRV.EMPL.ZS,,,,,,,,,,,,,,,,,,,,,,,,,,,,,,,,40.10439869,39.79690571,39.5720211,39.6874075,39.9898508,40.64968034,41.26544896,41.76954154,39.0134523,38.69488632,38.63500953,38.73636342,37.55949171,37.96320933,37.1497284,36.5695464,37.19810957,37.78598102,38.22967454,39.09153383,38.27363826,39.82582901,39.59604599,40.5939075,42.64777162,42.06503755,41.51548756,44.54244521,45.43259161,45.52916364,46.39691521,48.09983465,48.26335266,48.88069638,49.47682533
Ghana,GHA,Employment in services (% of total employment) (modeled ILO estimate),SL.SRV.EMPL.ZS,,,,,,,,,,,,,,,,,,,,,,,,,,,,,,,,19.24955926,19.64173063,19.86706803,20.22978262,20.66017078,21.02302917,21.57342841,21.97734034,22.38986504,22.81093766,23.19272147,23.59002228,23.97447507,24.36259582,24.85658115,25.28831267,27.80018383,30.37070663,33.08932714,35.99615426,36.77661639,37.49474161,38.24179481,38.69405956,39.22271789,39.84790765,40.47790097,43.33044437,46.26260069,47.3757103,49.65079874,45.97174845,46.35739769,46.9338793,47.17081857
Gibraltar,GIB,Employment in services (% of total employment) (modeled ILO estimate),SL.SRV.EMPL.ZS,,,,,,,,,,,,,,,,,,,,,,,,,,,,,,,,,,,,,,,,,,,,,,,,,,,,,,,,,,,,,,,,,,
Guinea,GIN,Employment in services (% of total employment) (modeled ILO estimate),SL.SRV.EMPL.ZS,,,,,,,,,,,,,,,,,,,,,,,,,,,,,,,,21.92782914,22.15565389,22.30012124,22.29669566,22.35554826,22.50816074,22.78592437,23.0505744,23.19874259,23.37671324,23.72947621,24.10203232,25.1469555,25.66953351,26.37191892,26.86515542,28.01710611,28.80714823,29.19074202,30.10145591,31.30784866,32.30918846,33.33737652,34.19532521,34.72605918,35.75708448,36.59266073,37.24023532,37.55974459,36.209913,36.16737156,36.63057975,37.01716938,37.72811507,38.49012313
"Gambia, The",GMB,Employment in services (% of total employment) (modeled ILO estimate),SL.SRV.EMPL.ZS,,,,,,,,,,,,,,,,,,,,,,,,,,,,,,,,51.31873044,51.44074306,51.51123833,51.19163636,50.99106287,51.21374637,51.43355458,51.67649764,51.90059593,52.25314749,52.60367507,52.22048506,52.55561077,52.95689451,52.61191746,52.7173711,52.98530415,53.23591394,53.71776871,54.13953929,53.34387139,53.5536628,53.54307022,52.98465473,52.95610215,52.67454091,53.03091453,53.64926456,54.11096801,52.62444635,52.00829963,52.33249482,52.33669176,53.00045859,53.6436689
Guinea-Bissau,GNB,Employment in services (% of total employment) (modeled ILO estimate),SL.SRV.EMPL.ZS,,,,,,,,,,,,,,,,,,,,,,,,,,,,,,,,24.44416053,24.3743673,24.18903343,24.22193177,24.40756483,25.04323034,25.82280585,24.65918353,25.53024904,25.65911852,26.00665991,26.02097006,25.92334034,25.94446856,26.29328397,26.45228681,26.53410276,26.6182876,26.80663208,27.06157332,27.54523892,27.1807194,27.37508667,27.44070907,27.5812668,27.95536675,28.12644913,28.28489425,26.43890554,25.62236781,26.34330933,27.7274781,28.1377661,28.61520459,29.21446143
Equatorial Guinea,GNQ,Employment in services (% of total employment) (modeled ILO estimate),SL.SRV.EMPL.ZS,,,,,,,,,,,,,,,,,,,,,,,,,,,,,,,,27.02727842,27.27109311,27.4388162,27.8377277,28.06794968,28.3676056,29.92525028,30.35774021,30.9096333,31.56306657,32.7297034,33.10392581,33.25198314,34.12189552,34.4631068,34.4381186,34.76894387,35.05251442,34.69324501,33.57256977,33.39664706,33.45727683,33.3781006,33.51245302,33.44154686,33.25543614,32.90475413,33.98122185,33.89980057,33.72206323,34.15962294,34.34961189,34.44581585,34.75405385,34.74790748
Greece,GRC,Employment in services (% of total employment) (modeled ILO estimate),SL.SRV.EMPL.ZS,,,,,,,,,,,,,,,,,,,,,,,,,,,,,,,,54.33284861,54.90788029,55.55172394,56.27792361,57.13880956,56.8663028,57.63785501,58.85477815,59.34465027,60.05294009,61.22129486,62.13834865,62.66873327,65.65136722,65.79697891,66.45890418,66.43225607,66.97357224,67.59113098,68.37657484,70.40771348,70.97188031,71.1755478,71.81388026,72.44967751,72.70802893,72.80891075,72.74338343,73.53043177,74.69342503,73.36144298,73.28519705,72.57139453,72.65667678,73.00702376
Grenada,GRD,Employment in services (% of total employment) (modeled ILO estimate),SL.SRV.EMPL.ZS,,,,,,,,,,,,,,,,,,,,,,,,,,,,,,,,,,,,,,,,,,,,,,,,,,,,,,,,,,,,,,,,,,
Greenland,GRL,Employment in services (% of total employment) (modeled ILO estimate),SL.SRV.EMPL.ZS,,,,,,,,,,,,,,,,,,,,,,,,,,,,,,,,,,,,,,,,,,,,,,,,,,,,,,,,,,,,,,,,,,
Guatemala,GTM,Employment in services (% of total employment) (modeled ILO estimate),SL.SRV.EMPL.ZS,,,,,,,,,,,,,,,,,,,,,,,,,,,,,,,,41.76781534,41.96200662,42.17362641,42.39460438,42.61914985,42.79593359,43.00422722,43.23547325,42.50739441,41.74845852,42.04634273,42.32322409,42.65210911,42.94821444,43.12342922,43.28073194,43.59787309,43.93807723,44.17702324,44.49146339,42.69054556,48.37761014,48.6840149,49.00791409,49.22965845,49.60961084,49.21767159,47.98361003,49.86053566,49.05296682,48.75846813,50.84579573,47.67717122,48.01956536,48.23452516
Guam,GUM,Employment in services (% of total employment) (modeled ILO estimate),SL.SRV.EMPL.ZS,,,,,,,,,,,,,,,,,,,,,,,,,,,,,,,,72.4554308,72.69609197,72.93143688,73.07314313,73.29617882,73.52206741,73.72301917,73.96732518,74.20678379,74.37189851,74.65133693,74.92388861,75.15765485,75.27240586,75.44811285,75.78976796,76.0006399,76.18289213,76.47586444,76.65924145,76.90666992,77.11210063,77.33594573,77.52973442,77.74845093,77.97853534,78.18850099,78.40976103,78.56214322,78.95683184,78.69599741,78.73922713,78.86519159,79.03688133,79.18329668
Guyana,GUY,Employment in services (% of total employment) (modeled ILO estimate),SL.SRV.EMPL.ZS,,,,,,,,,,,,,,,,,,,,,,,,,,,,,,,,41.7080669,42.78095542,43.59865678,44.61820403,45.29906416,46.41898225,47.41065936,47.76462443,48.72918137,49.48440109,50.29872563,51.02564103,51.41060286,51.88742316,51.63770729,52.51290747,53.44655384,53.61639395,54.33416763,55.04891525,56.01829401,56.73623318,57.34264091,57.67285453,57.89449078,58.33061624,58.74429753,59.14503976,60.27609381,59.89180929,60.58641632,59.39339707,58.51157964,56.98830011,56.69203729
High income,HIC,Employment in services (% of total employment) (modeled ILO estimate),SL.SRV.EMPL.ZS,,,,,,,,,,,,,,,,,,,,,,,,,,,,,,,,59.98055472,60.58009421,61.45634714,62.28830165,63.00637377,63.76052359,64.82823637,65.49080696,65.69521608,66.06187451,66.75164823,67.34857221,67.78942854,68.41346066,68.819871,69.05941424,69.37987748,69.97698041,71.14307529,71.49494093,71.78933183,71.97140263,72.22776628,72.39084048,72.62455304,72.85544507,73.02132267,73.14704665,73.37132941,73.618675,73.90943784,74.16578349,74.3276234,74.64876121,74.91469615
"Hong Kong SAR, China",HKG,Employment in services (% of total employment) (modeled ILO estimate),SL.SRV.EMPL.ZS,,,,,,,,,,,,,,,,,,,,,,,,,,,,,,,,63.71918807,65.67233498,69.07613316,71.06370801,71.97614889,73.43871349,74.84368812,76.45888983,77.93973424,78.70370543,79.83575418,80.78536876,82.03151019,83.52769979,84.01570146,84.37724202,84.98489879,85.62071003,85.85695363,85.98055574,85.97226276,85.9125121,85.81045016,85.78445088,86.09078471,85.66476971,85.73363383,85.84068547,86.10848193,86.34559671,86.15509861,85.80148931,85.78231464,85.69792646,85.80325907
Honduras,HND,Employment in services (% of total employment) (modeled ILO estimate),SL.SRV.EMPL.ZS,,,,,,,,,,,,,,,,,,,,,,,,,,,,,,,,47.07691386,47.97967329,46.33480412,44.51682292,44.28581605,45.26858727,46.87311839,48.1869855,48.77011457,47.72581175,46.76409019,45.21324277,47.15527034,48.56307951,48.90951762,47.98209157,49.35738233,49.7088184,49.8516836,50.69722362,51.10575242,49.26784826,52.67418385,54.72649561,55.22375142,56.65603887,53.4011009,53.86742415,53.79693593,52.86818225,52.34535698,54.39708584,55.23072975,55.58873273,55.93988457
Heavily indebted poor countries (HIPC),HPC,Employment in services (% of total employment) (modeled ILO estimate),SL.SRV.EMPL.ZS,,,,,,,,,,,,,,,,,,,,,,,,,,,,,,,,22.90737984,22.46033252,22.54205931,22.48527617,22.55927826,22.9119086,22.99760486,23.13798763,23.32864499,23.4167466,23.39926515,23.52552102,23.7543473,24.06556741,24.29675505,24.76782313,25.34432784,26.00244613,26.588969,27.6824699,28.21307092,28.87626982,29.02378366,29.69097634,30.32399943,30.9168136,31.59663694,32.55680091,33.75809703,32.0223789,31.76356803,32.02036118,32.05277735,32.68636249,33.12377937
Croatia,HRV,Employment in services (% of total employment) (modeled ILO estimate),SL.SRV.EMPL.ZS,,,,,,,,,,,,,,,,,,,,,,,,,,,,,,,,47.60086996,48.59492505,49.2654196,49.92335553,50.61032904,51.05390576,52.68972023,53.18908058,53.91616473,54.29135356,54.29982764,54.62601943,52.88307599,53.39465931,54.07164642,56.40852346,57.00294856,56.32950408,57.66682505,58.29395765,57.46035717,60.60751092,62.32439773,63.75270419,64.22694027,65.84940364,66.91476288,66.53581851,66.28161074,65.69818092,64.75335053,66.45279504,67.89721884,68.8520964,69.31060581
Haiti,HTI,Employment in services (% of total employment) (modeled ILO estimate),SL.SRV.EMPL.ZS,,,,,,,,,,,,,,,,,,,,,,,,,,,,,,,,34.89578443,35.02308448,35.23666017,35.0967684,35.8730623,36.36912789,36.9734154,37.26876282,37.66234957,38.18705419,38.50978559,38.94172276,39.16013431,39.49663559,39.79308462,40.06917425,40.50924881,40.88615,41.44187415,41.64564682,42.11013667,42.46870006,43.07491174,43.48887277,43.96772153,44.42648441,44.85702907,45.23453579,45.52713064,44.19376104,43.9234063,43.93060891,44.21239853,44.38271061,44.58504242
Hungary,HUN,Employment in services (% of total employment) (modeled ILO estimate),SL.SRV.EMPL.ZS,,,,,,,,,,,,,,,,,,,,,,,,,,,,,,,,52.72863091,53.68954842,56.93270088,58.08315549,59.26219913,58.45479837,58.86370227,57.78195016,58.66985924,59.793988,59.44422514,59.81135513,61.31292494,61.90112438,62.75805022,63.01766448,63.02600436,63.46191219,64.23404276,64.75547164,64.2752312,65.14444793,65.32757056,64.82163561,64.77070395,64.52214824,63.43999527,62.62630139,63.12946471,63.36201229,64.23417259,64.36280154,64.54027342,64.9441934,65.35166024
IBRD only,IBD,Employment in services (% of total employment) (modeled ILO estimate),SL.SRV.EMPL.ZS,,,,,,,,,,,,,,,,,,,,,,,,,,,,,,,,29.17419576,29.65076507,30.56525588,31.53617553,32.59277618,33.3196958,33.91308787,34.33253761,34.44234586,33.97354721,35.21446274,35.76993635,36.24972018,37.18398366,37.69350413,38.43376993,38.79047239,39.28939384,39.9791078,40.34135914,41.12412127,41.61880925,42.85582996,44.00734794,45.11392731,45.72822366,46.21383718,46.81519685,47.40050346,46.77824755,46.91305299,46.63121368,47.2395553,47.65845957,47.96262033
IDA & IBRD total,IBT,Employment in services (% of total employment) (modeled ILO estimate),SL.SRV.EMPL.ZS,,,,,,,,,,,,,,,,,,,,,,,,,,,,,,,,28.71232093,29.10585412,29.91712955,30.71405638,31.6553395,32.34643831,32.88619559,33.20026888,33.30469578,32.89175716,33.97497388,34.51161331,35.00374046,35.82547594,36.3044044,36.94972954,37.30821822,37.77777837,38.39985463,38.81578447,39.48590522,39.96759279,40.95818424,41.96956976,42.93237363,43.48725824,44.02855549,44.65694731,45.23071217,44.41491024,44.52402334,44.36964126,44.87539457,45.30983194,45.60029338
IDA total,IDA,Employment in services (% of total employment) (modeled ILO estimate),SL.SRV.EMPL.ZS,,,,,,,,,,,,,,,,,,,,,,,,,,,,,,,,26.51879337,26.55047748,26.92698615,26.98716374,27.46650022,28.06150193,28.42375934,28.3429476,28.47370467,28.34303139,28.82853245,29.35699136,29.9559772,30.36772849,30.77321959,31.10777013,31.53906925,31.97876373,32.46346479,33.17613311,33.51289148,33.97844827,34.20663749,34.7772549,35.31267874,35.77309761,36.60440379,37.41822006,38.046842,36.86858601,36.8502445,37.29523603,37.4313878,37.95908898,38.33974603
IDA blend,IDB,Employment in services (% of total employment) (modeled ILO estimate),SL.SRV.EMPL.ZS,,,,,,,,,,,,,,,,,,,,,,,,,,,,,,,,35.3451962,35.2792744,35.85706183,35.63638254,36.39831712,36.56660525,37.41830473,37.32343131,37.51543208,37.01811756,37.20290166,37.30941094,37.52523895,37.74625566,38.08177935,38.18495776,38.34113626,38.59817084,39.17606823,39.47370045,39.69374477,40.13799075,40.42480626,40.78508335,41.09989645,41.04593007,41.94387011,42.88875196,43.16454811,42.27231228,42.61958275,43.3693816,43.79323765,44.24136969,44.61596532
Indonesia,IDN,Employment in services (% of total employment) (modeled ILO estimate),SL.SRV.EMPL.ZS,,,,,,,,,,,,,,,,,,,,,,,,,,,,,,,,37.9516609,38.18758953,38.47404277,38.68716472,38.79409504,38.52062361,38.34750246,38.37196577,38.33843863,38.35299806,38.61223877,38.02658078,36.98399854,39.78865836,38.36483509,40.50382426,41.10922156,41.21052518,42.00056345,42.97207521,43.59031683,43.78250253,44.2424704,44.49702308,45.10109641,46.63394242,47.35576473,48.16876227,49.1356329,49.05684635,49.25136934,48.84716855,49.26921494,49.75375267,50.16987457
IDA only,IDX,Employment in services (% of total employment) (modeled ILO estimate),SL.SRV.EMPL.ZS,,,,,,,,,,,,,,,,,,,,,,,,,,,,,,,,21.91150233,21.97430549,22.26197461,22.46806946,22.82007963,23.61292663,23.6786711,23.61249391,23.68836593,23.72607042,24.34778249,25.08330647,25.87383357,26.37033915,26.81562398,27.27359198,27.82780617,28.34474906,28.75176942,29.68421527,30.08991539,30.55293029,30.74373882,31.40303728,32.04095769,32.78260559,33.6156576,34.38887443,35.21767464,33.89524444,33.62152331,33.87459506,33.73100081,34.25783874,34.64044269
Isle of Man,IMN,Employment in services (% of total employment) (modeled ILO estimate),SL.SRV.EMPL.ZS,,,,,,,,,,,,,,,,,,,,,,,,,,,,,,,,,,,,,,,,,,,,,,,,,,,,,,,,,,,,,,,,,,
India,IND,Employment in services (% of total employment) (modeled ILO estimate),SL.SRV.EMPL.ZS,,,,,,,,,,,,,,,,,,,,,,,,,,,,,,,,22.28673631,22.43885447,22.57667581,22.77740935,23.02508852,23.21536009,23.36876626,23.55713304,23.81254104,24.05133016,24.35635602,24.73541692,25.14153537,25.58206319,25.97831492,26.20309067,26.30920926,26.36936385,26.49202312,26.56603513,27.37731953,28.21981508,29.00344397,29.84927368,30.77223582,31.60566337,32.46716514,33.3391273,34.09707397,31.62085727,31.45032711,31.01866669,31.45720728,32.27430974,32.5575625
Not classified,INX,Employment in services (% of total employment) (modeled ILO estimate),SL.SRV.EMPL.ZS,,,,,,,,,,,,,,,,,,,,,,,,,,,,,,,,,,,,,,,,,,,,,,,,,,,,,,,,,,,,,,,,,,
Ireland,IRL,Employment in services (% of total employment) (modeled ILO estimate),SL.SRV.EMPL.ZS,,,,,,,,,,,,,,,,,,,,,,,,,,,,,,,,58.61182403,59.13719068,59.72147051,59.5831083,60.20838573,61.43331306,60.53746063,62.22237294,63.05406841,63.58618325,63.96473934,65.34471505,65.76294931,66.03095026,66.28960334,66.70428027,68.79000921,71.42689131,74.55664529,76.16515165,76.82423757,77.23163226,76.99291883,77.25722364,76.56415025,76.17218739,76.11336327,76.42110574,76.80182359,76.69739216,76.06307744,76.77619576,78.09084058,77.59476387,77.93282396
"Iran, Islamic Rep.",IRN,Employment in services (% of total employment) (modeled ILO estimate),SL.SRV.EMPL.ZS,,,,,,,,,,,,,,,,,,,,,,,,,,,,,,,,40.50046342,40.71918594,41.05750691,41.26321285,41.51394514,41.61264183,41.95065414,42.31517665,42.52664258,42.82016714,43.00190257,43.26571061,43.62090896,44.01933133,44.42282045,44.7779721,44.73675069,45.05657335,46.57401357,47.03226545,49.03397587,47.39106677,47.86739221,48.6895107,49.7102428,50.66804828,50.71192934,50.99209063,50.84596903,49.80441764,50.42379694,50.50167735,50.92356429,51.28545237,51.67414701
Iraq,IRQ,Employment in services (% of total employment) (modeled ILO estimate),SL.SRV.EMPL.ZS,,,,,,,,,,,,,,,,,,,,,,,,,,,,,,,,58.53862858,58.8678681,59.21093625,59.47150106,59.91463345,60.2395855,60.59827777,60.86086595,60.66970763,60.50321877,61.09880099,61.66864931,62.38364955,63.09275388,63.30200844,63.59987502,64.27805415,64.37485793,64.8807836,64.78795814,64.7402592,64.34910394,64.30254519,64.48250745,64.74358109,64.61737248,64.76526537,64.92644947,65.12698414,65.05855997,64.84040479,64.52100975,65.01811726,65.05946028,65.29547447
Iceland,ISL,Employment in services (% of total employment) (modeled ILO estimate),SL.SRV.EMPL.ZS,,,,,,,,,,,,,,,,,,,,,,,,,,,,,,,,63.91844875,64.8649827,65.6919594,65.07321151,65.4864999,66.51242268,66.23906187,64.71909374,67.94104477,69.18426803,69.37829105,70.08399689,71.36033004,70.32213721,71.77782594,72.13823379,73.18414667,73.39270281,75.66481686,75.97150968,75.95661655,76.22682722,76.91906779,77.03312173,77.92433522,78.64504148,78.76034258,79.17720108,78.4906243,78.01066834,76.99584602,77.95196648,77.97532244,77.88548511,78.14946439
Israel,ISR,Employment in services (% of total employment) (modeled ILO estimate),SL.SRV.EMPL.ZS,,,,,,,,,,,,,,,,,,,,,,,,,,,,,,,,71.43628491,71.55500127,71.10246185,71.62432577,71.88699671,72.47459269,73.3688439,75.03213807,76.05407142,76.88492616,77.71273576,78.45142777,78.64073775,78.70653247,79.23041664,79.54747587,79.34160607,79.37443018,80.68473824,80.83806362,81.16912923,81.4010038,81.02211651,81.20678546,81.40471973,81.48372663,81.61546925,81.97823745,82.68199039,83.29309442,83.25265816,83.50374743,83.7639192,83.9434795,84.09352457
Italy,ITA,Employment in services (% of total employment) (modeled ILO estimate),SL.SRV.EMPL.ZS,,,,,,,,,,,,,,,,,,,,,,,,,,,,,,,,56.75868574,57.40738325,58.81021474,59.34436906,59.75534128,60.52017323,61.49143265,61.5048766,62.20229343,62.97853842,63.05168867,63.47568431,63.5253959,65.02552084,65.11748379,65.67686961,65.9017763,66.50030667,67.07048023,67.62272596,68.03068599,68.72518935,69.35167582,69.45553669,69.64832968,69.99321952,70.21440012,70.16984196,70.23475053,69.5666378,69.31036089,69.34157357,69.76812319,69.89047797,70.2267617
Jamaica,JAM,Employment in services (% of total employment) (modeled ILO estimate),SL.SRV.EMPL.ZS,,,,,,,,,,,,,,,,,,,,,,,,,,,,,,,,50.61307115,50.99545863,53.70474948,54.62919237,54.21251082,54.73505966,57.97052026,58.53683375,59.19583536,60.13674329,60.03882843,60.65302551,60.25921139,61.50258763,62.33372255,62.22030284,62.55455399,63.08034369,63.06045433,63.72199652,66.28652493,66.40099698,66.53029046,66.5859905,67.32232235,67.57051376,67.51416504,67.61502211,68.58138629,68.27923738,67.1673065,67.69709863,68.2061044,68.6194013,68.92863531
Jordan,JOR,Employment in services (% of total employment) (modeled ILO estimate),SL.SRV.EMPL.ZS,,,,,,,,,,,,,,,,,,,,,,,,,,,,,,,,73.6408762,73.59369287,73.66856014,73.76997838,73.95332764,74.24997293,74.48996824,74.68519277,74.82773796,74.91858606,74.93438955,74.84063691,72.723803,70.07385232,70.41988797,70.89362788,71.23883827,71.51232979,71.95591591,72.48446004,73.06522672,73.5508893,74.09040872,74.72360494,75.4090602,76.0157641,76.47567041,76.6016382,78.20545856,79.12089965,78.30754399,78.37303047,80.35221034,80.52570873,80.75713593
Japan,JPN,Employment in services (% of total employment) (modeled ILO estimate),SL.SRV.EMPL.ZS,,,,,,,,,,,,,,,,,,,,,,,,,,,,,,,,59.52495522,59.68344926,60.49432544,60.92625538,61.53627833,61.97632527,62.29470932,63.40075042,63.8410196,64.11856564,65.12247881,66.21978313,66.30212009,67.23869602,67.8416072,67.88714665,68.12148939,68.65249045,69.33811514,70.05472941,70.41311934,70.62861613,70.92475549,71.06129329,71.31220639,71.74478891,71.82075708,72.03884442,72.39880756,72.81101704,73.13639473,73.28283153,73.28601584,73.77270641,73.95759337
Kazakhstan,KAZ,Employment in services (% of total employment) (modeled ILO estimate),SL.SRV.EMPL.ZS,,,,,,,,,,,,,,,,,,,,,,,,,,,,,,,,43.69737626,43.91379295,44.02049988,44.18211911,44.61199429,45.15846158,45.74137669,46.14936238,46.79800775,47.33285498,48.14920505,48.23891182,47.78463595,49.08936501,49.58940758,50.02364299,49.85441227,50.91624439,52.34456735,53.00157443,54.58225769,55.0780511,55.98090981,58.07982589,61.42550425,63.414484,64.78324571,65.77387584,66.48257618,66.84392266,67.27772294,67.79862442,68.16692693,68.50778773,68.79455763
Kenya,KEN,Employment in services (% of total employment) (modeled ILO estimate),SL.SRV.EMPL.ZS,,,,,,,,,,,,,,,,,,,,,,,,,,,,,,,,27.83755501,27.93479124,28.06165214,28.30266212,28.56243398,28.88159287,29.13539932,29.43844697,29.70078563,29.98574749,30.5533449,31.03232334,31.49652971,31.99088761,32.52843039,33.08760921,33.64227982,33.98370112,34.26270993,34.71738698,35.09306998,35.61944013,36.10261993,36.64241065,37.06095514,37.51660952,37.91493397,38.45613254,38.8931489,37.49376672,37.41659188,40.21820504,40.68477712,41.18257288,41.73310045
Kyrgyz Republic,KGZ,Employment in services (% of total employment) (modeled ILO estimate),SL.SRV.EMPL.ZS,,,,,,,,,,,,,,,,,,,,,,,,,,,,,,,,41.90691336,43.54014036,44.04167382,43.52794172,41.31557999,44.13001391,44.28653526,44.05462814,42.23504087,42.8681557,43.23462315,45.56655648,48.3327814,49.98265336,50.36423478,50.54596542,51.44096371,51.60565069,51.92400701,52.17365832,52.15981375,52.23080763,53.3042542,52.47001984,53.73283576,54.50490474,54.86805096,55.24480168,56.43834447,56.31490372,55.98269833,56.45125103,57.22716672,57.50347724,57.73107749
Cambodia,KHM,Employment in services (% of total employment) (modeled ILO estimate),SL.SRV.EMPL.ZS,,,,,,,,,,,,,,,,,,,,,,,,,,,,,,,,17.2715832,17.44404812,17.38810598,17.4151736,17.47023021,17.73769358,20.60625635,18.22816472,17.59583606,17.98764667,20.06524943,21.28958554,22.30328942,23.60209006,24.70145276,25.87620515,27.15266192,28.40513501,26.33794212,29.24105574,26.9805179,29.04266479,31.19466042,30.23586631,32.61020176,36.69632287,36.30272751,35.98391082,35.65876265,37.95497379,36.45402583,36.7654304,37.13235687,37.40150585,37.72149845
Kiribati,KIR,Employment in services (% of total employment) (modeled ILO estimate),SL.SRV.EMPL.ZS,,,,,,,,,,,,,,,,,,,,,,,,,,,,,,,,,,,,,,,,,,,,,,,,,,,,,,,,,,,,,,,,,,
St. Kitts and Nevis,KNA,Employment in services (% of total employment) (modeled ILO estimate),SL.SRV.EMPL.ZS,,,,,,,,,,,,,,,,,,,,,,,,,,,,,,,,,,,,,,,,,,,,,,,,,,,,,,,,,,,,,,,,,,
"Korea, Rep.",KOR,Employment in services (% of total employment) (modeled ILO estimate),SL.SRV.EMPL.ZS,,,,,,,,,,,,,,,,,,,,,,,,,,,,,,,,47.35988844,49.74621799,52.04392391,53.34875056,54.30490808,55.73584655,57.31612388,59.55263086,60.66411474,60.48026697,61.69277812,62.49943986,62.82276312,64.16365633,65.0994912,65.8984789,66.56750085,67.19839638,68.16931355,68.05509581,68.43287602,68.8844422,68.82600774,69.01227245,69.46535946,69.96065539,69.90745279,69.80146278,70.27891767,69.98256677,70.04912465,70.11092644,70.68425182,71.14410568,71.51336539
Kuwait,KWT,Employment in services (% of total employment) (modeled ILO estimate),SL.SRV.EMPL.ZS,,,,,,,,,,,,,,,,,,,,,,,,,,,,,,,,76.30424402,75.8351598,75.2780536,74.94808515,74.84989851,75.5595823,76.23993991,77.01525708,77.73100567,78.14740652,78.80297507,79.23840875,79.65478751,78.34722354,76.60283458,75.41964699,74.10276876,72.34540265,73.20048755,73.40903471,73.17582563,72.8808216,72.87871792,73.00576405,72.9090603,72.8095375,72.77764266,72.97797113,72.42942286,73.17224885,72.68664102,72.46792383,72.8453907,73.35230541,73.49671359
Latin America & Caribbean (excluding high income),LAC,Employment in services (% of total employment) (modeled ILO estimate),SL.SRV.EMPL.ZS,,,,,,,,,,,,,,,,,,,,,,,,,,,,,,,,54.65665366,54.8095074,55.32363345,55.97433408,56.68978636,57.32033831,57.31202678,58.19104664,58.17194662,58.5537444,58.9249396,58.93463578,59.47916273,59.5198876,59.7379713,60.42397435,60.90892698,61.30348745,61.97739554,62.33931321,62.66012547,62.93504914,63.20671663,63.39438128,63.73056788,64.19505919,64.41047511,64.59827136,65.15105314,64.25650125,64.23687561,64.97146544,65.62217419,65.95549386,66.18111137
Lao PDR,LAO,Employment in services (% of total employment) (modeled ILO estimate),SL.SRV.EMPL.ZS,,,,,,,,,,,,,,,,,,,,,,,,,,,,,,,,7.991656152,8.000425051,8.119144832,8.232221377,8.386735471,8.73218399,8.8841996,9.43012477,9.808437719,10.19238479,10.61841031,11.05991845,11.50513468,12.12312267,12.62462985,13.10833307,13.68954514,14.3573279,15.01225889,15.66640413,16.5103361,17.45364365,18.55215303,19.64636235,20.7592256,21.7731758,22.95590525,23.34234481,23.632686,23.06955167,23.04243222,23.25561998,23.36336342,23.6880438,23.98812354
Lebanon,LBN,Employment in services (% of total employment) (modeled ILO estimate),SL.SRV.EMPL.ZS,,,,,,,,,,,,,,,,,,,,,,,,,,,,,,,,67.94019934,67.61801464,67.61820962,67.86413802,68.09172989,68.56560284,69.21088617,69.47826896,70.0375153,70.45558408,70.76522085,71.09969825,71.37714614,71.54477485,71.86535062,72.22429871,72.23536711,72.29640784,72.23312772,72.5397988,72.72821241,72.90805921,73.20910049,73.73383735,74.19227029,74.40637531,74.74909828,75.21920088,75.90195587,75.68133143,75.41085168,76.8972652,76.36364637,,
Liberia,LBR,Employment in services (% of total employment) (modeled ILO estimate),SL.SRV.EMPL.ZS,,,,,,,,,,,,,,,,,,,,,,,,,,,,,,,,40.63131498,37.22412531,33.98913167,31.90877613,30.07121653,31.83524419,36.94678541,39.21212592,41.33188214,43.9465304,43.50584492,43.60503949,40.3334777,40.94199529,41.42148744,42.17030637,43.17661229,44.09067209,44.84611136,45.95906386,47.06731239,48.40790784,49.96022353,50.17168829,50.52165618,50.46861995,51.15595344,51.04469936,50.29317509,48.50950785,48.0941405,48.55078553,49.21301573,49.84543339,50.53115963
Libya,LBY,Employment in services (% of total employment) (modeled ILO estimate),SL.SRV.EMPL.ZS,,,,,,,,,,,,,,,,,,,,,,,,,,,,,,,,60.48328976,60.97839354,61.19041878,61.58919731,61.9890122,62.46529275,62.84582498,63.31519875,63.5965933,63.77267151,64.1505511,64.14515941,64.18341051,64.34541887,64.36347744,64.42202697,64.86943562,65.00371917,65.80689372,66.1890905,67.33705204,67.88114456,68.56553122,69.34020228,69.82692353,70.17520256,70.06673344,70.14627468,70.560292,70.85229956,70.74429877,71.08293168,71.11971341,71.39531538,71.37515904
St. Lucia,LCA,Employment in services (% of total employment) (modeled ILO estimate),SL.SRV.EMPL.ZS,,,,,,,,,,,,,,,,,,,,,,,,,,,,,,,,56.18385443,56.45428528,56.99060884,54.40509944,55.05546245,55.75566356,62.50829729,61.4970297,62.61180352,61.97448233,65.77883845,69.18457924,70.81499522,69.03813318,69.55851013,68.74294742,69.52107417,69.72916148,70.13779335,70.71890315,71.10980622,71.52560575,72.04326196,72.44312828,72.61843613,72.92701763,73.30961752,73.8242759,75.33905209,75.61545465,72.86556806,72.4658984,74.99774643,76.09808736,76.3163035
Latin America & Caribbean,LCN,Employment in services (% of total employment) (modeled ILO estimate),SL.SRV.EMPL.ZS,,,,,,,,,,,,,,,,,,,,,,,,,,,,,,,,55.15929569,55.3603328,55.91839873,56.56490286,57.26908034,57.89635444,57.97345441,58.83885877,58.94413488,59.28591996,59.69893326,59.77352576,60.27684605,60.33590231,60.58850824,61.20155196,61.63879446,62.02413337,62.65514607,63.02346155,63.37603844,63.67350648,63.93945491,64.14401118,64.46624921,64.94769011,65.10729119,65.29095704,65.8175453,64.94203785,64.90267569,65.61252493,66.23059831,66.5803713,66.81568378
Least developed countries: UN classification,LDC,Employment in services (% of total employment) (modeled ILO estimate),SL.SRV.EMPL.ZS,,,,,,,,,,,,,,,,,,,,,,,,,,,,,,,,21.33232105,21.27577647,21.50528833,21.74870129,22.25685644,22.92774178,23.04091949,22.99181708,23.04983393,23.14489638,23.79697878,24.5517484,25.33792649,25.82727835,26.22258509,26.64979826,27.08041684,27.48977548,27.80751137,28.60970008,28.93052609,29.4611757,29.56453099,30.19594523,30.85707559,31.57872285,32.50033459,33.20085062,33.9743788,32.61605193,32.23400193,32.66662,32.4648998,32.96288973,33.35675408
Low income,LIC,Employment in services (% of total employment) (modeled ILO estimate),SL.SRV.EMPL.ZS,,,,,,,,,,,,,,,,,,,,,,,,,,,,,,,,22.86636248,22.37947435,22.16171792,22.17023934,22.08229838,22.33333242,22.41160115,22.63264687,22.86498747,22.99949998,23.24701113,23.76334283,24.28681487,24.69964044,25.10905158,25.64140778,26.11691131,26.55385386,26.89330556,27.95655358,28.30360659,28.73345387,28.27428094,28.6564909,28.85509272,29.22858805,29.62308657,30.34622228,31.35424572,29.37214327,28.79850914,29.34232941,28.96242479,29.50301307,29.86026737
Liechtenstein,LIE,Employment in services (% of total employment) (modeled ILO estimate),SL.SRV.EMPL.ZS,,,,,,,,,,,,,,,,,,,,,,,,,,,,,,,,,,,,,,,,,,,,,,,,,,,,,,,,,,,,,,,,,,
Sri Lanka,LKA,Employment in services (% of total employment) (modeled ILO estimate),SL.SRV.EMPL.ZS,,,,,,,,,,,,,,,,,,,,,,,,,,,,,,,,38.37695437,42.57779323,46.30534058,43.69543947,43.51452094,48.40630523,45.34169513,42.054492,42.25387705,42.62567234,42.84857392,43.10308783,42.83329929,42.84047156,42.81826566,43.1115438,43.72123727,43.87842418,44.11261858,44.3020283,44.41341485,42.93550171,44.53799347,45.52826599,45.56593836,46.50796045,45.52166962,46.56430077,47.06608977,45.96356104,46.72468419,47.01889304,47.27953756,47.61519201,47.83927336
Lower middle income,LMC,Employment in services (% of total employment) (modeled ILO estimate),SL.SRV.EMPL.ZS,,,,,,,,,,,,,,,,,,,,,,,,,,,,,,,,26.03993589,26.27885175,26.69919293,26.9137788,27.35716843,27.77832321,28.28892117,28.54530522,28.68771209,28.79365095,29.21715792,29.76283622,30.32413887,30.72571698,31.19553742,31.54050333,31.83273427,32.10656108,32.48478971,32.7372115,33.34315159,34.04739418,34.6688138,35.28227121,36.04136714,36.61501952,37.37760016,38.26271149,38.80936687,37.34778973,37.40517268,37.43287916,37.83300362,38.33316732,38.66707678
Low & middle income,LMY,Employment in services (% of total employment) (modeled ILO estimate),SL.SRV.EMPL.ZS,,,,,,,,,,,,,,,,,,,,,,,,,,,,,,,,27.63847218,28.08059705,28.93455083,29.76294315,30.68394032,31.34661952,31.75522237,32.07266584,32.24489611,31.79777734,32.9047454,33.45461365,33.99987186,34.8130282,35.31175929,35.9615853,36.28840686,36.76728558,37.39664284,37.80959022,38.4921764,38.98782578,40.03615733,41.06480324,42.04625045,42.59712086,43.12755757,43.76874749,44.36167747,43.5492463,43.65891192,43.47728112,43.97655327,44.40319376,44.70603658
Lesotho,LSO,Employment in services (% of total employment) (modeled ILO estimate),SL.SRV.EMPL.ZS,,,,,,,,,,,,,,,,,,,,,,,,,,,,,,,,47.55936504,47.53142665,47.77913589,47.90090588,48.02018966,48.18760868,47.7200165,46.92966547,46.23233459,45.6161581,44.96892467,44.65494796,44.01437864,43.41807546,42.85239649,42.39267996,41.80568621,41.16062896,40.89814216,40.23154604,39.58565623,38.8572434,38.39506966,37.97629444,37.38924648,36.7973738,36.52900083,36.20231324,35.79122157,35.23314202,34.94262965,35.23563893,35.48500867,35.76761962,36.08647525
Late-demographic dividend,LTE,Employment in services (% of total employment) (modeled ILO estimate),SL.SRV.EMPL.ZS,,,,,,,,,,,,,,,,,,,,,,,,,,,,,,,,26.63858998,27.28033469,28.5054214,29.8417001,31.40406468,32.47010467,33.28746608,33.71629589,33.85063211,32.88306962,34.75309276,35.53498495,36.16280878,37.2335168,37.936454,38.75631889,39.13979631,39.83044573,40.68359,41.13290963,41.98779329,42.35217735,44.13616485,45.8188786,47.21193324,47.74256841,48.21390759,48.74600016,49.33216574,49.75291311,50.04183297,49.97831016,50.88645383,51.33517303,51.69595445
Lithuania,LTU,Employment in services (% of total employment) (modeled ILO estimate),SL.SRV.EMPL.ZS,,,,,,,,,,,,,,,,,,,,,,,,,,,,,,,,45.28940322,46.7300722,47.72481407,48.83467747,49.62474563,50.33033192,50.84928256,51.37464173,52.94111706,53.98169101,55.78979032,53.98951187,54.05141909,55.51212165,56.66902883,56.59663174,58.12607988,61.41874311,64.16716098,66.61011367,66.95575752,66.11995108,66.05217978,66.11025328,65.85836381,66.88709709,67.08214604,67.05008537,67.86406529,68.9456175,68.43374635,68.8171944,69.13232987,69.16559001,69.43527327
Luxembourg,LUX,Employment in services (% of total employment) (modeled ILO estimate),SL.SRV.EMPL.ZS,,,,,,,,,,,,,,,,,,,,,,,,,,,,,,,,69.46375524,70.00179458,70.35375614,69.8693591,70.87174004,74.41615442,74.33486885,75.47280466,76.06359347,76.76344273,77.04437659,77.93920067,77.99143381,79.18506666,80.96731057,81.47832176,81.23400858,83.05587283,85.38162769,85.33299976,85.32303249,86.02501315,86.34962962,87.32567247,86.25674096,86.30453433,87.92553479,86.53567402,88.70266242,88.97900072,88.81137455,89.72574447,90.05066197,91.2807978,91.47780954
Latvia,LVA,Employment in services (% of total employment) (modeled ILO estimate),SL.SRV.EMPL.ZS,,,,,,,,,,,,,,,,,,,,,,,,,,,,,,,,49.51181503,51.47238828,52.79350389,53.38303965,54.44651831,55.34210137,52.58779102,53.92021729,56.75202922,58.31624603,58.26169564,58.23666689,58.68339078,59.75811934,61.4726064,61.16990734,61.18666834,62.64397354,66.90618281,68.31121036,68.19632715,68.14981689,68.02200883,68.64875896,68.41521826,68.19421707,70.3536362,70.09906707,69.27603368,69.84531376,70.20016704,70.24046556,70.84023282,71.09773544,71.50021599
"Macao SAR, China",MAC,Employment in services (% of total employment) (modeled ILO estimate),SL.SRV.EMPL.ZS,,,,,,,,,,,,,,,,,,,,,,,,,,,,,,,,70.79223877,71.69614138,72.75613635,73.73601332,74.74083439,75.76040682,76.50412739,77.26983554,77.99443035,78.82426019,79.65479962,80.31174223,80.72914767,81.29413564,80.94725853,80.41569433,80.72940713,81.58202435,83.36267523,84.40477973,84.83615372,85.1530498,85.48855031,85.2484817,85.04491711,85.7709131,86.41588242,86.86243967,87.08903676,87.48269255,87.53760464,87.92818862,88.27969386,88.51750263,88.63344558
St. Martin (French part),MAF,Employment in services (% of total employment) (modeled ILO estimate),SL.SRV.EMPL.ZS,,,,,,,,,,,,,,,,,,,,,,,,,,,,,,,,,,,,,,,,,,,,,,,,,,,,,,,,,,,,,,,,,,
Morocco,MAR,Employment in services (% of total employment) (modeled ILO estimate),SL.SRV.EMPL.ZS,,,,,,,,,,,,,,,,,,,,,,,,,,,,,,,,27.2510496,28.05153092,29.60022986,29.58405836,29.92733116,27.92113014,31.43601413,32.90768346,31.81458477,34.22623743,35.06177266,35.41768555,35.78823552,34.62605449,34.94164353,36.1509633,36.98227113,37.16152987,37.50302087,37.91632679,38.36369874,39.3974108,40.11984929,41.26973213,41.84045721,42.99747435,43.73798087,44.61279727,45.58978809,45.41979454,45.84874433,47.47218355,47.64557227,48.09035985,48.27455593
Monaco,MCO,Employment in services (% of total employment) (modeled ILO estimate),SL.SRV.EMPL.ZS,,,,,,,,,,,,,,,,,,,,,,,,,,,,,,,,,,,,,,,,,,,,,,,,,,,,,,,,,,,,,,,,,,
Moldova,MDA,Employment in services (% of total employment) (modeled ILO estimate),SL.SRV.EMPL.ZS,,,,,,,,,,,,,,,,,,,,,,,,,,,,,,,,40.13550317,40.16476337,42.41301132,41.88035368,42.05503014,42.10841596,43.68164252,39.70767742,37.45819359,35.24016816,35.07757956,35.91602234,36.31812656,36.3717231,36.80959191,37.16254886,36.04914073,35.90866351,35.74744754,33.71572317,33.81389032,32.92818152,32.80473001,30.62700052,29.91859857,29.37248759,30.75215949,30.35317069,31.3351537,31.8976533,31.16006068,31.93955991,35.56025798,36.59054093,36.9441386
Madagascar,MDG,Employment in services (% of total employment) (modeled ILO estimate),SL.SRV.EMPL.ZS,,,,,,,,,,,,,,,,,,,,,,,,,,,,,,,,12.52908026,12.51503993,12.49483681,12.33896887,12.41787738,12.45601368,12.60183061,12.74725909,12.92637136,13.09763949,13.35655073,12.37889928,13.16109705,13.88044238,14.62095634,15.9998148,17.58765011,19.26345241,19.5840135,20.71080541,21.98506329,23.43791795,20.57793124,18.20027921,16.14446222,16.94463012,17.78375494,18.47257266,19.46062387,18.96867146,19.34027576,20.0740968,20.27254376,20.6172892,20.88826411
Maldives,MDV,Employment in services (% of total employment) (modeled ILO estimate),SL.SRV.EMPL.ZS,,,,,,,,,,,,,,,,,,,,,,,,,,,,,,,,45.5343612,46.01381939,46.57238624,47.22725465,47.9596308,49.8444214,51.70277446,53.52577017,55.32451239,57.11226877,57.32005121,57.84127517,58.2108672,60.30478519,62.18708569,64.32172778,66.30762326,67.97780475,69.66768555,70.01553312,70.3764854,70.78833281,71.2572193,71.62122256,71.76477404,72.0055847,71.47731784,70.79713444,70.03491229,70.08607367,70.30978177,70.66162855,71.03137189,71.43675027,71.76579175
"Middle East, North Africa, Afghanistan & Pakistan",MEA,Employment in services (% of total employment) (modeled ILO estimate),SL.SRV.EMPL.ZS,,,,,,,,,,,,,,,,,,,,,,,,,,,,,,,,41.42928319,41.34143588,42.44799426,42.34219694,43.17828358,43.28164255,44.53789247,44.61059147,44.82496437,44.37315674,44.84667134,45.50741406,45.6081943,45.25292037,45.50944504,45.48073373,45.49633125,45.72530535,46.45184468,46.5204591,47.01764679,47.42992777,47.76268318,48.08930793,48.61908875,48.68911583,49.22721887,50.39115348,50.4188149,50.34993979,50.55156865,51.27659834,51.2455901,51.38616857,51.59487253
Mexico,MEX,Employment in services (% of total employment) (modeled ILO estimate),SL.SRV.EMPL.ZS,,,,,,,,,,,,,,,,,,,,,,,,,,,,,,,,51.98565007,52.4385899,52.93528683,54.56540385,56.19405757,56.70205379,55.46522706,57.27543111,55.67442271,57.12635867,58.02981389,58.52445181,59.65402883,60.40641978,60.87253357,61.42932265,61.8643813,62.46579078,63.35405914,62.70006181,63.07545721,63.16500725,62.90874026,62.35889321,62.40469308,62.33685926,61.95398947,62.11529459,62.80217069,62.47386176,62.22326683,62.37831049,63.00412492,63.69817175,64.0792516
Marshall Islands,MHL,Employment in services (% of total employment) (modeled ILO estimate),SL.SRV.EMPL.ZS,,,,,,,,,,,,,,,,,,,,,,,,,,,,,,,,,,,,,,,,,,,,,,,,,,,,,,,,,,,,,,,,,,
Middle income,MIC,Employment in services (% of total employment) (modeled ILO estimate),SL.SRV.EMPL.ZS,,,,,,,,,,,,,,,,,,,,,,,,,,,,,,,,27.91001662,28.40726262,29.3269644,30.20659787,31.19292698,31.88395652,32.31410293,32.64113301,32.81493732,32.33568417,33.49977265,34.05902839,34.61212797,35.45613061,35.96749035,36.63123225,36.95492052,37.44464543,38.10491585,38.48089665,39.20003522,39.6962908,40.87113375,41.94670958,42.98715916,43.56161885,44.11414777,44.76897441,45.34774646,44.66699308,44.82348278,44.61221576,45.13271034,45.54705403,45.86791261
North Macedonia,MKD,Employment in services (% of total employment) (modeled ILO estimate),SL.SRV.EMPL.ZS,,,,,,,,,,,,,,,,,,,,,,,,,,,,,,,,39.71127849,39.89481824,40.39230278,40.71275757,40.87136135,41.19544124,41.49870299,41.83564866,42.24555764,42.62073642,43.32104254,43.81197886,44.97062012,48.27765617,47.43122705,47.93124364,50.65902835,49.26586068,52.23602353,52.53901471,51.68168158,52.85460679,50.87988781,51.17747208,51.67137115,53.22744606,53.58048433,53.58847905,55.29721925,57.49725029,58.05928956,60.05390734,61.18890902,60.57664201,60.87126044
Mali,MLI,Employment in services (% of total employment) (modeled ILO estimate),SL.SRV.EMPL.ZS,,,,,,,,,,,,,,,,,,,,,,,,,,,,,,,,20.57570905,20.46611206,20.53918782,20.79435263,20.7735299,21.12362646,21.36236714,21.73818072,22.02052923,22.00704028,22.82655437,23.00615245,23.74451672,23.84294023,24.49778693,25.08011197,25.04149537,25.01005563,24.7941208,25.16918106,25.35980557,24.77248435,24.82200021,25.30230086,29.47351507,28.37968257,28.63412849,29.33971688,33.88924539,22.63209172,24.57975506,27.16685515,27.51125019,27.79593283,28.39642321
Malta,MLT,Employment in services (% of total employment) (modeled ILO estimate),SL.SRV.EMPL.ZS,,,,,,,,,,,,,,,,,,,,,,,,,,,,,,,,62.35551953,62.79916792,63.1799316,63.29451372,63.5399569,64.00378775,64.40786749,64.7174377,65.255113,65.16290223,66.64928653,65.97154665,67.45825094,68.14356747,68.629616,70.06898744,72.36042115,72.64877338,73.49581802,73.11700069,74.29072811,76.76956449,77.13912511,78.0194572,78.55173032,78.97349265,79.20784074,80.22430127,79.62077219,80.31297939,80.86459275,82.01742926,80.86972569,81.1579153,81.38614532
Myanmar,MMR,Employment in services (% of total employment) (modeled ILO estimate),SL.SRV.EMPL.ZS,,,,,,,,,,,,,,,,,,,,,,,,,,,,,,,,21.76997602,21.92616888,21.48885899,21.52583443,22.76902424,23.73927913,24.93319724,25.18134348,25.3863072,25.69768223,25.83208213,26.11519549,26.72229685,26.93715789,27.2675751,27.51305742,27.78673652,28.30341724,28.6754309,28.89755324,29.47849655,30.02796469,30.58830086,31.00140148,31.54428986,32.24436803,32.95931971,34.04570211,33.6028326,34.95513329,34.95987876,35.22884582,36.01036994,36.51355829,36.88561281
"Middle East, North Africa, Afghanistan & Pakistan (excluding high income)",MNA,Employment in services (% of total employment) (modeled ILO estimate),SL.SRV.EMPL.ZS,,,,,,,,,,,,,,,,,,,,,,,,,,,,,,,,39.28651764,39.11892275,40.25576879,40.07539347,40.91291153,41.01213204,42.37439999,42.41052764,42.60304375,42.03227833,42.47026378,43.1176509,43.19361131,42.7941567,42.99446308,42.8788823,42.84385982,43.01170784,43.73990834,43.8025048,44.18155859,44.41455921,44.65431501,44.93659495,45.38917935,45.40346814,46.05008507,47.34925506,47.19023535,46.6489838,46.82459428,47.32247136,47.57047131,47.5722514,47.79465208
Montenegro,MNE,Employment in services (% of total employment) (modeled ILO estimate),SL.SRV.EMPL.ZS,,,,,,,,,,,,,,,,,,,,,,,,,,,,,,,,65.06036429,65.1594456,65.24953239,65.33409514,65.3995179,65.46973481,65.54541999,65.60831811,65.94261449,66.1606228,66.4317108,66.84348576,67.39881946,69.74330613,72.13611186,73.00904731,73.80057708,74.48797535,75.44439976,75.89362831,75.46668816,76.91968118,77.70998934,76.76324301,74.81654285,74.79263926,74.9793977,73.08241811,73.43777725,74.06017054,76.68852924,76.68280197,77.10625007,77.36220398,77.5793384
Mongolia,MNG,Employment in services (% of total employment) (modeled ILO estimate),SL.SRV.EMPL.ZS,,,,,,,,,,,,,,,,,,,,,,,,,,,,,,,,34.82177968,33.85997517,34.01033282,33.83553199,31.56858588,31.5571487,29.98142631,29.98135627,30.38752488,31.72899259,33.19766163,35.58880208,36.21701018,37.11748097,38.08139506,39.12367668,39.14126387,41.08984222,42.71904667,44.52016898,43.93765193,44.1858365,44.27011615,45.86885765,45.78055759,45.14346501,46.38548892,47.22781711,47.61624683,50.69664075,48.47828686,48.28567714,48.97513539,49.80675418,49.90591785
Northern Mariana Islands,MNP,Employment in services (% of total employment) (modeled ILO estimate),SL.SRV.EMPL.ZS,,,,,,,,,,,,,,,,,,,,,,,,,,,,,,,,,,,,,,,,,,,,,,,,,,,,,,,,,,,,,,,,,,
Mozambique,MOZ,Employment in services (% of total employment) (modeled ILO estimate),SL.SRV.EMPL.ZS,,,,,,,,,,,,,,,,,,,,,,,,,,,,,,,,12.95547767,12.71714393,13.05083855,13.05821827,12.95003919,13.19085063,13.55129862,13.98552162,14.54943875,14.60706042,15.2996333,15.80194688,16.15024133,16.49725198,16.71394066,17.15132759,17.51358955,17.76395712,17.94899089,18.22955907,18.59244517,19.01516048,19.37224933,19.75654204,20.13797501,20.58308946,20.61077277,20.86659703,21.14979731,20.10783704,19.97656457,20.14425031,20.54708224,20.49867072,20.55397139
Mauritania,MRT,Employment in services (% of total employment) (modeled ILO estimate),SL.SRV.EMPL.ZS,,,,,,,,,,,,,,,,,,,,,,,,,,,,,,,,38.51645076,38.79302088,39.03961261,39.23214932,39.60115128,39.99261427,40.32638821,40.72764093,41.02957186,41.41505713,41.77191966,42.28113948,42.88897193,43.47147957,44.16929865,44.8825255,45.3722804,45.88962826,46.47984166,47.06701033,47.63629691,48.20153028,48.70612302,49.32018261,49.85381778,50.20632333,50.75044694,51.21312321,51.8306048,50.59114817,50.43044979,51.02872076,51.76808125,52.28149913,52.83465748
Mauritius,MUS,Employment in services (% of total employment) (modeled ILO estimate),SL.SRV.EMPL.ZS,,,,,,,,,,,,,,,,,,,,,,,,,,,,,,,,45.35863884,46.11054899,46.79458727,47.48548241,48.40818322,49.35783793,50.50091298,50.70639572,51.33003651,52.13256633,52.78447127,53.7601164,54.49365784,57.66613087,58.25713472,58.84343137,59.43517551,59.83809352,62.02895775,63.43931341,64.87141479,65.12752662,66.57986898,67.12361213,67.87465796,67.36481425,69.16793291,70.45245551,71.23077977,71.27774636,72.52925872,71.73762409,73.77050814,74.12362715,74.66790682
Malawi,MWI,Employment in services (% of total employment) (modeled ILO estimate),SL.SRV.EMPL.ZS,,,,,,,,,,,,,,,,,,,,,,,,,,,,,,,,19.16724648,18.33018841,18.97321586,19.27503851,20.32045211,20.75932277,21.16786705,21.33870076,21.43562016,21.40117497,20.79888333,20.82779737,21.28418363,21.765085,22.04989219,22.46532549,23.40486925,24.0952747,24.89932446,25.52079928,25.93630037,26.00443545,26.50899127,26.94853885,27.19564421,27.3684598,27.71635731,28.13488259,28.59078963,27.66692425,27.39533077,27.26666767,27.37186735,27.43457467,27.67897223
Malaysia,MYS,Employment in services (% of total employment) (modeled ILO estimate),SL.SRV.EMPL.ZS,,,,,,,,,,,,,,,,,,,,,,,,,,,,,,,,48.28213476,48.6164998,48.79684691,49.20524627,49.59900357,50.31998774,50.78748578,51.30247923,51.764442,51.29567895,51.76069294,53.08923701,53.70929771,55.31840205,55.63342103,55.10895033,56.80830923,57.36756752,59.49150325,59.08483271,59.67705014,59.17354618,59.36439014,59.68335953,60.01208766,61.1460888,60.9886193,62.26151552,61.8517543,63.36290098,63.78101233,63.91756511,64.25364654,64.56082152,64.86184603
North America,NAC,Employment in services (% of total employment) (modeled ILO estimate),SL.SRV.EMPL.ZS,,,,,,,,,,,,,,,,,,,,,,,,,,,,,,,,72.68759323,73.2534946,73.85065732,73.77670333,73.74279641,73.90931643,73.93178841,74.18309035,74.68570118,74.86204859,75.24224464,75.48253329,75.6973087,75.78714849,75.97682478,75.96582964,76.3015697,76.89245447,78.30473917,78.58287221,78.47911756,78.50760388,78.39424882,78.35606533,78.41303402,78.50707674,78.57991905,78.50985082,78.53409699,78.84839383,79.16978818,79.12704915,79.14184709,79.44935261,79.62856267
Namibia,NAM,Employment in services (% of total employment) (modeled ILO estimate),SL.SRV.EMPL.ZS,,,,,,,,,,,,,,,,,,,,,,,,,,,,,,,,38.52306747,39.743763,40.59753005,41.55316727,44.09155305,46.66274861,49.34084731,52.42030102,55.50490058,58.51430639,58.12350632,57.79890459,57.5412246,57.25984415,57.27611072,57.58153969,57.82279565,57.86684915,57.70768771,57.76506953,58.28800184,58.74796128,54.16448233,55.84709945,58.5881911,60.59517651,60.98584539,61.18880846,60.92964713,60.37475431,60.34762106,60.48701352,60.66540229,60.88711763,61.11487884
New Caledonia,NCL,Employment in services (% of total employment) (modeled ILO estimate),SL.SRV.EMPL.ZS,,,,,,,,,,,,,,,,,,,,,,,,,,,,,,,,67.81504567,68.31623778,68.32071606,68.61627252,68.80131363,69.35519989,69.38086592,70.05261839,70.55335245,71.07191284,71.61772706,71.91917596,72.08339283,72.28617628,72.53787483,72.32266612,72.47899786,72.56913687,72.92293627,72.7550602,72.57003898,72.62892947,72.69380134,72.90865904,72.99866649,73.64457442,73.5855098,76.80242787,75.8891283,76.0809927,75.92656614,76.07299295,76.30907429,77.10681144,77.5702935
Niger,NER,Employment in services (% of total employment) (modeled ILO estimate),SL.SRV.EMPL.ZS,,,,,,,,,,,,,,,,,,,,,,,,,,,,,,,,17.05526319,17.02715296,16.9174697,16.84203415,16.83872234,16.6526215,16.59499012,16.9611305,16.79614543,16.54254512,16.71399166,16.81166008,16.74477531,16.61846111,16.86542179,17.06232773,17.09043753,17.39418598,17.37091656,17.7356304,17.69698629,18.28343352,18.17306576,18.24593645,17.99987089,17.81987926,17.62879061,17.65437459,17.55504028,16.31218333,16.33635937,16.85723345,16.59604712,17.33084147,17.7370463
Nigeria,NGA,Employment in services (% of total employment) (modeled ILO estimate),SL.SRV.EMPL.ZS,,,,,,,,,,,,,,,,,,,,,,,,,,,,,,,,36.08069394,36.36946406,36.47644709,36.60917899,36.66926681,36.87539132,37.12198041,37.51087457,37.82216857,38.28007107,38.60673338,38.64596161,39.13536166,39.88605414,40.41315072,41.03437054,41.58618012,42.06926139,42.61383753,43.33557337,43.99108858,44.27210877,44.60365988,45.3596536,45.98757607,46.44708683,46.81486119,47.19016549,47.68654072,46.70046938,47.1398608,47.93037954,48.4733022,49.05999476,49.45640571
Nicaragua,NIC,Employment in services (% of total employment) (modeled ILO estimate),SL.SRV.EMPL.ZS,,,,,,,,,,,,,,,,,,,,,,,,,,,,,,,,49.6667742,49.5683365,49.49813841,48.56710912,48.26893402,47.95806008,47.47194029,47.11422081,46.40079643,45.9918688,46.30570934,47.45832357,48.60718013,48.6099487,48.75559298,48.88871446,47.40441674,49.5857093,49.96480326,50.0793071,50.09602273,50.25815122,50.63348389,50.9646645,51.28026732,51.72325356,52.06631822,52.25227972,52.45403512,51.47654544,51.46486271,51.70223484,52.0810059,52.41800307,52.64944775
Netherlands,NLD,Employment in services (% of total employment) (modeled ILO estimate),SL.SRV.EMPL.ZS,,,,,,,,,,,,,,,,,,,,,,,,,,,,,,,,70.8804727,71.33948142,71.8318791,72.66658631,72.81826228,73.05917316,73.41386274,73.75460818,74.46110757,75.14251447,75.30674455,76.08454401,77.04633184,76.60708508,75.25929039,76.17231827,77.01506783,77.96005835,78.69953342,79.52641298,80.43530948,79.8511378,81.12166155,81.66491846,81.28990364,81.69887803,81.19248414,81.8625435,82.05741871,82.27299953,83.75450606,83.88282793,83.85535699,84.23271324,84.53967124
Norway,NOR,Employment in services (% of total employment) (modeled ILO estimate),SL.SRV.EMPL.ZS,,,,,,,,,,,,,,,,,,,,,,,,,,,,,,,,70.70622259,71.10523893,71.35625699,71.58128789,71.48821268,71.59039973,71.45365642,72.45684415,73.14345587,73.9230751,74.16285963,74.37485818,74.50158612,75.62592248,75.84683352,75.67280713,75.96565796,75.82275003,77.09740669,77.29247514,77.49983776,77.43673046,77.532962,77.19230645,77.95252331,78.4335259,78.15727588,78.88002175,78.22350694,78.29777477,78.7453897,78.68065347,78.88751772,79.37621661,79.66401277
Nepal,NPL,Employment in services (% of total employment) (modeled ILO estimate),SL.SRV.EMPL.ZS,,,,,,,,,,,,,,,,,,,,,,,,,,,,,,,,35.3762177,36.23761702,36.80505429,37.65116602,38.21101142,38.81546609,38.56665441,38.34073891,38.21446242,38.61133569,38.97423201,38.95550623,39.36447741,39.81955455,40.26655889,40.65846978,41.13058006,41.55819546,41.99629555,42.32313166,42.59514592,43.17786521,43.60940577,44.20148965,44.59565919,44.6557476,45.03107443,45.61756217,46.09719799,44.80890968,44.61660303,45.05950428,45.20050186,45.4888949,45.80853646
Nauru,NRU,Employment in services (% of total employment) (modeled ILO estimate),SL.SRV.EMPL.ZS,,,,,,,,,,,,,,,,,,,,,,,,,,,,,,,,,,,,,,,,,,,,,,,,,,,,,,,,,,,,,,,,,,
New Zealand,NZL,Employment in services (% of total employment) (modeled ILO estimate),SL.SRV.EMPL.ZS,,,,,,,,,,,,,,,,,,,,,,,,,,,,,,,,65.47494967,65.96166107,65.73653189,64.36992543,64.98518153,65.6268331,67.31540933,67.22444646,67.48014936,67.96875776,67.98911811,68.43487918,69.41175453,69.58458249,70.65324213,70.27278353,70.73508615,71.27755796,72.16391855,72.16800207,72.68569495,72.90221353,73.28863739,72.92431355,71.89742033,73.12326795,73.04072935,74.10410831,74.65983719,73.59631797,73.90825471,73.20322856,73.85101795,74.41492882,74.64388384
OECD members,OED,Employment in services (% of total employment) (modeled ILO estimate),SL.SRV.EMPL.ZS,,,,,,,,,,,,,,,,,,,,,,,,,,,,,,,,61.03747917,61.68275692,62.56114357,63.08412087,63.55758499,64.01838928,64.34870852,64.98787967,65.57376093,66.07794913,66.59601579,67.19533771,67.70331237,68.3123652,68.74768114,68.96911197,69.29006132,69.91396005,70.9917753,71.16449925,71.31584781,71.51244142,71.73546056,71.82012106,72.0255378,72.28305736,72.28523128,72.36795685,72.67485888,72.84395992,72.97965471,73.15082179,73.46029399,73.788008,74.03715252
Oman,OMN,Employment in services (% of total employment) (modeled ILO estimate),SL.SRV.EMPL.ZS,,,,,,,,,,,,,,,,,,,,,,,,,,,,,,,,82.79473339,82.90939775,83.0279596,83.71940528,84.40042849,85.02092986,84.35846134,83.78559898,83.28677023,82.41970548,80.88126634,79.28712803,77.56134317,75.62683625,73.19200733,70.6406163,67.95118251,65.19648607,62.18489416,57.96196,57.70567317,56.84549346,56.81121426,57.09623817,57.25851343,54.20640185,51.96590937,49.41442872,55.11976461,61.04744875,53.52902624,53.76396138,54.1377368,54.44335843,54.61673661
Other small states,OSS,Employment in services (% of total employment) (modeled ILO estimate),SL.SRV.EMPL.ZS,,,,,,,,,,,,,,,,,,,,,,,,,,,,,,,,49.94889387,51.05191356,52.7014118,53.64194935,54.4864154,55.11758776,55.53985471,55.88079991,56.92435714,57.46878232,58.04667075,58.73715332,58.93874655,59.10515294,59.49400452,60.22403367,60.55919074,60.89612377,62.24923943,62.94121684,62.61502475,63.43776508,64.28705498,64.70365777,64.81707524,65.17141516,66.01699146,66.6143483,66.61969017,66.43429694,67.15774911,67.78845368,68.16455121,68.49960714,68.70171886
Pakistan,PAK,Employment in services (% of total employment) (modeled ILO estimate),SL.SRV.EMPL.ZS,,,,,,,,,,,,,,,,,,,,,,,,,,,,,,,,35.35424256,34.72356914,36.39072979,35.31782265,37.55092114,37.54860289,39.75666048,38.61660093,38.61862684,36.40902909,36.40996309,36.64434142,36.64329336,36.14786346,36.14901898,35.41639877,34.90123879,34.73702411,35.28292273,34.75265285,34.33681733,34.60697922,34.8415645,34.8936189,34.97034687,34.13876892,35.85198139,37.59479367,37.35960109,36.92311981,37.47391144,37.85424694,38.07378065,38.27234558,38.51496579
Panama,PAN,Employment in services (% of total employment) (modeled ILO estimate),SL.SRV.EMPL.ZS,,,,,,,,,,,,,,,,,,,,,,,,,,,,,,,,56.82564819,56.79041325,58.15859004,60.68838105,60.06764449,60.45422027,62.03611502,63.28184439,63.54315442,64.8266467,63.71714643,64.75165567,64.43236673,65.59468658,66.38950704,65.27476249,65.41709449,62.29214383,62.06056454,63.1688871,64.08509448,64.39994658,62.94862101,63.71167332,66.07046944,65.66557735,66.4283925,66.51818422,67.27531438,67.20117627,67.51317142,67.92644363,67.8303396,66.61976906,66.95201273
Peru,PER,Employment in services (% of total employment) (modeled ILO estimate),SL.SRV.EMPL.ZS,,,,,,,,,,,,,,,,,,,,,,,,,,,,,,,,50.62873013,50.38606509,50.68083062,51.60972173,52.14063373,52.28141786,52.69602805,52.56710192,52.62760681,52.78797844,52.79013706,53.2558695,53.66761563,54.1244822,54.78372667,55.54266899,56.45579682,57.02859793,57.59180357,58.09323499,58.06050767,58.34036306,58.42520253,58.54793182,57.85093546,58.2361171,59.62030948,59.79040431,60.34020861,52.78333432,57.37492697,57.63222029,59.67506795,59.79822084,60.07867454
Philippines,PHL,Employment in services (% of total employment) (modeled ILO estimate),SL.SRV.EMPL.ZS,,,,,,,,,,,,,,,,,,,,,,,,,,,,,,,,39.3088925,39.20667273,39.30334984,40.14981239,40.93019627,42.20851769,43.49225622,45.61107694,45.49690405,47.31371954,47.95467038,48.42159996,48.9209087,49.22988985,49.75783589,50.23063218,50.61234415,50.95938884,51.60488814,52.08508799,52.6145324,53.13419946,53.91126726,54.14100672,55.06999234,55.43820824,56.1556474,56.49215639,57.85720019,56.77924406,56.81032352,58.71944272,59.01898875,59.31620321,59.54800516
Palau,PLW,Employment in services (% of total employment) (modeled ILO estimate),SL.SRV.EMPL.ZS,,,,,,,,,,,,,,,,,,,,,,,,,,,,,,,,,,,,,,,,,,,,,,,,,,,,,,,,,,,,,,,,,,
Papua New Guinea,PNG,Employment in services (% of total employment) (modeled ILO estimate),SL.SRV.EMPL.ZS,,,,,,,,,,,,,,,,,,,,,,,,,,,,,,,,63.18040117,63.25329849,63.21336186,63.25695767,63.45747379,63.77544467,64.00955249,64.26349799,64.11765763,63.87366965,64.18884949,64.28192477,64.45632886,64.77752271,64.98248092,65.29460028,65.7089684,65.95487483,66.3699262,66.68531982,66.05193431,65.38747742,64.53664036,63.54809647,62.62020819,61.72352126,60.67794555,59.7376518,58.82269888,56.38776012,54.75705509,53.75209873,54.39114183,54.8308393,55.26606029
Poland,POL,Employment in services (% of total employment) (modeled ILO estimate),SL.SRV.EMPL.ZS,,,,,,,,,,,,,,,,,,,,,,,,,,,,,,,,41.15282139,41.91582503,42.57914087,43.34578277,44.65112693,45.51424752,46.65160785,47.61363741,48.67493408,49.6792655,50.41893194,51.1609248,51.81246796,52.43452427,52.64941172,53.53347652,53.8600078,53.48853844,55.02366616,56.0535195,55.83375334,56.42823978,56.89325999,57.40737801,57.92917865,57.96838879,58.11149444,58.56501672,58.71334778,58.742842,60.20594167,60.46327714,61.97703674,63.2978088,63.75210154
Pre-demographic dividend,PRE,Employment in services (% of total employment) (modeled ILO estimate),SL.SRV.EMPL.ZS,,,,,,,,,,,,,,,,,,,,,,,,,,,,,,,,28.84891322,28.71621496,28.69629791,28.65660462,28.72462577,29.01003742,29.20884096,29.48262082,29.64189471,29.87150722,30.0601603,30.31400984,30.7108979,31.14936754,31.51190355,31.93970918,32.32917558,32.69690377,33.13191676,33.92804031,34.31260474,34.84618399,34.79897171,35.30725177,35.72363142,36.04026365,36.40931229,36.96625665,37.70186518,36.09411348,35.84520006,36.59970493,36.84030761,37.26693212,37.63687891
Puerto Rico (US),PRI,Employment in services (% of total employment) (modeled ILO estimate),SL.SRV.EMPL.ZS,,,,,,,,,,,,,,,,,,,,,,,,,,,,,,,,72.29763851,72.38392842,72.57734522,73.19004087,74.24449472,75.47762708,75.38615654,75.54182675,75.48368879,75.76160749,76.21623163,77.93726033,78.26708247,78.32212523,78.77831526,78.96149341,79.56017597,80.26116794,80.63718966,80.97990005,81.32099338,81.62132778,81.95047945,82.27634068,82.59149809,82.67935046,82.8619064,82.92300113,82.92723153,82.90969333,83.26142731,83.40613583,83.62751812,83.88241063,84.14137732
"Korea, Dem. People's Rep.",PRK,Employment in services (% of total employment) (modeled ILO estimate),SL.SRV.EMPL.ZS,,,,,,,,,,,,,,,,,,,,,,,,,,,,,,,,16.56283382,16.63888427,16.76136029,16.93388924,17.0581338,17.21353264,17.31649305,17.53165286,17.83940627,18.07927182,18.39610206,18.66478714,18.95985455,19.25326569,19.59430402,19.8635863,20.12642212,20.46957428,20.747421,21.02341275,21.32164642,21.64957845,21.98016816,22.30929105,22.58035376,22.97821394,23.19540834,23.39229216,23.71837445,22.44572551,22.19704658,22.49786855,22.8502652,23.18316181,23.51486401
Portugal,PRT,Employment in services (% of total employment) (modeled ILO estimate),SL.SRV.EMPL.ZS,,,,,,,,,,,,,,,,,,,,,,,,,,,,,,,,58.88931094,59.32880481,60.04150832,60.31601922,60.8160483,61.18308326,60.58157929,55.58939777,57.38432913,57.31542185,57.99577196,58.52267937,58.94215057,61.15170961,62.02650853,62.22655852,62.35681375,64.02002541,65.25000679,66.01467721,67.18995406,68.56966881,70.54760244,71.58092317,71.85087265,72.16152336,72.20170666,72.41698365,72.9597493,72.70520283,72.57328471,72.02886845,71.41636059,72.38098785,72.67286769
Paraguay,PRY,Employment in services (% of total employment) (modeled ILO estimate),SL.SRV.EMPL.ZS,,,,,,,,,,,,,,,,,,,,,,,,,,,,,,,,52.23811382,52.17532348,52.32769537,52.52337091,52.82825826,52.80099514,53.00859433,52.83955691,52.50350715,51.50393881,51.08835398,50.5817493,52.68242714,50.60602088,52.20202566,52.82033053,53.08129462,55.64966795,54.35924523,55.18404474,56.66284439,56.98051073,59.70576343,58.78334916,60.56030534,59.25082806,59.94037557,61.33792934,63.13525461,59.63912095,60.79306799,63.84350503,64.81877009,64.87895346,65.08383455
West Bank and Gaza,PSE,Employment in services (% of total employment) (modeled ILO estimate),SL.SRV.EMPL.ZS,,,,,,,,,,,,,,,,,,,,,,,,,,,,,,,,57.49124746,57.80816586,58.07922242,58.17597481,58.49580281,58.81431882,59.1365124,59.1043654,59.13261342,60.32477732,61.22611949,62.10719886,59.80013585,60.57485099,60.42253172,60.85093912,61.40718144,64.68566268,65.45549555,65.19624884,63.87617723,63.69223743,63.44688214,63.56119762,64.62009581,64.58606295,64.77243678,64.80321617,66.02416495,65.22964647,64.09306003,63.7764457,,,
Pacific island small states,PSS,Employment in services (% of total employment) (modeled ILO estimate),SL.SRV.EMPL.ZS,,,,,,,,,,,,,,,,,,,,,,,,,,,,,,,,43.1693405,43.34840822,43.57937765,43.79497059,43.88612978,44.24142164,43.65102106,44.99274277,45.58425058,46.19326414,46.95651259,47.0490024,47.12628979,47.43130485,47.87689781,47.93638117,47.85643862,47.69843521,47.65352031,47.02669098,47.01718689,47.00336235,47.01139712,47.06539715,47.90783419,48.54604863,49.17020025,49.76059461,50.3304539,48.8513836,48.58525797,49.26354175,49.76815607,50.21743049,50.57407748
Post-demographic dividend,PST,Employment in services (% of total employment) (modeled ILO estimate),SL.SRV.EMPL.ZS,,,,,,,,,,,,,,,,,,,,,,,,,,,,,,,,62.9817988,63.6196191,64.49806419,65.05560996,65.51210245,66.10811974,66.52979893,67.04533702,67.65188596,68.00285412,68.5521036,69.05381923,69.47291336,69.98122031,70.42800396,70.60085026,70.88760265,71.59114567,72.68785874,73.10254401,73.41809696,73.60819639,73.91318749,74.07292604,74.32169184,74.57030293,74.65704695,74.72245596,74.89139109,75.08548916,75.31090253,75.97449222,76.17699952,76.47208817,76.73076146
French Polynesia,PYF,Employment in services (% of total employment) (modeled ILO estimate),SL.SRV.EMPL.ZS,,,,,,,,,,,,,,,,,,,,,,,,,,,,,,,,81.42468213,81.61043227,81.87817329,82.14343774,82.38298773,81.74482063,80.89465359,79.57655852,79.07277876,78.76231826,78.72431705,79.10905949,79.29225859,79.16333308,79.225299,79.38371551,79.45804835,79.54617957,81.13623153,81.37618667,81.3994286,81.69104821,81.93345765,82.10643877,82.4041142,82.63452531,82.75611779,82.97714511,83.02678011,83.3099687,83.30493389,83.36734214,83.45503585,83.63019428,83.74827564
Qatar,QAT,Employment in services (% of total employment) (modeled ILO estimate),SL.SRV.EMPL.ZS,,,,,,,,,,,,,,,,,,,,,,,,,,,,,,,,65.15431151,64.78340046,65.07933826,64.54750784,64.4244314,64.31719144,63.08281276,62.10431458,61.51875005,60.51074039,59.31426946,58.42168582,57.59468386,56.24089107,56.10143357,55.4626111,45.78425305,38.85107042,39.98229002,42.15160011,44.53652667,46.86610958,46.90456591,45.83136904,44.62581079,44.22933328,44.25126868,43.33074581,43.78348091,56.235449,57.77194795,59.21470498,59.34805057,60.1111927,60.359655
Romania,ROU,Employment in services (% of total employment) (modeled ILO estimate),SL.SRV.EMPL.ZS,,,,,,,,,,,,,,,,,,,,,,,,,,,,,,,,30.3399692,30.87310002,31.25514989,31.57500996,32.24917868,34.20192223,34.94922262,35.54794576,35.32979707,35.53019384,36.32274827,39.0972642,39.63910296,42.65275893,43.61401547,44.98026664,45.24986915,45.81649906,47.21159307,47.28779584,48.6782822,48.65261817,49.0013846,49.13075052,52.16029964,52.79805408,52.82323535,53.32717168,54.19229691,55.17364429,55.3052239,55.91766374,54.92058097,56.08271965,56.48321242
Russian Federation,RUS,Employment in services (% of total employment) (modeled ILO estimate),SL.SRV.EMPL.ZS,,,,,,,,,,,,,,,,,,,,,,,,,,,,,,,,45.89103348,45.78164065,46.38717154,47.99227735,50.29289947,52.35395932,58.03244038,59.38760492,56.21755588,56.48645994,57.96269052,58.65957668,59.12969864,60.51827527,60.7553843,61.37108802,62.4693739,62.96290592,64.42448932,64.63886632,64.95484345,65.02707323,65.40831611,65.8864501,66.15815402,66.41845912,67.19802019,67.37556593,67.42698571,67.52694222,67.57947405,67.90362017,68.59812329,68.79609394,69.05854846
Rwanda,RWA,Employment in services (% of total employment) (modeled ILO estimate),SL.SRV.EMPL.ZS,,,,,,,,,,,,,,,,,,,,,,,,,,,,,,,,15.60615582,15.90916307,15.03258687,14.71527547,14.92159865,14.37187521,14.20391494,14.58176295,15.10750422,15.86908724,16.64044579,17.93095252,18.24317799,19.20118113,20.48069864,21.9128493,23.17651075,24.8863101,25.96535705,27.25936478,28.55663813,29.90152143,30.40241172,31.02361197,32.17110627,32.85267432,33.57604272,34.3995733,37.02008976,32.64766232,29.40797473,30.24207768,33.89981871,45.37660084,46.54122257
South Asia,SAS,Employment in services (% of total employment) (modeled ILO estimate),SL.SRV.EMPL.ZS,,,,,,,,,,,,,,,,,,,,,,,,,,,,,,,,21.71692571,22.04452055,22.38583202,22.6929787,23.07710831,23.53069916,23.56441574,23.66047292,23.84180088,24.03330961,24.58561818,25.22537373,25.91730644,26.42227206,26.89895733,27.16103635,27.32886807,27.44620697,27.61518066,27.7571163,28.50525779,29.26380403,30.00103382,30.84966056,31.75569011,32.58553768,33.57313134,34.3621704,35.04181124,32.79458747,32.60871017,32.24468008,32.43745155,33.16352725,33.44932442
Saudi Arabia,SAU,Employment in services (% of total employment) (modeled ILO estimate),SL.SRV.EMPL.ZS,,,,,,,,,,,,,,,,,,,,,,,,,,,,,,,,66.70137236,66.40127856,66.39559792,66.51977792,66.84751595,67.0491755,67.41543267,67.44882952,67.87614304,68.09103907,68.33438204,68.58889913,68.48463838,68.34300886,68.50330428,68.74213833,68.796597,68.88621415,69.31688692,69.13490904,68.94348357,69.06418562,69.33402844,69.39082522,69.48696359,69.6270994,69.74501733,71.29222858,72.55701226,73.9318027,77.79562334,80.23271499,74.20191439,74.36407257,74.43045754
Sudan,SDN,Employment in services (% of total employment) (modeled ILO estimate),SL.SRV.EMPL.ZS,,,,,,,,,,,,,,,,,,,,,,,,,,,,,,,,37.65927613,38.18957878,39.00603135,39.80338974,39.89645653,39.63510255,39.73999105,40.06921743,40.42705844,40.81532035,40.7996549,40.62359404,40.97229374,41.412193,41.59685953,42.14197973,41.23293373,42.07731035,43.00987273,43.23841034,43.93412326,44.33428154,44.91968684,45.21953294,45.63674461,46.76811263,47.4160456,48.06161479,48.27032079,46.41433283,45.74342155,46.24424342,,,
Senegal,SEN,Employment in services (% of total employment) (modeled ILO estimate),SL.SRV.EMPL.ZS,,,,,,,,,,,,,,,,,,,,,,,,,,,,,,,,35.99228722,36.02572171,36.03496972,35.87115502,36.17382531,36.28241121,36.52026732,37.01009632,37.62877453,38.01314486,38.38484915,39.00112832,39.94911439,41.00352107,41.8183519,42.62483549,43.4281012,44.14090313,44.90292718,46.06413934,47.24887595,48.59624401,49.84251428,51.91461308,53.67500877,51.0101519,53.13715142,54.75935564,55.86575609,52.04786004,48.71286899,45.86374444,46.28228998,47.09175861,47.92487386
Singapore,SGP,Employment in services (% of total employment) (modeled ILO estimate),SL.SRV.EMPL.ZS,,,,,,,,,,,,,,,,,,,,,,,,,,,,,,,,64.57538274,65.05295284,65.87525541,66.959774,68.29104368,69.55897859,70.12160301,71.16909355,71.95449185,72.52939996,73.6683171,74.44066278,75.0500492,75.42971749,75.96187896,76.55152383,76.26347791,76.12801578,77.26779,78.14076276,79.12632797,79.49650508,80.18767889,82.28715907,82.58807607,83.72421743,83.99991979,83.84606456,84.92145527,85.06229654,85.44725859,85.34444948,86.07712059,85.73945846,85.9067555
Solomon Islands,SLB,Employment in services (% of total employment) (modeled ILO estimate),SL.SRV.EMPL.ZS,,,,,,,,,,,,,,,,,,,,,,,,,,,,,,,,45.27634265,45.0869916,45.35311653,45.49950427,45.2456204,45.82026296,46.45770417,47.24335342,47.9388231,49.04831909,50.59751006,49.83328212,48.98889752,48.927297,49.36654269,49.46314877,49.40172274,49.31723049,49.43614305,49.22370963,49.04789043,49.05192922,49.03771899,49.2771451,49.86356206,50.11972486,50.51204837,50.84629157,51.33717334,49.07204435,48.44328198,48.87804757,49.1991303,49.61607786,49.95475952
Sierra Leone,SLE,Employment in services (% of total employment) (modeled ILO estimate),SL.SRV.EMPL.ZS,,,,,,,,,,,,,,,,,,,,,,,,,,,,,,,,27.56189661,26.46242893,26.70781406,26.60529751,25.95537323,26.19685651,25.587096,25.78254851,25.69144402,26.31189391,25.10304528,26.64517653,27.20038574,25.03133059,25.57224362,26.22990017,27.325592,28.25115701,28.86846641,29.99227307,31.0138302,32.90116811,34.98024733,36.28012915,36.59676842,39.26457473,41.67540907,43.22686903,43.88968915,42.31039013,42.15250668,42.59271814,43.23356811,43.57347475,44.03694867
El Salvador,SLV,Employment in services (% of total employment) (modeled ILO estimate),SL.SRV.EMPL.ZS,,,,,,,,,,,,,,,,,,,,,,,,,,,,,,,,39.57492955,40.13724871,42.30858966,44.53583252,45.20609427,45.42093599,48.73039974,49.38026244,51.93256925,53.20593224,53.61393948,54.9403152,56.25008476,56.22141718,56.88300339,57.19954616,57.5994529,56.85067377,57.53623767,57.87193286,57.13689894,58.0504645,60.05971463,60.34627831,59.71217875,60.22234744,59.53952402,61.08794592,61.19742257,60.85041515,61.22822976,61.59653081,62.46771289,62.65936563,63.01082827
San Marino,SMR,Employment in services (% of total employment) (modeled ILO estimate),SL.SRV.EMPL.ZS,,,,,,,,,,,,,,,,,,,,,,,,,,,,,,,,,,,,,,,,,,,,,,,,,,,,,,,,,,,,,,,,,,
"Somalia, Fed. Rep.",SOM,Employment in services (% of total employment) (modeled ILO estimate),SL.SRV.EMPL.ZS,,,,,,,,,,,,,,,,,,,,,,,,,,,,,,,,36.36497059,35.74860183,36.18931729,32.26787894,32.49450071,33.62802031,33.18513206,33.85475789,34.72842411,35.57300486,36.42514534,37.54898845,38.57309305,39.46766924,40.42744129,41.3476278,42.71318274,43.61650359,44.63195371,45.64783238,47.03131318,48.54163562,50.37124052,51.6246103,53.24585598,54.03658635,56.32048433,56.10190776,56.00591069,52.06725756,51.37524083,51.42119082,51.77865451,51.98852831,52.2194392
Serbia,SRB,Employment in services (% of total employment) (modeled ILO estimate),SL.SRV.EMPL.ZS,,,,,,,,,,,,,,,,,,,,,,,,,,,,,,,,38.71448288,38.98779179,39.2721321,39.56301401,39.75518164,40.036868,40.24259723,40.51402795,41.15287009,41.48573886,41.89618177,42.20243851,42.63301257,42.98041767,43.16790608,44.65885251,44.2683381,44.79558734,46.73619902,48.07862189,48.1491333,48.65891559,49.27027892,49.84661626,50.5868737,51.39383801,52.04546854,51.96252706,51.81917867,52.47572291,52.97577254,53.25423168,53.9229982,54.34426157,54.90472799
Sub-Saharan Africa (excluding high income),SSA,Employment in services (% of total employment) (modeled ILO estimate),SL.SRV.EMPL.ZS,,,,,,,,,,,,,,,,,,,,,,,,,,,,,,,,30.70319964,30.55613559,30.51316006,30.50766998,30.57668026,30.81141295,30.95575448,31.18462864,31.33354803,31.51633073,31.60093117,31.63342344,31.97880152,32.3004787,32.69961328,33.09157897,33.51589312,33.92792239,34.36311364,35.14802995,35.564168,36.11081572,36.06324298,36.55145855,36.89378827,37.15316256,37.52515415,38.15906277,38.95769736,37.39433955,37.30230958,37.90547753,38.23286739,38.77859176,39.12580445
South Sudan,SSD,Employment in services (% of total employment) (modeled ILO estimate),SL.SRV.EMPL.ZS,,,,,,,,,,,,,,,,,,,,,,,,,,,,,,,,31.61273215,31.84287839,32.07757093,32.19118673,32.36089566,32.55655806,32.84388827,33.07399968,33.23586308,33.36339326,33.51026018,33.64735703,33.76130417,33.86792762,33.96633222,34.07020749,34.16831546,34.24168903,34.35981906,34.2954103,34.18104555,34.28844748,34.52414979,35.03764615,35.65020698,35.75800781,36.1598784,36.25579997,36.08828349,34.99228599,34.21315317,34.2572227,34.56747637,,
Sub-Saharan Africa,SSF,Employment in services (% of total employment) (modeled ILO estimate),SL.SRV.EMPL.ZS,,,,,,,,,,,,,,,,,,,,,,,,,,,,,,,,29.17185476,28.93393208,28.96234196,28.97463781,29.05873794,29.34687102,29.47257504,29.63439604,29.80618701,29.92838816,29.97433858,29.91619548,30.09009713,30.39175931,30.69681676,31.10281602,31.54741874,31.97109775,32.39794641,33.19272217,33.65850372,34.1703979,34.23214181,34.87486504,35.40877139,35.85763274,36.41939369,37.17762653,38.10263741,36.55445435,36.5369275,37.13050576,37.49403251,38.09495147,38.49510153
Small states,SST,Employment in services (% of total employment) (modeled ILO estimate),SL.SRV.EMPL.ZS,,,,,,,,,,,,,,,,,,,,,,,,,,,,,,,,51.19961793,52.14007303,53.50291097,54.14579006,54.92170112,55.48229637,55.8340447,56.38238392,57.23850467,57.79373608,58.18861949,58.85459502,59.15331371,59.23163422,59.52524976,60.04444274,60.29062838,60.49453903,61.47510117,61.98573132,61.9573205,62.54442014,63.13809484,63.50291471,63.77858951,64.16486072,64.87594595,65.33974593,65.60812979,65.19976557,65.6027703,66.19221817,66.50480634,66.76493922,66.93522362
Sao Tome and Principe,STP,Employment in services (% of total employment) (modeled ILO estimate),SL.SRV.EMPL.ZS,,,,,,,,,,,,,,,,,,,,,,,,,,,,,,,,54.47489525,54.73890428,54.87030175,55.16009612,55.28496749,55.56181887,55.87528498,56.19549419,56.51604453,56.73330597,56.89997663,57.24363085,57.58524315,57.37099402,60.59461759,60.90686912,61.23929471,62.26424313,62.52558427,62.88755206,63.28149651,63.61922301,63.86576041,64.06674907,64.34037098,64.5907127,64.89727971,65.12110983,65.3096184,64.58058366,64.3783479,64.64179709,64.93040703,65.21138968,65.42419679
Suriname,SUR,Employment in services (% of total employment) (modeled ILO estimate),SL.SRV.EMPL.ZS,,,,,,,,,,,,,,,,,,,,,,,,,,,,,,,,76.59156746,76.42261654,76.04939198,73.95861352,70.46740076,69.14815903,71.29441521,75.29658893,78.55062931,76.78666606,74.61471148,72.53961592,69.95932559,67.46239475,67.31426814,67.15463732,67.14878087,66.81560425,67.16033341,67.1713945,66.94947495,67.17261251,67.23404255,67.15381927,66.88086653,66.75649866,66.68654316,66.53749978,66.68121185,66.34455073,66.30059873,66.30039711,66.64177517,66.7848725,66.92139554
Slovak Republic,SVK,Employment in services (% of total employment) (modeled ILO estimate),SL.SRV.EMPL.ZS,,,,,,,,,,,,,,,,,,,,,,,,,,,,,,,,45.57096846,47.47625131,48.3032978,48.5211786,50.27415642,49.909838,49.81421381,50.32487035,52.25416587,54.28522713,54.50547657,53.74879632,54.25558561,54.36360039,54.98873495,55.39786028,55.05895511,55.06232766,57.63533838,58.88512578,58.41655603,58.43565501,60.05961431,59.95549048,59.97688518,59.99591704,59.45281097,60.58039357,60.4327665,60.21610636,60.30384587,61.61798519,62.19302804,62.80839526,63.3086887
Slovenia,SVN,Employment in services (% of total employment) (modeled ILO estimate),SL.SRV.EMPL.ZS,,,,,,,,,,,,,,,,,,,,,,,,,,,,,,,,49.20799368,50.20460257,50.92055394,51.77531454,52.13240033,52.67183243,52.26994358,53.41127551,56.39718044,57.64656703,56.36446056,56.59513717,59.36104054,58.78879944,58.75085937,59.80793886,59.76591001,60.21642132,61.55144146,62.42680153,63.52407503,64.39837599,64.22599153,63.18251472,64.75383373,65.73920325,65.12241491,65.09713835,65.59740466,65.85741599,65.93291426,65.52674284,63.86027183,64.17139185,64.37425862
Sweden,SWE,Employment in services (% of total employment) (modeled ILO estimate),SL.SRV.EMPL.ZS,,,,,,,,,,,,,,,,,,,,,,,,,,,,,,,,69.22454831,69.75765489,70.36205607,70.53045464,71.04290074,70.87673007,71.2019226,71.06068339,72.00476893,72.72217552,73.61144665,74.51079788,74.86076478,75.14954655,75.77037358,75.85976932,76.10294101,76.55269763,77.66401677,77.99682226,78.08544801,78.2957856,78.80565151,79.42231153,79.6754461,79.91412392,80.0051514,80.08846187,79.89139615,79.95910653,79.91546945,80.92506829,80.9494472,81.16661872,81.41121211
Eswatini,SWZ,Employment in services (% of total employment) (modeled ILO estimate),SL.SRV.EMPL.ZS,,,,,,,,,,,,,,,,,,,,,,,,,,,,,,,,56.96604145,57.37769607,57.83296633,57.85193969,57.94608981,58.11602755,58.27939911,58.42642418,58.60920196,58.52304275,58.72326835,58.83142601,59.00362184,59.28156557,59.27879808,59.35263915,59.48384665,59.75122114,60.03875739,60.14986297,60.44021981,60.55917017,60.8477683,61.32410429,61.78966451,62.35061691,63.87063659,65.35762772,66.69589573,67.55750596,68.70665695,63.75358111,58.65705381,59.01040821,58.71995203
Sint Maarten (Dutch part),SXM,Employment in services (% of total employment) (modeled ILO estimate),SL.SRV.EMPL.ZS,,,,,,,,,,,,,,,,,,,,,,,,,,,,,,,,,,,,,,,,,,,,,,,,,,,,,,,,,,,,,,,,,,
Seychelles,SYC,Employment in services (% of total employment) (modeled ILO estimate),SL.SRV.EMPL.ZS,,,,,,,,,,,,,,,,,,,,,,,,,,,,,,,,,,,,,,,,,,,,,,,,,,,,,,,,,,,,,,,,,,
Syrian Arab Republic,SYR,Employment in services (% of total employment) (modeled ILO estimate),SL.SRV.EMPL.ZS,,,,,,,,,,,,,,,,,,,,,,,,,,,,,,,,46.69468247,44.62616,42.27810135,45.32845357,41.11131299,41.65129827,42.62457048,43.09072336,43.87300727,41.01226553,43.18814321,45.29459796,47.42055892,48.80800966,50.09635842,50.74239986,51.8025731,52.57733595,51.46874701,53.5604569,55.33434827,56.6788249,57.48908029,57.83645558,57.74993545,58.2098494,57.98405182,58.41858706,58.91057799,56.99334739,56.58315312,57.16520159,57.67760171,58.12040095,58.50221949
Turks and Caicos Islands,TCA,Employment in services (% of total employment) (modeled ILO estimate),SL.SRV.EMPL.ZS,,,,,,,,,,,,,,,,,,,,,,,,,,,,,,,,,,,,,,,,,,,,,,,,,,,,,,,,,,,,,,,,,,
Chad,TCD,Employment in services (% of total employment) (modeled ILO estimate),SL.SRV.EMPL.ZS,,,,,,,,,,,,,,,,,,,,,,,,,,,,,,,,14.30196173,14.40904418,14.57847403,14.83014153,15.01858745,15.22508995,15.45208635,15.71315338,15.96391994,16.22455367,16.47372787,16.74704891,16.93199777,16.98771714,17.2331959,17.40450749,17.64598934,17.85429783,18.28921671,18.28485541,18.57995811,18.74821212,19.20967698,19.43278066,19.68628778,20.09717787,20.43986169,20.68941799,20.90567618,19.54138231,19.29952805,19.12079903,19.44244549,19.57230644,19.76189577
East Asia & Pacific (IDA & IBRD countries),TEA,Employment in services (% of total employment) (modeled ILO estimate),SL.SRV.EMPL.ZS,,,,,,,,,,,,,,,,,,,,,,,,,,,,,,,,21.96984965,22.68721946,23.91501741,25.39179273,26.95312983,27.96972097,28.49513615,28.90077487,29.12175684,27.98701542,29.8847361,30.58449136,31.11563204,32.46721654,33.03197174,33.96225453,34.28713607,34.97374687,35.80569708,36.31421006,37.21070623,37.59023418,39.51061873,41.21394282,42.72689473,43.42826842,43.90399803,44.49597242,45.1724582,45.726667,46.07105066,45.7045602,46.56784976,46.98890344,47.37789574
Europe & Central Asia (IDA & IBRD countries),TEC,Employment in services (% of total employment) (modeled ILO estimate),SL.SRV.EMPL.ZS,,,,,,,,,,,,,,,,,,,,,,,,,,,,,,,,42.83320567,43.00729106,43.80412172,44.34900475,45.45819927,46.61976374,48.9900141,49.64565066,49.00544964,49.63841169,50.46643295,51.35888027,51.85185361,53.11411995,53.63967382,54.30302885,54.98826415,55.23700483,56.47916486,56.54495765,56.66958885,57.01576918,57.4336347,57.82177324,58.53000963,58.95871571,59.42058957,59.76251,60.17885662,60.15428287,60.30512092,60.67176712,61.42474514,61.84225591,62.11013084
Togo,TGO,Employment in services (% of total employment) (modeled ILO estimate),SL.SRV.EMPL.ZS,,,,,,,,,,,,,,,,,,,,,,,,,,,,,,,,36.73510509,36.01675778,34.76138107,36.19844237,36.34575491,36.79200469,37.75556794,37.67657395,37.6412338,37.30019063,37.23168467,37.29988031,37.97738143,37.67442917,36.87420229,37.2249576,37.71030044,39.10127848,40.0754008,42.18598054,44.26929873,44.7892943,45.35643833,45.6989509,46.20781693,46.48243768,46.87559977,43.54708346,40.85614416,40.22533692,40.74799877,42.09411249,43.01109724,43.60196263,44.24723582
Thailand,THA,Employment in services (% of total employment) (modeled ILO estimate),SL.SRV.EMPL.ZS,,,,,,,,,,,,,,,,,,,,,,,,,,,,,,,,29.03221653,27.86747465,30.43131606,30.46720565,33.08323978,34.13114441,34.94652664,35.8707779,37.99293582,37.10130349,38.36758147,38.1577218,38.88344818,39.16715915,39.38553066,39.62028926,39.88177957,40.2904802,40.6654511,41.1111094,39.55089963,38.03459081,39.43981796,42.95327844,43.94552128,45.04504461,45.57011889,44.95302564,45.62006345,46.00777644,45.83013504,47.34148128,47.855443,48.75930924,49.20596486
Tajikistan,TJK,Employment in services (% of total employment) (modeled ILO estimate),SL.SRV.EMPL.ZS,,,,,,,,,,,,,,,,,,,,,,,,,,,,,,,,26.19834642,26.10412447,25.97302523,25.71180183,25.38472365,25.08443382,24.97450534,24.98051989,24.89546502,24.91988461,25.20123827,25.51197533,25.80583999,26.3561857,27.37787564,28.21738263,29.16032283,30.19138871,31.1814952,31.86486335,32.75820659,33.5386522,34.43413772,35.26205145,36.01907765,36.95616315,37.86146199,38.74092426,39.13318807,37.54978179,37.26345102,37.66798978,38.12413988,38.60654498,39.07188453
Turkmenistan,TKM,Employment in services (% of total employment) (modeled ILO estimate),SL.SRV.EMPL.ZS,,,,,,,,,,,,,,,,,,,,,,,,,,,,,,,,32.91810908,32.24375333,32.53227506,32.72193098,32.67275141,33.12025281,33.38164295,34.03427297,35.0122188,35.84329623,36.36378537,36.71962755,37.37869197,38.04319425,38.9845079,39.79630512,40.50401002,40.79062826,41.43693668,42.16190266,42.76617994,43.41258283,44.12821242,44.82185996,45.56953635,46.16912492,46.82497257,47.40949867,47.97314698,47.58919547,47.80118794,48.13697925,48.66180241,49.08990355,49.50016907
Latin America & the Caribbean (IDA & IBRD countries),TLA,Employment in services (% of total employment) (modeled ILO estimate),SL.SRV.EMPL.ZS,,,,,,,,,,,,,,,,,,,,,,,,,,,,,,,,55.07723036,55.28853668,55.8386434,56.45207388,57.16242243,57.79975015,57.87885445,58.75552728,58.85206824,59.20484202,59.61752433,59.68537922,60.20120917,60.23436358,60.46787793,61.07403918,61.49503211,61.88957994,62.53572639,62.90420999,63.29008351,63.62643265,63.84836446,64.05810276,64.37891327,64.86604121,65.02432269,65.2074226,65.73661571,64.82732366,64.78599878,65.50677273,66.13864508,66.48859624,66.7232033
Timor-Leste,TLS,Employment in services (% of total employment) (modeled ILO estimate),SL.SRV.EMPL.ZS,,,,,,,,,,,,,,,,,,,,,,,,,,,,,,,,33.78707528,34.06064576,34.27659601,34.71920981,34.99353681,35.2849781,35.38927393,35.47017326,35.3194261,36.62239815,37.42696424,37.43945063,37.65014109,37.67238228,38.10888174,38.19348983,38.68110541,38.92489516,39.59489388,39.90039672,40.40350286,40.52729711,40.77212343,41.36727209,42.20329265,42.74845133,44.47244472,46.03755026,47.38123505,48.78747248,50.63453773,47.58632129,48.51132339,49.83271023,50.17725592
"Middle East, North Africa, Afghanistan & Pakistan (IDA & IBRD)",TMN,Employment in services (% of total employment) (modeled ILO estimate),SL.SRV.EMPL.ZS,,,,,,,,,,,,,,,,,,,,,,,,,,,,,,,,39.21144174,39.04057564,40.17913424,39.99625944,40.83359982,40.9312847,42.29735034,42.33368752,42.52741956,41.94799616,42.40078721,43.0532111,43.12911841,42.72688309,42.92463099,42.80564279,42.76460415,42.92393677,43.6481803,43.71152824,44.08839741,44.32218726,44.56410994,44.84608466,45.29289852,45.30841624,45.95739949,47.26314461,47.09371155,46.55778488,46.73574782,47.2323449,47.57047131,47.5722514,47.79465208
Tonga,TON,Employment in services (% of total employment) (modeled ILO estimate),SL.SRV.EMPL.ZS,,,,,,,,,,,,,,,,,,,,,,,,,,,,,,,,37.73084687,37.91346352,38.02695232,38.46567434,38.49166927,38.82279095,39.29783532,39.51404837,39.66723068,40.0730132,40.54470997,40.68694799,41.04828052,41.2945934,41.79361179,42.31338265,42.4626966,42.47210899,42.94636395,42.81080791,42.21637301,42.21640865,42.47657841,42.37891738,42.26083593,42.28711547,42.48849994,42.80208187,44.03776038,44.55394041,45.83309186,49.19352469,52.18143838,52.47470935,53.04828088
South Asia (IDA & IBRD),TSA,Employment in services (% of total employment) (modeled ILO estimate),SL.SRV.EMPL.ZS,,,,,,,,,,,,,,,,,,,,,,,,,,,,,,,,21.71692571,22.04452055,22.38583202,22.6929787,23.07710831,23.53069916,23.56441574,23.66047292,23.84180088,24.03330961,24.58561818,25.22537373,25.91730644,26.42227206,26.89895733,27.16103635,27.32886807,27.44620697,27.61518066,27.7571163,28.50525779,29.26380403,30.00103382,30.84966056,31.75569011,32.58553768,33.57313134,34.3621704,35.04181124,32.79458747,32.60871017,32.24468008,32.43745155,33.16352725,33.44932442
Sub-Saharan Africa (IDA & IBRD countries),TSS,Employment in services (% of total employment) (modeled ILO estimate),SL.SRV.EMPL.ZS,,,,,,,,,,,,,,,,,,,,,,,,,,,,,,,,29.17185476,28.93393208,28.96234196,28.97463781,29.05873794,29.34687102,29.47257504,29.63439604,29.80618701,29.92838816,29.97433858,29.91619548,30.09009713,30.39175931,30.69681676,31.10281602,31.54741874,31.97109775,32.39794641,33.19272217,33.65850372,34.1703979,34.23214181,34.87486504,35.40877139,35.85763274,36.41939369,37.17762653,38.10263741,36.55445435,36.5369275,37.13050576,37.49403251,38.09495147,38.49510153
Trinidad and Tobago,TTO,Employment in services (% of total employment) (modeled ILO estimate),SL.SRV.EMPL.ZS,,,,,,,,,,,,,,,,,,,,,,,,,,,,,,,,56.96294437,58.92165617,59.7927706,59.44284219,61.31905479,62.48271302,61.95099604,61.9024967,62.54862391,63.27173771,61.86386205,63.31502884,64.5125386,64.34763902,64.12120272,64.29599367,64.08318848,63.75630379,65.25988621,66.10781841,67.33441187,67.30058853,67.36816298,67.76200483,68.17440342,69.01477159,69.56615789,69.79200624,70.16393396,70.52324644,70.30377137,71.28994413,70.57628156,71.13015963,71.32443576
Tunisia,TUN,Employment in services (% of total employment) (modeled ILO estimate),SL.SRV.EMPL.ZS,,,,,,,,,,,,,,,,,,,,,,,,,,,,,,,,45.93485433,46.11560448,46.48231,46.84147839,47.15796558,47.14230754,47.31459823,47.54612663,47.69627262,47.92467468,48.18590605,48.5884117,48.68803526,48.76424714,49.09095446,48.33612402,48.52099265,48.53408582,49.28026749,48.70633533,49.98510182,49.87745153,51.35150467,51.68652796,52.14445047,51.88147284,51.89794482,51.7580787,51.69116098,52.34990988,53.18102963,54.40209451,53.83541098,54.03948991,54.26202897
Turkiye,TUR,Employment in services (% of total employment) (modeled ILO estimate),SL.SRV.EMPL.ZS,,,,,,,,,,,,,,,,,,,,,,,,,,,,,,,,31.1289493,32.52863233,34.65743862,34.27682892,34.53967648,34.32667665,35.04611111,36.0659131,37.63686221,39.16912101,38.89563302,41.15818626,42.45071736,44.96549191,46.82052658,47.9971668,48.5615921,48.29227344,50.49809293,48.80842346,48.11324293,49.14841266,49.40796023,49.85633815,51.16491468,52.51478595,52.8757258,53.66522294,55.3302839,54.94128709,55.26863061,56.62360432,57.76397629,58.07994622,58.48945455
Tuvalu,TUV,Employment in services (% of total employment) (modeled ILO estimate),SL.SRV.EMPL.ZS,,,,,,,,,,,,,,,,,,,,,,,,,,,,,,,,,,,,,,,,,,,,,,,,,,,,,,,,,,,,,,,,,,
Tanzania,TZA,Employment in services (% of total employment) (modeled ILO estimate),SL.SRV.EMPL.ZS,,,,,,,,,,,,,,,,,,,,,,,,,,,,,,,,18.64654642,18.56342142,18.48082126,18.36878566,18.35305627,18.55951741,18.68915909,18.84227031,19.04409098,19.22825927,19.53555212,19.93214137,20.30889482,20.76264399,21.28529454,21.77878656,22.31991008,22.56017965,22.9600357,23.38261947,23.95443127,24.24067693,24.78649001,25.32900078,25.70166631,26.10484236,26.48803749,26.85809133,27.27561982,26.22396959,26.13632961,26.40228676,26.79382402,26.85908254,27.32466307
Uganda,UGA,Employment in services (% of total employment) (modeled ILO estimate),SL.SRV.EMPL.ZS,,,,,,,,,,,,,,,,,,,,,,,,,,,,,,,,18.27481582,18.30152557,18.74867128,18.93408643,19.58694471,20.14719375,20.38421071,20.62138463,21.09425829,21.20477496,21.51677385,22.15294694,22.40989811,21.72506014,20.95909835,20.75927066,20.25962083,19.72126058,19.14032159,25.24865947,23.69646558,23.9931621,19.54925583,21.27699581,21.4302934,21.57287578,21.69161912,26.00399548,30.89098117,27.88031909,26.19750813,26.49770546,26.92326632,27.36114644,27.85017945
Ukraine,UKR,Employment in services (% of total employment) (modeled ILO estimate),SL.SRV.EMPL.ZS,,,,,,,,,,,,,,,,,,,,,,,,,,,,,,,,52.13456782,52.07556413,52.76855454,52.2759434,53.0792436,54.6202342,55.59484609,55.57064932,55.56066677,56.02159038,56.25740797,56.37475901,56.60556189,56.68577629,56.85936502,57.0675365,57.26346622,57.47693756,57.83692983,57.936584,57.94119942,58.08690769,59.11316413,59.27770786,60.22377808,60.33797939,60.47502181,60.78386201,61.11486274,61.14080937,60.66515398,,,,
Upper middle income,UMC,Employment in services (% of total employment) (modeled ILO estimate),SL.SRV.EMPL.ZS,,,,,,,,,,,,,,,,,,,,,,,,,,,,,,,,29.02226935,29.68940587,30.93611969,32.25643719,33.62478467,34.53949987,34.95316297,35.37325112,35.61994938,34.77625429,36.48671691,37.08753957,37.66180224,38.8454562,39.41566737,40.31558214,40.67729541,41.34543377,42.25245065,42.75547863,43.57241276,43.92664052,45.5860319,47.08058157,48.39925401,49.05756258,49.49433096,50.01759214,50.71306585,50.82222723,51.11578768,51.03006963,51.77348109,52.2441413,52.63998924
Uruguay,URY,Employment in services (% of total employment) (modeled ILO estimate),SL.SRV.EMPL.ZS,,,,,,,,,,,,,,,,,,,,,,,,,,,,,,,,62.47642832,62.93163058,64.27048538,64.83020937,64.96898555,65.48659882,65.94389103,66.27106935,66.5033015,66.97891496,67.62151493,68.78068075,69.01592197,68.06641454,68.42391238,68.83832206,68.42438218,68.6524905,68.8254833,67.75240617,70.24980325,71.18739643,70.0426148,70.73767729,71.58802867,72.61074753,72.36887085,73.28889905,73.62655915,73.49707018,73.15478906,73.3299694,72.64036796,72.9175447,73.15148424
United States,USA,Employment in services (% of total employment) (modeled ILO estimate),SL.SRV.EMPL.ZS,,,,,,,,,,,,,,,,,,,,,,,,,,,,,,,,72.68967619,73.24125657,73.83398254,73.75491652,73.72426395,73.88549166,73.93138669,74.21368677,74.7506529,74.93376287,75.29254544,75.5747929,75.78571809,75.88513324,76.06649437,75.99466187,76.302981,76.93215773,78.3806587,78.65836507,78.56796426,78.61832496,78.46723865,78.3945971,78.42495622,78.50317932,78.56192582,78.47803502,78.45878944,78.83519295,79.15393062,79.1026785,79.0947317,79.3873005,79.56277875
Uzbekistan,UZB,Employment in services (% of total employment) (modeled ILO estimate),SL.SRV.EMPL.ZS,,,,,,,,,,,,,,,,,,,,,,,,,,,,,,,,41.83195108,41.99359461,42.16337131,42.078111,42.40161464,42.72464899,42.90256466,43.49561239,43.96614505,44.45526253,45.03465998,45.5807612,46.13795534,46.7401932,47.34144366,47.92022092,48.55998266,49.20647745,49.72752399,50.2181484,49.91630083,50.43488674,49.85475572,49.46100327,49.51410164,49.52249948,49.79326786,50.68521797,50.58969241,49.37950918,49.31260192,49.54016585,49.73789518,49.97147756,50.19069435
St. Vincent and the Grenadines,VCT,Employment in services (% of total employment) (modeled ILO estimate),SL.SRV.EMPL.ZS,,,,,,,,,,,,,,,,,,,,,,,,,,,,,,,,54.01666713,54.83181768,55.81914522,56.95263913,57.76283778,58.84884625,59.62461696,60.31870892,61.43532726,62.50908635,63.39448396,63.80574146,64.0842702,64.37222065,64.75701767,64.87574622,64.97422385,65.58846276,66.03988864,66.54355257,67.01776126,67.4454793,67.70146812,68.20182404,68.38863096,68.70139266,68.95444057,69.22310982,69.63392451,69.53084561,69.43694698,69.31839102,69.37258468,69.58896039,69.79079118
"Venezuela, RB",VEN,Employment in services (% of total employment) (modeled ILO estimate),SL.SRV.EMPL.ZS,,,,,,,,,,,,,,,,,,,,,,,,,,,,,,,,60.76197814,61.03272347,61.91764029,61.90377861,62.36214376,63.52994663,64.78901578,65.01274375,66.59792045,66.07204237,67.79343218,68.88970007,68.91056988,68.71482481,69.06525989,68.39862347,68.03405599,68.60924813,68.90613701,69.48722927,70.15031558,70.99487877,71.22836533,71.81629631,72.23805446,72.80779003,71.84925576,72.53513393,73.25289009,72.69174464,72.60702806,73.05848236,73.49137598,73.88418988,74.37328178
British Virgin Islands,VGB,Employment in services (% of total employment) (modeled ILO estimate),SL.SRV.EMPL.ZS,,,,,,,,,,,,,,,,,,,,,,,,,,,,,,,,,,,,,,,,,,,,,,,,,,,,,,,,,,,,,,,,,,
Virgin Islands (U.S.),VIR,Employment in services (% of total employment) (modeled ILO estimate),SL.SRV.EMPL.ZS,,,,,,,,,,,,,,,,,,,,,,,,,,,,,,,,71.16825799,71.41158485,71.65389058,71.79540363,72.01463115,72.24221598,72.42655617,72.68930113,72.95806001,73.14396385,73.47587211,73.79962446,74.09584811,74.26658444,74.41985852,74.64507778,74.82149568,75.14801565,75.83195557,76.18410959,76.84668723,77.64917406,78.23894211,78.6405132,79.01713083,79.34585397,79.83726247,80.20664286,80.55466449,81.00635046,80.55711957,80.91166445,81.22128139,81.56279233,81.86197724
Viet Nam,VNM,Employment in services (% of total employment) (modeled ILO estimate),SL.SRV.EMPL.ZS,,,,,,,,,,,,,,,,,,,,,,,,,,,,,,,,18.71565985,19.1866453,19.64691074,20.15807753,20.51815317,20.77218451,23.4589894,25.12259875,24.46732907,23.72703138,23.5421051,24.74792718,25.44658786,26.34360964,28.06461229,29.90022512,30.32832226,30.40913458,30.59946397,29.61408977,30.41003061,31.44325986,32.00335067,32.21813246,33.23787773,33.37288761,34.06771988,35.57116483,35.87565562,36.31772243,37.84609426,35.85503488,39.54941608,39.80634851,40.13050773
Vanuatu,VUT,Employment in services (% of total employment) (modeled ILO estimate),SL.SRV.EMPL.ZS,,,,,,,,,,,,,,,,,,,,,,,,,,,,,,,,35.11521195,35.23129362,35.22869926,35.33199386,35.35249249,35.48092198,35.5976753,35.80152347,35.96025851,36.14575266,36.22452268,36.30908661,36.52359275,36.66337496,36.84104357,37.0026036,37.01757409,37.03580368,37.30051685,33.1860514,34.57519558,35.96505472,37.40069261,38.64121829,40.15144335,41.80810421,43.29390599,44.76809665,46.29353763,44.65907524,44.08554416,44.58088879,44.80189172,45.10594638,45.42728113
World,WLD,Employment in services (% of total employment) (modeled ILO estimate),SL.SRV.EMPL.ZS,,,,,,,,,,,,,,,,,,,,,,,,,,,,,,,,35.37553114,35.73181901,36.46919002,37.19279883,38.00714755,38.62910545,39.10987672,39.41109946,39.57978248,39.29059263,40.22130666,40.69716996,41.12214044,41.83643858,42.28794485,42.85083724,43.18605484,43.67032436,44.2314146,44.57428885,45.14446363,45.56579965,46.40988267,47.27834985,48.12512135,48.64423324,49.11880956,49.6621539,50.17288715,49.51167845,49.57530927,49.5169892,49.92930777,50.32305841,50.55813841
Samoa,WSM,Employment in services (% of total employment) (modeled ILO estimate),SL.SRV.EMPL.ZS,,,,,,,,,,,,,,,,,,,,,,,,,,,,,,,,37.08763685,37.39541258,37.56127997,37.78137026,38.14268981,38.25498675,38.5489965,39.19715219,39.86065842,40.2510518,40.81660852,41.98962413,43.36055373,44.51671918,45.7276346,47.0583304,48.94207596,50.12199947,51.319787,52.67815103,53.85807201,54.29813583,54.52325127,55.26184217,55.58534549,55.70151549,56.05617601,56.70625133,56.87296745,56.09998778,55.96986817,56.37632954,56.63164806,56.86153287,57.181636
Kosovo,XKX,Employment in services (% of total employment) (modeled ILO estimate),SL.SRV.EMPL.ZS,,,,,,,,,,,,,,,,,,,,,,,,,,,,,,,,,,,,,,,,,,,,,,,,,,,,,,,,,,,,,,,,,,
"Yemen, Rep.",YEM,Employment in services (% of total employment) (modeled ILO estimate),SL.SRV.EMPL.ZS,,,,,,,,,,,,,,,,,,,,,,,,,,,,,,,,30.62700883,30.7360542,31.1251986,31.3102114,30.91273559,30.51015038,30.19823512,29.89027738,31.84925583,35.1478505,38.7816345,42.51789421,46.20246804,49.95435416,50.95131129,52.00562975,52.82101335,53.50161205,54.0574374,54.83150146,55.04680724,55.48734241,55.86024167,56.27544086,56.55429354,56.80016174,57.10614758,57.52278399,57.8540684,56.11066376,55.5721628,55.99746605,56.4243402,56.82513661,57.25472005
South Africa,ZAF,Employment in services (% of total employment) (modeled ILO estimate),SL.SRV.EMPL.ZS,,,,,,,,,,,,,,,,,,,,,,,,,,,,,,,,65.92746526,65.947876,66.00197422,66.09494744,66.25130875,66.41333183,66.54737398,66.56064064,66.73839135,67.01363954,66.28894367,64.69605799,66.19272821,65.91622531,67.9099447,68.11080013,68.36771283,68.60265762,69.69034297,70.4787916,71.24382185,71.73071426,71.51917641,71.95675816,70.57977087,71.11487216,71.41060894,71.71621371,72.45078763,73.33965843,73.66685827,73.35983923,73.92530463,73.75300795,73.83322439
Zambia,ZMB,Employment in services (% of total employment) (modeled ILO estimate),SL.SRV.EMPL.ZS,,,,,,,,,,,,,,,,,,,,,,,,,,,,,,,,18.15648128,17.99768576,17.8974566,18.55025188,18.62662291,18.85781431,18.98622664,18.91136905,18.78041039,19.12260688,18.37591748,17.77921103,17.33036853,17.01454199,16.81286999,16.93115328,17.07112704,17.21940052,19.63481855,22.3693705,25.22391511,28.55584939,28.49553158,28.64956009,28.94665923,29.16065064,29.38039285,30.28071913,33.54239939,32.2171216,32.01417035,34.21170833,34.10752817,34.66427671,35.19155604
Zimbabwe,ZWE,Employment in services (% of total employment) (modeled ILO estimate),SL.SRV.EMPL.ZS,,,,,,,,,,,,,,,,,,,,,,,,,,,,,,,,38.08790277,37.3033778,37.04819335,37.99243244,38.29119284,39.08711213,39.25795484,39.49085699,38.94904245,36.65931166,34.70493708,31.42093098,27.89796922,25.28760649,23.84424386,22.64566277,21.9479529,20.98005444,22.70213034,24.73484975,24.91565443,25.79911205,25.39301901,25.36330852,25.64379069,25.67166249,25.85014477,26.44688982,26.40608263,29.06514529,32.89024326,34.36781898,33.15838069,33.39477281,34.16088042
