Country Name,Country Code,Indicator Name,Indicator Code,1960,1961,1962,1963,1964,1965,1966,1967,1968,1969,1970,1971,1972,1973,1974,1975,1976,1977,1978,1979,1980,1981,1982,1983,1984,1985,1986,1987,1988,1989,1990,1991,1992,1993,1994,1995,1996,1997,1998,1999,2000,2001,2002,2003,2004,2005,2006,2007,2008,2009,2010,2011,2012,2013,2014,2015,2016,2017,2018,2019,2020,2021,2022,2023,2024,2025
Aruba,ABW,Employment in industry (% of total employment) (modeled ILO estimate),SL.IND.EMPL.ZS,,,,,,,,,,,,,,,,,,,,,,,,,,,,,,,,,,,,,,,,,,,,,,,,,,,,,,,,,,,,,,,,,,
Africa Eastern and Southern,AFE,Employment in industry (% of total employment) (modeled ILO estimate),SL.IND.EMPL.ZS,,,,,,,,,,,,,,,,,,,,,,,,,,,,,,,,10.52798438,10.44769085,10.39257441,10.33791339,10.27954862,10.28498973,10.2333395,10.19933438,10.13832723,10.09988716,10.17435614,10.14646692,10.03779159,10.12058735,10.09467986,10.10141029,10.13943703,10.1273113,10.02631578,9.89751966,9.881341977,9.910266529,9.942707377,9.778460636,9.867109104,9.780063531,9.739143649,9.76606722,9.621382273,9.336643169,9.107722035,9.268475099,9.085401474,9.332349602,9.365701802
Afghanistan,AFG,Employment in industry (% of total employment) (modeled ILO estimate),SL.IND.EMPL.ZS,,,,,,,,,,,,,,,,,,,,,,,,,,,,,,,,12.58409407,12.91335718,12.98264923,13.09368422,13.38214842,13.30136084,13.21429112,13.09961403,12.98395293,12.87623573,12.63838425,12.96107903,13.17532133,13.18515905,13.5002727,13.70732206,14.03320434,14.27249276,15.72091197,16.98432251,17.56471069,18.92253841,21.34582753,23.85566179,22.61914392,21.3484269,20.1948976,19.3764202,18.60929218,18.48131334,19.6166326,19.03650821,19.2101817,19.04343302,18.89910466
Africa Western and Central,AFW,Employment in industry (% of total employment) (modeled ILO estimate),SL.IND.EMPL.ZS,,,,,,,,,,,,,,,,,,,,,,,,,,,,,,,,10.68690993,10.68570857,10.54316097,10.43877195,10.41425942,10.47829661,10.5170826,10.52936581,10.51456121,10.5836354,10.61037487,10.76489113,10.85303247,11.03281448,11.09161849,11.18730551,11.23467709,11.37610821,11.58001746,11.90183415,12.16174421,12.67533957,13.27774412,13.36088925,13.25075271,12.97363177,13.18652819,13.27821172,13.42677981,14.00817519,14.56396984,15.51372163,15.53678217,15.56418836,15.70051116
Angola,AGO,Employment in industry (% of total employment) (modeled ILO estimate),SL.IND.EMPL.ZS,,,,,,,,,,,,,,,,,,,,,,,,,,,,,,,,7.511284691,7.468543457,7.397625309,7.484844172,7.630702986,7.805970026,7.952663011,8.121059709,8.134866606,8.206038689,8.335073747,8.543406249,8.621997324,8.679960093,8.436740784,8.099574906,7.822266263,7.426900303,7.094504416,7.040573966,6.939456505,6.995087177,6.937374579,6.90546974,6.978239909,6.964710825,6.973175142,6.913523201,6.910480845,6.221126303,5.717572676,7.02747877,7.067039012,7.157697609,7.199145031
Albania,ALB,Employment in industry (% of total employment) (modeled ILO estimate),SL.IND.EMPL.ZS,,,,,,,,,,,,,,,,,,,,,,,,,,,,,,,,18.1522981,17.88458835,17.79574811,17.595612,16.71344213,15.23482986,15.62943198,15.21963538,15.60873092,16.19718437,16.31411212,16.83205937,16.40857041,17.30126157,17.29957182,17.22454849,17.55061075,17.83287688,18.72467638,19.13970269,18.77164695,17.03246516,17.32253146,18.42574981,19.04736309,20.1110874,19.94606691,20.23156799,20.54900042,20.89668271,21.76824436,22.24950252,21.64887267,21.79501477,21.98324732
Andorra,AND,Employment in industry (% of total employment) (modeled ILO estimate),SL.IND.EMPL.ZS,,,,,,,,,,,,,,,,,,,,,,,,,,,,,,,,,,,,,,,,,,,,,,,,,,,,,,,,,,,,,,,,,,
Arab World,ARB,Employment in industry (% of total employment) (modeled ILO estimate),SL.IND.EMPL.ZS,,,,,,,,,,,,,,,,,,,,,,,,,,,,,,,,21.32411767,21.51632931,21.58928892,21.85792551,21.93255028,22.4941378,22.4089495,22.39462561,22.43984709,22.0917488,22.10289922,21.92203093,21.82366948,22.20861538,22.86444168,23.34365427,23.70681802,24.38974142,24.66953938,25.27986935,24.82215327,24.9220635,24.74531621,24.90804647,25.13523019,25.33822491,25.53378648,25.56686193,25.61499502,24.9155437,24.8292011,24.60536282,26.33197567,26.4023194,26.42995972
United Arab Emirates,ARE,Employment in industry (% of total employment) (modeled ILO estimate),SL.IND.EMPL.ZS,,,,,,,,,,,,,,,,,,,,,,,,,,,,,,,,42.98386158,42.94428027,42.90502849,42.91093766,43.01769852,42.957278,43.24157083,43.10314741,42.80249858,42.76604132,41.20010446,39.52804753,38.46842129,37.22542053,35.83133924,34.86078737,33.66848526,32.41185477,32.15478612,31.81090989,31.4633572,31.04379217,30.88429736,30.85422908,31.11292868,30.95271776,30.49440574,30.21270631,29.9929929,28.94285924,30.8775672,30.74869231,30.78273005,30.57825202,30.59443095
Argentina,ARG,Employment in industry (% of total employment) (modeled ILO estimate),SL.IND.EMPL.ZS,,,,,,,,,,,,,,,,,,,,,,,,,,,,,,,,27.3757346,26.95708317,24.73269439,24.03550437,22.84541031,22.75312,23.36707231,22.82431175,21.73930293,20.93402379,20.29778113,18.65800467,20.24869244,20.56422977,21.14264754,21.57324431,21.89879287,22.08183566,21.35532245,21.58195808,22.39360794,22.1242387,22.47409544,22.79487606,22.36892529,21.57254058,21.13299757,20.78486737,20.61491984,20.92646281,20.4837081,21.11800643,21.41150455,21.11218669,21.18432878
Armenia,ARM,Employment in industry (% of total employment) (modeled ILO estimate),SL.IND.EMPL.ZS,,,,,,,,,,,,,,,,,,,,,,,,,,,,,,,,16.27356141,15.59743902,15.20904432,15.06609266,14.90197216,14.77842145,14.70194051,14.68385109,14.67128466,14.65025586,14.70649067,14.82029305,14.90627522,15.02754927,15.37595265,15.86602123,16.49477549,16.86959883,16.65192851,16.71386757,16.33776317,17.07898339,16.66127488,16.728455,15.91049659,15.78445576,16.70862585,18.90570617,19.05439987,18.39412033,18.71808122,21.21070563,20.46882836,20.89688994,21.29869563
American Samoa,ASM,Employment in industry (% of total employment) (modeled ILO estimate),SL.IND.EMPL.ZS,,,,,,,,,,,,,,,,,,,,,,,,,,,,,,,,,,,,,,,,,,,,,,,,,,,,,,,,,,,,,,,,,,
Antigua and Barbuda,ATG,Employment in industry (% of total employment) (modeled ILO estimate),SL.IND.EMPL.ZS,,,,,,,,,,,,,,,,,,,,,,,,,,,,,,,,,,,,,,,,,,,,,,,,,,,,,,,,,,,,,,,,,,
Australia,AUS,Employment in industry (% of total employment) (modeled ILO estimate),SL.IND.EMPL.ZS,,,,,,,,,,,,,,,,,,,,,,,,,,,,,,,,23.92207287,23.72756916,23.74882526,23.63149876,23.12862513,22.62860719,22.39601056,22.04863487,21.749254,22.08454423,21.20350392,21.36492696,21.33609301,21.65984178,21.49067768,21.69314612,21.60506951,22.09351605,21.90132266,21.70730464,21.53347788,21.38635067,21.12151744,20.98022535,20.06563729,19.98873565,19.43010914,19.88763606,19.05845825,19.19110182,19.5009896,19.24926087,19.68022871,19.359095,19.29313561
Austria,AUT,Employment in industry (% of total employment) (modeled ILO estimate),SL.IND.EMPL.ZS,,,,,,,,,,,,,,,,,,,,,,,,,,,,,,,,33.36693909,32.15922652,31.77264815,31.57784154,31.21061281,29.43979459,28.77306297,28.67701794,28.87995254,29.16039413,28.49373325,27.98430433,28.03230816,27.71746335,27.57317536,28.16141577,27.32417732,26.01159725,24.73709301,24.72046781,26.02556247,26.08006469,25.90748153,25.75133216,25.76423007,25.56260314,24.92229926,25.43544918,25.3558624,24.86481143,25.6264557,26.36416124,25.72102701,24.83124456,24.64749285
Azerbaijan,AZE,Employment in industry (% of total employment) (modeled ILO estimate),SL.IND.EMPL.ZS,,,,,,,,,,,,,,,,,,,,,,,,,,,,,,,,16.81907227,15.24205437,14.41222962,14.03261883,13.45169843,11.23110319,11.16082498,11.16546025,11.17261427,10.87866022,10.82099184,11.52824824,12.89596812,11.90571125,12.07729128,12.35353976,12.6254883,12.13019105,12.66912804,13.71678337,14.07453473,14.28697988,14.37500882,14.30423264,14.063702,14.32802364,14.37334502,14.71932393,15.13052752,15.07280053,15.30210868,15.44072524,15.40463915,15.43069516,15.53520743
Burundi,BDI,Employment in industry (% of total employment) (modeled ILO estimate),SL.IND.EMPL.ZS,,,,,,,,,,,,,,,,,,,,,,,,,,,,,,,,2.31616864,2.302827936,2.276445095,2.255844433,2.238249201,2.212533573,2.197949549,2.197638627,2.237896525,2.282150245,2.333141612,2.391428197,2.451632781,2.513132462,2.581880059,2.658383584,2.742271938,2.829833564,2.924854733,3.024499425,3.130045512,3.249277728,3.371372868,3.496684342,3.48140424,3.476926251,3.472024464,3.327595584,3.233625463,3.083251322,3.059834932,3.069301857,3.077468388,3.09280381,3.103262622
Belgium,BEL,Employment in industry (% of total employment) (modeled ILO estimate),SL.IND.EMPL.ZS,,,,,,,,,,,,,,,,,,,,,,,,,,,,,,,,30.32851723,29.94964846,29.43064044,28.8777656,28.25053286,27.63479512,27.54647042,27.24502908,25.77113894,25.81344755,25.48831237,25.78444179,24.91924928,24.93847886,24.68606479,24.69299018,24.43024736,24.67247076,23.47444799,23.37509383,23.23369709,21.75612612,21.70354698,21.3930861,21.43409664,21.26439861,21.17416704,20.92230768,21.12301683,20.69656504,19.7565329,20.46075783,20.14841351,19.52336774,19.24667528
Benin,BEN,Employment in industry (% of total employment) (modeled ILO estimate),SL.IND.EMPL.ZS,,,,,,,,,,,,,,,,,,,,,,,,,,,,,,,,20.86702808,20.80207637,20.74468062,20.85159727,20.77135483,20.67536218,20.59902032,20.49943909,20.43668142,20.38691288,20.33138371,20.26076655,20.18798259,20.08053425,19.96293351,19.82403946,19.68174575,19.42175198,19.05646681,18.75346477,18.46036298,16.9076977,15.69417361,16.03086591,16.31778894,16.63017688,16.99168098,17.38353325,17.76824289,17.92595247,18.04027463,18.31283003,18.30308211,18.2823869,18.3165686
Burkina Faso,BFA,Employment in industry (% of total employment) (modeled ILO estimate),SL.IND.EMPL.ZS,,,,,,,,,,,,,,,,,,,,,,,,,,,,,,,,6.194153074,6.178863514,6.177590146,6.191681642,6.40403424,6.660453543,6.932185302,7.187463626,7.501384481,7.795824596,8.118600832,8.46750071,8.891413312,9.303212426,9.726882653,10.18810374,10.6381868,10.95205318,11.46069177,12.0925724,12.6832183,13.17286522,13.5378859,14.02470038,14.50324111,15.09431551,15.73713864,16.33165646,17.00123252,16.66095808,16.42414835,16.48580286,16.56076595,16.61076413,16.66640544
Bangladesh,BGD,Employment in industry (% of total employment) (modeled ILO estimate),SL.IND.EMPL.ZS,,,,,,,,,,,,,,,,,,,,,,,,,,,,,,,,17.1824634,16.19038024,15.08635585,14.10685498,13.32246548,12.52857961,12.62986979,12.70982611,12.94510485,13.08921903,14.40514734,15.73600065,17.14192022,17.62208907,18.20079693,18.63725554,18.90982402,19.18723024,19.38633352,19.6659444,20.03368371,20.43301712,20.78889459,20.53669599,20.47960856,20.45952454,20.41932417,20.05326078,19.80480293,18.97008695,18.29576573,17.96882096,17.62586715,17.89240018,18.03358721
Bulgaria,BGR,Employment in industry (% of total employment) (modeled ILO estimate),SL.IND.EMPL.ZS,,,,,,,,,,,,,,,,,,,,,,,,,,,,,,,,45.09030894,43.79497005,42.03799117,40.39561608,38.52976119,36.90379183,36.3422397,34.96429024,33.00070614,32.83061823,32.76736132,32.66298953,32.12959566,32.91706197,34.24188343,34.47257772,35.50027395,36.26890079,35.60509112,33.4019992,31.51064905,31.46185619,30.52758363,29.63748689,30.29682722,30.17158407,29.31772509,30.29597818,29.48606317,30.93952643,29.99487924,30.2322891,29.59053285,28.13053824,27.87640087
Bahrain,BHR,Employment in industry (% of total employment) (modeled ILO estimate),SL.IND.EMPL.ZS,,,,,,,,,,,,,,,,,,,,,,,,,,,,,,,,28.52910482,28.57703762,29.01633889,28.83745173,28.72749459,28.52725035,28.34803673,28.19762148,28.17504984,28.46709581,28.56783803,28.70273349,29.17294601,30.19379052,31.26689416,32.46815987,33.53034133,34.68935009,34.54983468,35.71940414,35.25295053,35.00372116,35.07255724,35.21169443,35.15731625,35.31476579,35.312378,35.20719819,35.09681811,34.54609818,35.15364128,35.22184506,35.14131801,35.03992016,34.90615542
"Bahamas, The",BHS,Employment in industry (% of total employment) (modeled ILO estimate),SL.IND.EMPL.ZS,,,,,,,,,,,,,,,,,,,,,,,,,,,,,,,,15.31584705,15.30053349,12.24925887,12.91374216,14.24602867,14.8020678,14.64681719,15.29117611,16.71840719,17.0118673,17.04621405,16.69544347,15.84922574,16.07158901,17.82547775,18.30354887,17.95755207,16.2541599,16.0627468,14.59154676,13.12776937,13.45186723,13.39214947,13.60787027,13.56334068,13.73874896,14.11673977,14.26635039,14.46708001,14.34385443,14.89397068,14.94239653,14.88713569,14.84194573,14.79003904
Bosnia and Herzegovina,BIH,Employment in industry (% of total employment) (modeled ILO estimate),SL.IND.EMPL.ZS,,,,,,,,,,,,,,,,,,,,,,,,,,,,,,,,30.21844064,30.23930597,30.15243484,30.03505481,30.01228916,30.03054324,30.21013493,30.48931713,30.31525482,30.49316626,30.43778761,30.43232393,30.49193132,30.52924769,30.70921847,30.84360878,32.55486389,32.37969243,31.40197811,30.85347161,28.90209373,30.29572449,29.82220086,30.02379239,29.50881329,31.2821818,29.5183526,32.18628412,31.74095046,33.51523256,30.59165831,30.67300125,30.62962893,30.63757735,30.60016148
Belarus,BLR,Employment in industry (% of total employment) (modeled ILO estimate),SL.IND.EMPL.ZS,,,,,,,,,,,,,,,,,,,,,,,,,,,,,,,,38.82935446,38.19555583,37.38302528,35.99055553,34.99510597,34.63196069,34.83556862,34.81321766,34.49919673,34.41842404,34.07116483,33.90295302,33.85103188,34.04157199,34.13247826,34.29339628,34.33337927,34.5977353,34.03351448,33.94120614,33.56837841,33.21590897,32.90705705,32.43265666,32.18945863,31.54599906,30.77233713,30.62883924,30.38711726,30.58170469,30.45102611,30.9298204,30.9801111,31.04013026,31.05820198
Belize,BLZ,Employment in industry (% of total employment) (modeled ILO estimate),SL.IND.EMPL.ZS,,,,,,,,,,,,,,,,,,,,,,,,,,,,,,,,18.49394498,18.55398611,18.69955157,17.95203573,17.81225384,16.96294956,18.24477192,17.98469769,16.98951385,17.4921573,17.5420348,17.63713682,17.59580485,17.75529791,17.88188717,17.82551821,17.70666564,17.73066598,17.40159574,17.07494149,16.99728596,16.89551624,16.917141,16.88884675,15.4212582,15.70579851,15.69530113,17.48656393,15.70465679,15.64880711,15.82929802,15.74564285,15.38228767,15.41350782,15.34884829
Bermuda,BMU,Employment in industry (% of total employment) (modeled ILO estimate),SL.IND.EMPL.ZS,,,,,,,,,,,,,,,,,,,,,,,,,,,,,,,,,,,,,,,,,,,,,,,,,,,,,,,,,,,,,,,,,,
Bolivia,BOL,Employment in industry (% of total employment) (modeled ILO estimate),SL.IND.EMPL.ZS,,,,,,,,,,,,,,,,,,,,,,,,,,,,,,,,23.5614214,24.1502513,22.31209896,23.66983367,21.81628344,21.93006511,22.51127153,22.81041275,22.80668237,21.98857288,19.07875199,21.69203119,24.15291013,24.15260497,23.03306892,21.17019785,23.28173709,23.70387863,24.31386282,21.77163261,19.8371829,19.92831867,18.85559091,23.34707484,23.28703799,23.34930761,22.53284519,22.1517147,23.3942127,20.19006737,20.4315925,20.51313778,20.11354603,19.95354945,19.79353111
Brazil,BRA,Employment in industry (% of total employment) (modeled ILO estimate),SL.IND.EMPL.ZS,,,,,,,,,,,,,,,,,,,,,,,,,,,,,,,,24.97769961,24.65956567,24.63109703,24.80924084,24.36216661,24.43250243,24.47036457,24.39932855,23.61446102,23.49876573,23.22294302,23.69627492,23.11619958,23.21953533,23.59436085,23.54884601,24.1212243,24.86628041,24.30102741,24.18283477,23.90908124,23.82031088,23.65553526,23.57364394,22.81981481,21.36961923,20.94447545,20.53004478,20.40262746,20.25648079,20.73347764,20.4917035,20.17157032,20.30222502,20.21307677
Barbados,BRB,Employment in industry (% of total employment) (modeled ILO estimate),SL.IND.EMPL.ZS,,,,,,,,,,,,,,,,,,,,,,,,,,,,,,,,24.2279898,24.1818024,23.17064876,22.93212227,23.63723303,23.51882683,23.52847797,25.29203052,25.73144234,24.51951847,23.31029335,22.48297449,21.42995393,21.27916211,21.02210436,20.43835777,21.14527309,20.93813585,20.84129598,20.41072894,20.03476943,19.80702932,19.79157388,19.56844555,19.36017194,19.26088159,19.31099048,18.23869733,16.91120538,16.41008316,16.79523469,16.17635567,16.23152779,16.19327778,16.17170798
Brunei Darussalam,BRN,Employment in industry (% of total employment) (modeled ILO estimate),SL.IND.EMPL.ZS,,,,,,,,,,,,,,,,,,,,,,,,,,,,,,,,23.97984471,23.71186215,23.2056533,22.72048205,22.91178829,22.33644208,22.02749502,21.09294458,20.13784963,19.67931318,19.40333893,19.44766678,19.49359499,19.34380658,19.21279741,19.24687901,18.75358725,18.66533718,18.25014798,18.15753241,18.36424903,18.3403895,18.04627732,17.84959398,17.25585224,16.58267436,16.12741701,19.4043527,20.76297327,23.71513719,23.56681998,21.47085934,20.45003488,20.44660428,20.38558197
Bhutan,BTN,Employment in industry (% of total employment) (modeled ILO estimate),SL.IND.EMPL.ZS,,,,,,,,,,,,,,,,,,,,,,,,,,,,,,,,4.931310447,5.003366857,4.980305279,5.055965203,5.001921382,5.041888736,5.08543407,5.19362612,5.266526882,5.403624121,5.511493635,5.632120136,5.66259524,5.837234612,5.931009912,5.818930257,5.816636035,5.920097081,6.280597824,6.74034707,9.20600031,9.900190495,10.95811992,10.82223325,9.661174635,10.78020458,11.72961993,13.05650548,15.4470242,14.85895908,15.60844884,15.23982983,15.25476904,15.52072518,15.8788826
Botswana,BWA,Employment in industry (% of total employment) (modeled ILO estimate),SL.IND.EMPL.ZS,,,,,,,,,,,,,,,,,,,,,,,,,,,,,,,,21.27110777,21.39179767,21.50636448,21.70800029,21.85220433,21.86019219,20.75828682,19.9112033,19.2050989,18.59594647,21.77824309,20.80126892,19.84732074,17.50939443,15.41389673,13.50189279,14.16888412,14.86750952,15.55476727,15.80717064,16.02103524,16.02954869,16.17666992,16.27611682,16.23572476,16.3440689,16.38898492,16.42254857,16.50905212,15.03951161,15.9515964,15.7001397,15.79046206,15.749373,15.7727338
Central African Republic,CAF,Employment in industry (% of total employment) (modeled ILO estimate),SL.IND.EMPL.ZS,,,,,,,,,,,,,,,,,,,,,,,,,,,,,,,,17.7208906,17.54597296,17.44107224,17.33135291,17.2074612,17.01174939,16.89832607,16.77993181,16.67057692,16.52880151,16.42279699,16.30165166,16.10783043,16.04431856,15.92216303,15.83740715,15.75181592,15.61094485,15.56527939,15.46994279,15.40175417,15.32490735,14.98305694,14.79653618,14.72580805,14.6397732,14.55252637,14.47722053,14.41612787,14.09887559,13.69057222,13.5791111,13.51202303,13.44820841,13.39349654
Canada,CAN,Employment in industry (% of total employment) (modeled ILO estimate),SL.IND.EMPL.ZS,,,,,,,,,,,,,,,,,,,,,,,,,,,,,,,,23.84205213,23.18162901,22.51002742,22.66926019,22.92799256,22.75039432,23.05705889,23.11725423,23.12160905,23.29417806,23.06283525,23.22986832,22.97341911,23.04878655,22.6904988,22.20632054,21.75318674,21.53295943,20.42952504,20.25997328,20.47922347,20.67565525,20.39962972,20.23564452,20.04274974,19.51211428,19.75277414,19.70534768,19.30322852,19.49183333,19.33615529,19.3705526,19.21389407,18.93282434,18.74842728
Central Europe and the Baltics,CEB,Employment in industry (% of total employment) (modeled ILO estimate),SL.IND.EMPL.ZS,,,,,,,,,,,,,,,,,,,,,,,,,,,,,,,,37.16981799,36.38212695,35.83898307,35.4151149,34.82654463,34.74550457,34.58868132,34.12825853,33.16052264,32.67458867,32.5398844,33.05293616,32.68222597,32.90398976,32.91332541,33.16396865,33.73901158,34.19081352,32.71795111,31.65850603,31.8012783,31.47650009,31.32984636,31.47346975,31.38824681,32.00917652,32.17218579,32.32651952,32.3175532,32.14589794,31.72845139,31.59981002,31.09274033,30.97181735,30.7468986
Switzerland,CHE,Employment in industry (% of total employment) (modeled ILO estimate),SL.IND.EMPL.ZS,,,,,,,,,,,,,,,,,,,,,,,,,,,,,,,,27.51793183,26.17761493,25.39592138,25.70729664,26.67158757,26.15819299,25.12687662,24.91201765,24.5324477,24.6640178,24.5790152,23.66201858,22.57489429,22.51653779,22.51206867,22.79088026,22.69513584,22.28295584,22.19931921,22.10776231,21.93861147,21.58411209,21.67246484,21.11758988,20.71322327,20.56738594,20.48011068,20.42881379,20.41450768,20.43125668,20.19543844,20.08594528,19.91405368,19.85251772,19.58969206
Channel Islands,CHI,Employment in industry (% of total employment) (modeled ILO estimate),SL.IND.EMPL.ZS,,,,,,,,,,,,,,,,,,,,,,,,,,,,,,,,18.95980496,18.69936501,18.51729038,18.43238044,18.23571629,18.02803436,17.86926414,17.66862719,17.47545706,17.33730463,17.12572794,16.90437855,16.76927671,16.61313827,16.46180983,16.30055884,16.14339397,15.8870339,15.42348217,15.11609351,14.96035619,14.62599583,14.45757308,14.35862493,14.1842757,14.02352635,13.89361838,13.7225228,13.55597988,13.19103387,13.16113161,13.1270534,12.95557034,12.78866081,12.64641922
Chile,CHL,Employment in industry (% of total employment) (modeled ILO estimate),SL.IND.EMPL.ZS,,,,,,,,,,,,,,,,,,,,,,,,,,,,,,,,26.76073695,26.6492388,27.28879351,26.22304964,26.13813435,26.75753378,27.09635642,25.43363846,23.25835863,23.15794127,23.70148491,23.50853579,23.11604037,23.04366439,23.05386419,23.00039995,22.97723991,23.08782607,22.77661379,22.70207379,23.02325864,23.60026786,23.87732452,23.44173237,23.56870975,22.72526836,22.37566747,22.0445357,21.86342748,21.93288044,23.00316805,22.84024298,22.10608755,21.67369856,21.50008751
China,CHN,Employment in industry (% of total employment) (modeled ILO estimate),SL.IND.EMPL.ZS,,,,,,,,,,,,,,,,,,,,,,,,,,,,,,,,21.43160451,21.70002538,22.40000759,22.69957872,23.0000762,23.49963773,23.69985488,23.50042731,23.00053323,24.64701989,22.29995349,21.40010706,21.60003179,22.49946334,23.8000197,25.19939272,26.79996508,27.19981763,27.80012373,28.69982284,29.50013277,30.29959184,30.09990119,29.90045724,29.29981753,29.64444928,29.97060605,30.36378479,30.75873869,31.13228662,31.53424497,30.93129389,31.42672176,31.63244375,31.79232351
Cote d'Ivoire,CIV,Employment in industry (% of total employment) (modeled ILO estimate),SL.IND.EMPL.ZS,,,,,,,,,,,,,,,,,,,,,,,,,,,,,,,,14.04531916,13.81687608,13.58725792,13.40696685,13.50169773,13.62796103,13.84567074,13.81385535,13.70961949,13.50190408,13.1933246,12.89568797,12.49784589,12.49832837,12.38352209,12.33694479,12.187512,12.20070722,12.15626731,12.16659589,11.46763492,11.51260631,11.72204726,10.10667212,8.562570516,7.340082832,8.321846285,9.267234049,10.44556878,11.37481423,12.3964335,13.57125957,13.79223819,13.99625534,14.331531
Cameroon,CMR,Employment in industry (% of total employment) (modeled ILO estimate),SL.IND.EMPL.ZS,,,,,,,,,,,,,,,,,,,,,,,,,,,,,,,,14.5077707,14.14595952,13.58790993,13.4647765,13.39581329,13.40356206,13.3903474,13.36853052,13.30242343,13.17074291,12.99101487,12.43955307,11.95794303,11.58811497,11.10476508,11.13974376,11.16889023,11.49522042,11.79592213,12.1331557,12.5413449,13.05061198,13.60636305,14.07778967,14.26037243,14.37023124,14.43085416,14.5339261,14.57149737,14.52671679,14.52969369,14.59941174,14.57100456,14.58745756,14.61460035
"Congo, Dem. Rep.",COD,Employment in industry (% of total employment) (modeled ILO estimate),SL.IND.EMPL.ZS,,,,,,,,,,,,,,,,,,,,,,,,,,,,,,,,9.053698767,8.983050134,8.849716705,8.813035735,8.7658773,8.926361185,8.645712187,8.552433074,8.441475494,8.345017888,8.235185444,8.216192291,8.144220745,8.201914523,8.213002017,8.126827425,8.067223003,8.201770246,8.032111889,8.338839611,8.411168979,8.455618826,8.500999708,8.55927969,8.492745411,8.378156816,8.368779904,8.489972316,8.316132214,8.15596993,7.848228423,8.03103687,7.977528785,8.005757362,8.021982839
"Congo, Rep.",COG,Employment in industry (% of total employment) (modeled ILO estimate),SL.IND.EMPL.ZS,,,,,,,,,,,,,,,,,,,,,,,,,,,,,,,,25.64961113,25.43137202,24.96723689,24.16281902,24.0764795,24.30271948,23.91157019,23.71363995,23.43883698,24.10961418,24.03424706,24.01568449,23.73807397,23.69076188,23.41177483,23.78708632,22.62711448,23.03748494,23.40198753,24.06078787,23.85403855,24.37659582,23.89144854,24.00004791,23.49878904,22.06267152,21.19228044,20.63523827,20.27861831,20.06818332,19.9557493,19.90256291,19.63068742,19.52432967,19.4801427
Colombia,COL,Employment in industry (% of total employment) (modeled ILO estimate),SL.IND.EMPL.ZS,,,,,,,,,,,,,,,,,,,,,,,,,,,,,,,,24.04311885,24.53305018,24.8456673,25.07719428,25.14496936,23.6753263,22.00107316,20.8505469,18.75618199,19.69156005,19.53841488,20.5107381,19.93861122,20.83572722,20.68952306,20.84389744,20.70830904,20.63643347,20.30994062,20.31055301,21.01897015,20.96263946,19.89068041,20.07926933,19.8413282,19.37008935,19.58978814,20.10469131,20.42083995,19.81775401,20.00736039,20.33265642,19.99260207,20.02198247,19.99967327
Comoros,COM,Employment in industry (% of total employment) (modeled ILO estimate),SL.IND.EMPL.ZS,,,,,,,,,,,,,,,,,,,,,,,,,,,,,,,,14.43396718,14.46783339,14.44283443,14.33275151,14.30736439,14.24293486,14.23326317,14.1971878,14.17111815,14.23313533,14.22884715,14.23245559,14.24696386,14.27698689,14.67918212,15.11429016,15.58800091,16.06792499,16.52403502,17.01696328,17.51871424,18.01114043,18.53072037,19.03229167,18.28263723,17.58013822,16.86968375,16.16437522,15.45639396,15.07218647,14.69544361,14.71856002,14.74834344,14.77544384,14.79569993
Cabo Verde,CPV,Employment in industry (% of total employment) (modeled ILO estimate),SL.IND.EMPL.ZS,,,,,,,,,,,,,,,,,,,,,,,,,,,,,,,,14.2979616,14.88251817,15.24391307,16.09086969,16.77840626,17.40571531,17.98037429,18.63346745,19.16220419,19.85222633,19.83385937,20.04205874,20.17073766,20.66710579,20.98517265,21.3463035,21.97664165,22.30791238,22.06280935,22.00726309,22.12880916,22.00867948,21.92286478,21.84728063,21.76260884,21.78970565,21.90538117,21.8803114,21.79621707,21.50064591,21.64232441,22.52140823,22.71607234,22.88257279,23.06631497
Costa Rica,CRI,Employment in industry (% of total employment) (modeled ILO estimate),SL.IND.EMPL.ZS,,,,,,,,,,,,,,,,,,,,,,,,,,,,,,,,26.57458076,26.3321947,25.88362463,26.1642664,24.05116728,23.75195567,23.6902995,23.09167251,23.1908437,22.20271404,22.1119815,21.29827998,21.02135631,20.81093951,20.37386648,20.49447503,20.96319875,20.37404762,20.1093898,18.69086971,18.56058111,17.52344193,15.90966605,17.03202272,18.4632252,17.97169736,17.87600915,18.91696712,18.09225051,18.07627171,17.58149278,18.96935566,20.20612599,18.60681732,18.47865218
Caribbean small states,CSS,Employment in industry (% of total employment) (modeled ILO estimate),SL.IND.EMPL.ZS,,,,,,,,,,,,,,,,,,,,,,,,,,,,,,,,22.46895297,21.88374051,21.31052107,21.15871307,21.76844772,22.18998559,22.312067,22.81474914,22.49845041,22.79649588,23.1856428,23.24237006,23.22551382,24.24855784,24.69601255,24.66690231,25.12593873,25.08612708,24.38289689,23.88497519,23.26630327,23.24097458,23.33880936,23.0771639,22.78247207,22.55035783,22.33445829,22.34912393,21.83380097,21.45947776,21.64999071,21.90439161,22.24036496,22.42084076,22.46349157
Cuba,CUB,Employment in industry (% of total employment) (modeled ILO estimate),SL.IND.EMPL.ZS,,,,,,,,,,,,,,,,,,,,,,,,,,,,,,,,23.87820235,23.6104772,22.29599827,20.6451503,20.68866331,20.68866569,20.68865718,20.46689321,20.37336186,20.37334874,20.20676847,20.20676824,20.20677396,19.3889068,19.11275732,18.13400994,18.03109999,18.08333347,17.57057215,17.082363,17.14136603,19.18730269,17.20541788,16.88729079,16.91911992,16.98729332,17.11758115,17.17564379,17.03247846,16.64126462,16.86475665,16.87015605,17.07775782,16.96063569,16.90895799
Curacao,CUW,Employment in industry (% of total employment) (modeled ILO estimate),SL.IND.EMPL.ZS,,,,,,,,,,,,,,,,,,,,,,,,,,,,,,,,,,,,,,,,,,,,,,,,,,,,,,,,,,,,,,,,,,
Cayman Islands,CYM,Employment in industry (% of total employment) (modeled ILO estimate),SL.IND.EMPL.ZS,,,,,,,,,,,,,,,,,,,,,,,,,,,,,,,,,,,,,,,,,,,,,,,,,,,,,,,,,,,,,,,,,,
Cyprus,CYP,Employment in industry (% of total employment) (modeled ILO estimate),SL.IND.EMPL.ZS,,,,,,,,,,,,,,,,,,,,,,,,,,,,,,,,30.04452169,29.17123189,27.7766415,26.67361035,26.02699523,25.6042881,25.0805848,24.74208982,24.34287134,23.76984324,23.69470117,23.18160346,22.87520257,23.99103645,24.04735621,22.64510028,22.51948071,23.04567453,21.8218611,20.40269816,20.89786341,20.1704131,17.56260829,16.51753161,16.22512822,17.05029897,17.04734443,16.66098157,18.4347538,19.51109999,17.91545354,17.1567876,16.12989411,16.34493808,16.26887621
Czechia,CZE,Employment in industry (% of total employment) (modeled ILO estimate),SL.IND.EMPL.ZS,,,,,,,,,,,,,,,,,,,,,,,,,,,,,,,,47.84595338,47.0548976,46.32173286,45.18974197,44.55911323,44.36094708,43.89720325,43.37026452,42.71558072,42.34396404,41.99441148,41.58462105,41.27913742,41.13960339,41.09193443,40.96617675,40.80013708,40.52552432,38.57131977,37.98716858,38.45262468,38.12398733,37.51148002,38.03949876,38.02547086,38.07132204,38.05778648,37.49756123,37.2499278,37.24550903,36.8202889,36.89498087,36.50525392,35.33251977,34.89438287
Germany,DEU,Employment in industry (% of total employment) (modeled ILO estimate),SL.IND.EMPL.ZS,,,,,,,,,,,,,,,,,,,,,,,,,,,,,,,,38.43270027,38.02357144,37.35301736,36.50020944,36.00433359,35.27205772,34.67360313,34.39015733,33.83505108,33.53107143,32.78155999,32.36681356,31.37773919,31.2532117,29.83961648,29.85319775,30.36010849,29.33139006,28.82606061,28.75718454,27.66425175,28.19748954,27.72584588,28.0851667,27.62422573,27.33707604,27.40802844,27.34569821,27.14951166,27.23049408,27.3811674,26.77429759,26.39570285,26.29048097,25.97416619
Djibouti,DJI,Employment in industry (% of total employment) (modeled ILO estimate),SL.IND.EMPL.ZS,,,,,,,,,,,,,,,,,,,,,,,,,,,,,,,,5.452930151,5.339742046,5.031227142,4.908420082,4.750312449,4.54708577,4.415931353,4.319365428,4.325006215,4.263534926,4.235358567,4.254492231,4.285276519,4.328506249,4.366522547,4.465068749,4.579279614,4.741398028,4.700745836,4.741161747,4.855450733,4.906155439,4.986010289,5.13833244,5.317108371,5.489301894,5.635302259,5.791911406,5.924440596,5.882082493,6.063750265,6.145134566,6.332511928,6.532998993,6.68266074
Dominica,DMA,Employment in industry (% of total employment) (modeled ILO estimate),SL.IND.EMPL.ZS,,,,,,,,,,,,,,,,,,,,,,,,,,,,,,,,,,,,,,,,,,,,,,,,,,,,,,,,,,,,,,,,,,
Denmark,DNK,Employment in industry (% of total employment) (modeled ILO estimate),SL.IND.EMPL.ZS,,,,,,,,,,,,,,,,,,,,,,,,,,,,,,,,26.83812661,26.6118669,26.1240954,26.5139216,27.07729837,26.39443721,26.2380633,26.45178889,26.92494954,25.33804757,25.3913095,23.48635827,23.14646448,23.69247193,23.89221032,23.33103274,23.50683727,23.25516005,20.5708831,19.86588389,20.0348528,19.76871728,19.64124282,19.37014826,19.42445249,19.04821617,18.93819731,18.90975377,18.54596591,18.88586401,19.36052314,19.07431394,19.25755386,19.00273295,18.8047064
Dominican Republic,DOM,Employment in industry (% of total employment) (modeled ILO estimate),SL.IND.EMPL.ZS,,,,,,,,,,,,,,,,,,,,,,,,,,,,,,,,27.9149415,27.8360187,27.77501543,27.65911288,27.52429009,27.45703895,26.97110123,27.40187777,26.45498906,26.18050105,25.17147637,23.02485314,23.69698699,24.63319111,24.01928264,23.75195895,23.93392851,22.92462483,19.58254753,19.97444188,19.6588979,20.15082361,18.4769424,19.11004311,19.02291976,19.71613448,20.09832018,20.25197492,19.46275069,19.47780041,20.25144297,19.45459477,19.17775879,19.0609933,18.97068566
Algeria,DZA,Employment in industry (% of total employment) (modeled ILO estimate),SL.IND.EMPL.ZS,,,,,,,,,,,,,,,,,,,,,,,,,,,,,,,,23.45937272,23.52882825,23.4650997,23.45923227,23.64553093,23.85559558,23.91910982,24.21030571,24.3725692,24.68966251,24.9960433,24.77613322,24.68083722,26.78453922,27.60645221,28.26351309,28.86559007,29.33575716,29.78974793,30.38395111,30.85738046,30.5920583,30.37717836,31.07001206,31.14112474,31.3452797,30.98250927,31.13452052,31.21723742,31.25858681,31.49645496,31.77653827,31.96079388,32.12482541,32.26105618
East Asia & Pacific (excluding high income),EAP,Employment in industry (% of total employment) (modeled ILO estimate),SL.IND.EMPL.ZS,,,,,,,,,,,,,,,,,,,,,,,,,,,,,,,,19.72061294,19.98452576,20.61708213,20.92934949,21.31766062,21.88504568,22.15134397,21.57699678,21.24777688,22.49405795,20.97164394,20.36601228,20.50422637,21.24311515,22.35876542,23.44400682,24.63297041,24.9868698,25.35561604,26.00861127,26.59064203,27.22473294,27.1869379,27.20178035,26.92002147,27.23260891,27.51656512,27.8654438,28.24947131,28.44030249,28.89166265,28.24478191,28.71495899,28.93524758,29.09870641
Early-demographic dividend,EAR,Employment in industry (% of total employment) (modeled ILO estimate),SL.IND.EMPL.ZS,,,,,,,,,,,,,,,,,,,,,,,,,,,,,,,,16.95236845,17.01196604,16.92034794,16.8559111,16.96471325,17.2953036,17.52452402,17.34049176,17.57652076,17.71375429,18.0216867,18.18348486,18.46777925,18.97795709,19.46041039,19.81242363,20.26018259,20.47567335,20.70463545,21.23178073,21.75331187,22.3305603,22.43718403,22.60121652,22.75298251,22.78837007,22.89129378,22.98821061,22.82718962,22.11873768,22.48908468,23.20713739,22.8313358,23.05152911,23.27779848
East Asia & Pacific,EAS,Employment in industry (% of total employment) (modeled ILO estimate),SL.IND.EMPL.ZS,,,,,,,,,,,,,,,,,,,,,,,,,,,,,,,,21.30365571,21.53499023,22.02196763,22.26509727,22.55698124,23.01041298,23.19797491,22.51351298,22.16494619,23.27250729,21.82132559,21.20622069,21.31586598,21.91081081,22.86998277,23.83765055,24.88036006,25.15877078,25.41670873,25.97859146,26.49213855,27.04598846,27.0033392,27.00947643,26.72602199,26.97471814,27.21979549,27.52001376,27.81783681,27.97250857,28.36944995,27.77214956,28.18012809,28.33672787,28.46488685
Europe & Central Asia (excluding high income),ECA,Employment in industry (% of total employment) (modeled ILO estimate),SL.IND.EMPL.ZS,,,,,,,,,,,,,,,,,,,,,,,,,,,,,,,,25.38845255,25.08444264,24.78863344,24.36572694,23.21768213,22.72274073,22.6703446,22.4193901,22.26152739,22.65670906,22.36319965,22.61143767,22.85844698,23.67936616,24.26598912,24.64729994,24.90311866,25.03437349,24.57825883,24.90056813,25.02918882,25.00265114,24.85358815,24.75899197,24.29936561,24.122014,24.04899409,24.19474081,24.05874643,24.27108275,24.58394866,24.66259672,24.66980897,24.64566082,24.71556478
Europe & Central Asia,ECS,Employment in industry (% of total employment) (modeled ILO estimate),SL.IND.EMPL.ZS,,,,,,,,,,,,,,,,,,,,,,,,,,,,,,,,32.84147851,32.22445003,31.67402729,30.69586858,29.89080891,29.27086563,28.60151089,28.3695851,27.99483518,27.91860567,27.85535679,27.73245412,27.44190111,27.36156802,27.21226299,27.19605417,27.29725527,26.99510828,25.90095019,25.64065581,25.37397172,25.29027859,25.01798177,24.88887211,24.64802537,24.51382917,24.52281863,24.5049719,24.45154195,24.34499609,24.30707057,24.14220915,23.85477626,23.82665227,23.65005109
Ecuador,ECU,Employment in industry (% of total employment) (modeled ILO estimate),SL.IND.EMPL.ZS,,,,,,,,,,,,,,,,,,,,,,,,,,,,,,,,20.78121277,20.35124946,20.70951926,18.96097308,18.58386023,18.09397481,18.57775924,17.60813773,19.10572712,19.10505548,19.04861738,18.33989816,17.60404868,16.9768749,16.56947741,16.66885838,16.70409852,16.83076167,16.86575552,16.58938813,16.0804859,16.21245401,17.74598505,18.58981928,18.27153675,17.29037219,17.22199,17.16989805,15.93561098,15.88139766,16.83030254,17.34653693,17.46669974,16.64569666,16.59048035
"Egypt, Arab Rep.",EGY,Employment in industry (% of total employment) (modeled ILO estimate),SL.IND.EMPL.ZS,,,,,,,,,,,,,,,,,,,,,,,,,,,,,,,,21.88611409,22.0606101,22.26348753,22.06179668,22.49909965,24.19151104,22.91702475,22.8638997,23.18598161,21.85754432,21.85457906,21.17183048,20.29107152,20.46667264,22.01944274,22.60451523,22.62870173,23.1252427,23.98037922,25.67390375,23.83226349,25.11052418,24.38458744,24.68895632,25.31055556,25.50263511,26.55718742,26.85935938,28.60556229,28.49643848,28.35508462,28.64239379,29.19938825,29.21286993,29.35731179
Euro area,EMU,Employment in industry (% of total employment) (modeled ILO estimate),SL.IND.EMPL.ZS,,,,,,,,,,,,,,,,,,,,,,,,,,,,,,,,33.2662618,32.77915288,32.20295303,31.57999196,31.3593998,30.80585779,30.51056238,30.63889915,30.23253567,30.02046768,29.78139266,29.4013652,28.76339416,28.50351642,28.00161113,27.85562408,27.83847068,27.10366087,25.91572387,25.37770133,24.71717333,24.49476648,23.98476441,23.74857689,23.69637388,23.47050101,23.53237512,23.49350016,23.43075089,23.42945531,23.30058086,23.10027789,22.84936824,22.80129824,22.52465923
Eritrea,ERI,Employment in industry (% of total employment) (modeled ILO estimate),SL.IND.EMPL.ZS,,,,,,,,,,,,,,,,,,,,,,,,,,,,,,,,12.7406651,12.47989125,12.59830015,12.65314672,12.72307726,12.85084793,12.89427659,12.76493898,12.73881921,12.76071303,12.7677023,12.88116148,12.81612676,12.84839363,12.72004513,12.63961955,12.63274568,12.66142164,12.66023747,12.97109009,13.07011199,13.03821405,12.89497327,13.07510064,12.85089066,12.8973106,12.74869794,12.86844184,12.89585404,12.54676215,12.49826616,12.55578613,12.60540518,12.66554848,12.74166898
Spain,ESP,Employment in industry (% of total employment) (modeled ILO estimate),SL.IND.EMPL.ZS,,,,,,,,,,,,,,,,,,,,,,,,,,,,,,,,32.04169671,31.70825,30.99210105,30.25936061,30.20413191,29.46709997,29.91252212,30.50929342,30.67819329,30.82814104,31.45998792,31.03887254,30.71414294,30.20680168,29.570452,29.23497538,29.11200992,27.62153453,24.48683921,23.19082075,21.42985915,20.63517488,20.11807496,19.19072102,20.30593333,19.69256703,20.03745042,20.27053727,20.46389104,20.80817562,20.67179059,20.46073053,20.02675206,20.09161947,19.85144475
Estonia,EST,Employment in industry (% of total employment) (modeled ILO estimate),SL.IND.EMPL.ZS,,,,,,,,,,,,,,,,,,,,,,,,,,,,,,,,36.24501233,35.27783961,32.590449,31.87020175,33.80962221,33.21819603,33.44213999,32.95182797,31.63955664,34.99237146,33.75369819,29.80076368,30.69952531,33.95395945,34.07415063,33.54106623,35.1278974,35.26717395,31.44172989,30.31770785,32.43434236,31.10353435,30.27355594,30.14820936,31.26643872,30.21617724,30.17367854,30.15728882,29.37572436,29.71448475,29.0204282,28.61095572,27.37218623,26.45265204,25.99738627
Ethiopia,ETH,Employment in industry (% of total employment) (modeled ILO estimate),SL.IND.EMPL.ZS,,,,,,,,,,,,,,,,,,,,,,,,,,,,,,,,6.655586007,6.599787973,6.592344916,6.561565989,6.542873339,6.546871463,6.531418652,6.504567357,6.517496156,6.631867306,6.778004795,6.902238403,7.007156633,7.197509931,7.361963916,7.458152312,7.569119706,7.672178993,7.778900444,7.937687555,8.10374576,8.240824582,8.408525772,8.143747033,7.878294837,7.640541759,7.392452986,7.146695536,6.890196043,6.625800749,6.307298211,6.325907912,6.361485109,6.415971428,6.448185688
European Union,EUU,Employment in industry (% of total employment) (modeled ILO estimate),SL.IND.EMPL.ZS,,,,,,,,,,,,,,,,,,,,,,,,,,,,,,,,33.90643636,33.398776,32.84258037,32.28792259,31.96051086,31.51449882,31.25881903,31.24300167,30.71541149,30.37413591,30.12370822,29.89105569,29.29523924,29.13091337,28.74000092,28.66941158,28.75616419,28.28285299,27.06272496,26.44250227,25.95084092,25.70853689,25.29046271,25.14525329,25.07486112,25.02578679,25.11604887,25.10338473,25.04216237,25.00028635,24.77528296,24.56714373,24.26207607,24.18399584,23.90998208
Fragile and conflict affected situations,FCS,Employment in industry (% of total employment) (modeled ILO estimate),SL.IND.EMPL.ZS,,,,,,,,,,,,,,,,,,,,,,,,,,,,,,,,13.5496993,13.47363766,13.40092925,13.2765117,12.83003606,12.64364779,12.54180899,12.4488642,12.34014148,12.37061306,12.39897299,12.46525387,12.56482354,12.78613059,12.95560045,13.13051794,13.25828414,13.35864784,13.41411621,13.54455335,13.55291717,13.65819224,13.84127241,13.84325129,13.63849972,13.35521318,13.17481214,13.10969575,12.97150974,13.27557122,13.49210846,13.22134145,13.11330409,13.18211387,13.20593886
Finland,FIN,Employment in industry (% of total employment) (modeled ILO estimate),SL.IND.EMPL.ZS,,,,,,,,,,,,,,,,,,,,,,,,,,,,,,,,28.76292173,27.48404441,26.71534214,26.34934906,27.59727113,27.0864979,27.4192785,28.25640796,27.72982354,27.95232233,27.07871882,27.14719714,26.69763356,26.06968771,25.89071695,25.69248424,26.15327442,25.14122516,23.3950764,24.04416027,23.18734967,22.60959794,22.31151294,22.92901323,21.13504002,22.28598932,21.84592278,21.94231325,21.67856486,21.1212042,21.87437541,20.89491442,21.36718417,20.9729615,20.84002881
Fiji,FJI,Employment in industry (% of total employment) (modeled ILO estimate),SL.IND.EMPL.ZS,,,,,,,,,,,,,,,,,,,,,,,,,,,,,,,,18.12360741,18.29705751,18.37425577,18.62376578,18.75775483,19.00440272,19.16506986,21.33544821,21.48874052,21.16046026,21.0579055,21.00330016,20.84617983,20.93094407,20.85268369,19.86265156,18.79753222,17.93636948,16.95178849,16.24797158,15.46224196,14.51889054,13.86403254,13.12851625,12.42277398,11.75392143,11.8605387,11.92998283,11.85564701,11.66263283,11.77499802,12.3771391,12.58278328,12.60888062,12.65010016
France,FRA,Employment in industry (% of total employment) (modeled ILO estimate),SL.IND.EMPL.ZS,,,,,,,,,,,,,,,,,,,,,,,,,,,,,,,,28.42471279,28.08193196,27.65863075,27.01479596,27.10201847,26.66616549,26.71845572,26.45230281,26.4157543,26.38504013,26.16738121,25.51592893,24.25725104,24.38437543,24.06490713,24.13828762,23.54602106,23.26649843,22.68225943,22.27867796,22.1859075,21.77799725,21.30532377,20.53318864,20.37604397,20.29381261,20.41102202,20.23267323,20.39200272,19.96478205,19.51481519,19.27488662,19.24575458,19.54360013,19.33920936
Faroe Islands,FRO,Employment in industry (% of total employment) (modeled ILO estimate),SL.IND.EMPL.ZS,,,,,,,,,,,,,,,,,,,,,,,,,,,,,,,,,,,,,,,,,,,,,,,,,,,,,,,,,,,,,,,,,,
"Micronesia, Fed. Sts.",FSM,Employment in industry (% of total employment) (modeled ILO estimate),SL.IND.EMPL.ZS,,,,,,,,,,,,,,,,,,,,,,,,,,,,,,,,,,,,,,,,,,,,,,,,,,,,,,,,,,,,,,,,,,
Gabon,GAB,Employment in industry (% of total employment) (modeled ILO estimate),SL.IND.EMPL.ZS,,,,,,,,,,,,,,,,,,,,,,,,,,,,,,,,9.54366091,9.538722106,9.59210365,9.830504426,10.01789944,10.23069509,10.38646023,10.44752349,10.53598194,10.73375346,10.83967285,10.94603083,11.12098947,11.32354866,11.57654909,11.71696512,11.98770195,12.19912082,12.34862065,12.77180883,13.19248158,13.55787568,13.94088812,14.30844595,14.66081896,15.01052464,15.40909009,15.83032472,16.2670982,16.76803361,17.40084997,17.86679502,18.27910463,18.75736289,18.85187042
United Kingdom,GBR,Employment in industry (% of total employment) (modeled ILO estimate),SL.IND.EMPL.ZS,,,,,,,,,,,,,,,,,,,,,,,,,,,,,,,,30.7687879,29.80851355,29.46552992,27.86458848,27.50634774,27.50238935,26.94407973,26.75193153,25.90249141,25.26448748,24.74527691,24.02018,23.45593944,22.41988247,22.16497396,22.03248968,22.16166491,21.38509461,19.57815465,19.18507607,19.14549247,19.03749334,18.85161668,18.95868615,18.64261219,18.46211976,18.20933982,18.08407363,18.22452973,17.18782185,16.92273273,16.69892504,15.91710607,16.12420156,15.9140951
Georgia,GEO,Employment in industry (% of total employment) (modeled ILO estimate),SL.IND.EMPL.ZS,,,,,,,,,,,,,,,,,,,,,,,,,,,,,,,,12.25224235,11.69097969,11.23505464,11.03691867,10.9467866,10.93475222,10.81980484,10.59931335,9.844433597,10.21807528,9.634703473,8.482206919,8.378623277,8.870114633,9.389587202,8.800448112,9.881685828,9.795561453,9.693137723,10.08602444,10.39864474,10.28963588,10.31550199,10.5325662,10.45283408,11.23162405,12.46704821,13.58750305,13.42550401,13.41605498,13.85562523,14.95511671,16.10275785,16.35263002,16.57193184
Ghana,GHA,Employment in industry (% of total employment) (modeled ILO estimate),SL.IND.EMPL.ZS,,,,,,,,,,,,,,,,,,,,,,,,,,,,,,,,8.970603154,9.346169468,9.872854,10.25995446,10.71565346,11.22180218,11.74924358,12.29726126,12.84741768,13.18613832,13.23378011,13.3185345,13.45336796,13.61876747,13.8328701,13.98378514,14.11553811,14.61979136,14.79981146,15.16263639,16.14673651,16.74502118,17.41786038,17.41074408,17.35114104,17.29130391,17.50367458,16.77299643,16.07935539,15.20832693,14.38018818,17.70800767,17.6354157,17.87966694,18.25559799
Gibraltar,GIB,Employment in industry (% of total employment) (modeled ILO estimate),SL.IND.EMPL.ZS,,,,,,,,,,,,,,,,,,,,,,,,,,,,,,,,,,,,,,,,,,,,,,,,,,,,,,,,,,,,,,,,,,
Guinea,GIN,Employment in industry (% of total employment) (modeled ILO estimate),SL.IND.EMPL.ZS,,,,,,,,,,,,,,,,,,,,,,,,,,,,,,,,5.177017148,5.165302023,5.191071232,5.161631678,5.165149746,5.189505403,5.215519806,5.23125697,5.279999657,5.333898603,5.400649514,5.519809046,5.889862294,6.325101903,6.851852283,7.353471584,7.903238082,8.590572433,9.218287467,10.06239429,10.96247123,11.86614943,12.75526288,13.77303457,13.55076403,13.92947973,14.14399664,14.16817975,14.17288502,14.01110955,13.86233558,13.70490898,13.95865038,14.03192334,14.15150387
"Gambia, The",GMB,Employment in industry (% of total employment) (modeled ILO estimate),SL.IND.EMPL.ZS,,,,,,,,,,,,,,,,,,,,,,,,,,,,,,,,16.18739691,16.19198528,16.18384521,16.14638457,16.1042176,16.14926038,16.09934919,16.11327543,16.07810059,16.0670399,16.06099293,16.04801291,16.04137643,16.03818741,16.00733367,16.00875508,16.01885759,15.97958773,15.97356867,15.97769403,15.95317571,15.91507453,16.06702309,16.23656658,16.46918645,16.69005949,16.89696809,17.18807339,17.45470101,17.60437818,17.92324626,18.26358879,18.595791,18.69554299,18.80221143
Guinea-Bissau,GNB,Employment in industry (% of total employment) (modeled ILO estimate),SL.IND.EMPL.ZS,,,,,,,,,,,,,,,,,,,,,,,,,,,,,,,,7.0646506,7.032293232,7.007119593,6.983603807,6.971143078,6.982985775,6.975842199,6.878757776,6.895782732,6.86356389,6.854910359,6.842349946,6.813922503,6.786722648,6.783249292,6.767817724,6.751422811,6.749924569,6.737082178,6.742577897,6.763496167,6.745862433,6.757230897,6.764325511,6.853637355,6.938877948,7.038829868,7.20818356,9.179696917,9.216741446,9.369280004,9.608985544,9.650750883,9.68386752,9.712940037
Equatorial Guinea,GNQ,Employment in industry (% of total employment) (modeled ILO estimate),SL.IND.EMPL.ZS,,,,,,,,,,,,,,,,,,,,,,,,,,,,,,,,2.087893689,2.169679611,2.262165869,2.3898711,2.565315557,2.895424329,3.406756817,3.773332441,4.219560329,4.762981352,5.564318583,6.182143704,6.809335025,7.797002946,8.558466257,9.055211804,9.938507031,10.93178234,11.11052741,10.97783214,11.51019865,12.040021,11.71362192,11.68105407,11.1586775,10.72981482,10.51435009,10.61864503,10.26459885,10.09893251,10.31844586,10.45571385,10.11879783,10.13937703,9.928628237
Greece,GRC,Employment in industry (% of total employment) (modeled ILO estimate),SL.IND.EMPL.ZS,,,,,,,,,,,,,,,,,,,,,,,,,,,,,,,,25.99384022,25.65750807,25.20001308,24.43426111,23.56757139,23.3812013,22.88369467,23.82391555,23.36969161,23.2720909,23.52290548,23.38734066,23.19811464,22.91296341,22.91229145,22.57559723,23.00090313,22.40629553,21.32237197,19.74917941,17.84123669,16.68549098,15.67109589,15.09212956,15.04960858,15.3630196,15.51853191,15.40362615,15.31883995,15.0186621,15.28084521,15.55852263,15.95263144,16.35496071,16.31518721
Grenada,GRD,Employment in industry (% of total employment) (modeled ILO estimate),SL.IND.EMPL.ZS,,,,,,,,,,,,,,,,,,,,,,,,,,,,,,,,,,,,,,,,,,,,,,,,,,,,,,,,,,,,,,,,,,
Greenland,GRL,Employment in industry (% of total employment) (modeled ILO estimate),SL.IND.EMPL.ZS,,,,,,,,,,,,,,,,,,,,,,,,,,,,,,,,,,,,,,,,,,,,,,,,,,,,,,,,,,,,,,,,,,
Guatemala,GTM,Employment in industry (% of total employment) (modeled ILO estimate),SL.IND.EMPL.ZS,,,,,,,,,,,,,,,,,,,,,,,,,,,,,,,,22.15264689,22.10159989,22.0148638,21.93062851,21.87679666,21.76538523,21.7060987,21.65000185,21.33572448,20.98929247,20.7976421,20.65864533,20.52480199,20.41678649,21.63457427,22.97160551,22.96356527,22.84649712,22.55262951,22.41548269,20.23882478,19.57022293,19.47612364,19.45854293,18.89461821,21.01298638,19.00276419,19.10013322,19.05482191,20.35167319,22.066954,22.01264623,22.51489854,22.53257526,22.71270279
Guam,GUM,Employment in industry (% of total employment) (modeled ILO estimate),SL.IND.EMPL.ZS,,,,,,,,,,,,,,,,,,,,,,,,,,,,,,,,23.35265517,23.2301946,23.11565165,23.10143546,22.9997332,22.89336426,22.81360325,22.6782921,22.54477025,22.48993477,22.30819631,22.12888726,21.97802198,21.96315092,21.87305868,21.5911599,21.45416733,21.34617763,21.11880167,21.00697774,20.82178007,20.682469,20.52366745,20.38850127,20.22752615,20.05039046,19.89127093,19.71581815,19.61227604,19.24961417,19.53504103,19.5440645,19.47018409,19.35109607,19.25551845
Guyana,GUY,Employment in industry (% of total employment) (modeled ILO estimate),SL.IND.EMPL.ZS,,,,,,,,,,,,,,,,,,,,,,,,,,,,,,,,19.4679818,19.66757678,20.16243007,20.58249749,20.84589158,21.2823507,21.60952967,22.03335252,22.70842967,23.01085213,23.74323184,24.27516389,23.98086565,23.94255385,23.90785825,24.14526753,24.61750276,24.82434205,24.9299155,25.07889239,25.15465137,25.19180932,25.12496279,25.00712782,24.8317938,24.91809896,24.90760071,24.94067942,24.42570785,24.47773878,24.32987806,26.6247387,28.31566566,30.44838519,31.09425145
High income,HIC,Employment in industry (% of total employment) (modeled ILO estimate),SL.IND.EMPL.ZS,,,,,,,,,,,,,,,,,,,,,,,,,,,,,,,,31.83282247,31.31370635,30.70070729,29.98237726,29.50785008,29.03037878,28.51594436,28.01972084,27.57358889,27.45463061,27.24609033,26.97676005,26.71673842,26.4153128,26.11867753,26.05985463,26.02038487,25.60692401,24.49477716,24.15237867,23.97114724,23.89708927,23.78950112,23.7200625,23.55578417,23.41559251,23.41092355,23.38479554,23.22417965,22.97746535,22.77287806,22.60249854,22.55003383,22.3800238,22.19345878
"Hong Kong SAR, China",HKG,Employment in industry (% of total employment) (modeled ILO estimate),SL.IND.EMPL.ZS,,,,,,,,,,,,,,,,,,,,,,,,,,,,,,,,35.33327309,33.51651877,30.17099563,28.20848339,27.35795287,26.09057033,24.77041916,23.19601934,21.71815343,20.96147154,19.91225349,18.88886666,17.71604866,16.17452355,15.68565579,15.34682193,14.80522916,14.11003765,13.87800726,13.76395437,13.7796824,13.84539866,13.95351503,13.98524597,13.68380489,14.11539566,14.05214058,13.95058288,13.68594543,13.45267586,13.64609783,14.00319309,14.02655408,14.11608954,14.01439095
Honduras,HND,Employment in industry (% of total employment) (modeled ILO estimate),SL.IND.EMPL.ZS,,,,,,,,,,,,,,,,,,,,,,,,,,,,,,,,24.39003886,23.38710251,25.64947268,27.81241918,27.97312392,26.11970466,25.68269747,26.46414649,25.43662862,25.59455274,25.64201916,25.41836688,24.87253782,25.66236929,25.6613309,24.25475253,24.36459941,24.30240414,22.99329215,21.27220511,21.99436299,22.21855353,21.09461818,24.15722302,23.72703549,23.46075372,22.65526883,22.59275219,23.68116058,23.55974619,24.85447822,24.13919342,21.78702658,21.78374423,21.63635187
Heavily indebted poor countries (HIPC),HPC,Employment in industry (% of total employment) (modeled ILO estimate),SL.IND.EMPL.ZS,,,,,,,,,,,,,,,,,,,,,,,,,,,,,,,,10.10637344,10.05843451,10.03162525,10.06820111,10.04664754,10.07463992,10.09592115,10.1132564,10.09540927,10.0704481,10.00275932,10.01322476,10.02894725,10.06569225,10.05356541,10.05397031,10.13894516,10.22347888,10.3237727,10.3232849,10.3991408,10.58578459,10.71549017,10.78196893,10.70940487,10.57314723,10.64331603,10.70194213,10.75323631,10.56330247,10.50942263,10.67386265,10.54123413,10.62089659,10.66792774
Croatia,HRV,Employment in industry (% of total employment) (modeled ILO estimate),SL.IND.EMPL.ZS,,,,,,,,,,,,,,,,,,,,,,,,,,,,,,,,30.40186319,29.37883051,29.01338253,29.01245341,28.9607395,29.16487302,29.53884593,29.46160691,29.05708426,29.16709702,29.70650287,29.82316847,30.2517181,29.64020833,28.62834496,29.34914634,30.6429246,30.85365096,29.00896543,27.45170137,27.95133925,27.47663851,27.29186892,26.8855354,26.6130384,26.67540935,26.07942888,27.31481654,27.61411666,28.05381149,28.52196993,27.73257013,27.44279831,26.66146321,26.36172146
Haiti,HTI,Employment in industry (% of total employment) (modeled ILO estimate),SL.IND.EMPL.ZS,,,,,,,,,,,,,,,,,,,,,,,,,,,,,,,,11.92364996,11.43648206,11.15967344,10.69739293,11.01495037,11.16602193,10.92532819,10.89403531,10.76652667,10.54734908,10.44986189,10.33090447,10.4135387,10.22469161,10.14842044,10.18305118,10.15024597,10.1582623,10.16989656,9.809440519,9.909861536,9.841249332,9.844097038,9.876286086,9.777265211,9.639971959,9.547402069,9.506670739,9.307358742,9.242076648,9.241773923,9.214077016,9.113106768,8.903796913,8.800430267
Hungary,HUN,Employment in industry (% of total employment) (modeled ILO estimate),SL.IND.EMPL.ZS,,,,,,,,,,,,,,,,,,,,,,,,,,,,,,,,36.12877816,35.52271888,34.25107478,33.48588764,32.99070541,33.60865065,33.60007924,35.13421412,34.61758895,33.96539279,34.58070862,34.27977919,33.48580355,33.01302887,32.54058575,32.38091659,32.54336344,32.2235151,31.1569283,30.70394882,30.83891545,29.79188662,29.89508371,30.50309582,30.32915608,30.43806093,31.52334198,32.467355,32.13817848,31.89646833,31.38502601,31.28936418,31.03194678,30.81150803,30.53465718
IBRD only,IBD,Employment in industry (% of total employment) (modeled ILO estimate),SL.IND.EMPL.ZS,,,,,,,,,,,,,,,,,,,,,,,,,,,,,,,,21.10469653,21.1387304,21.36684132,21.36363348,21.37497069,21.64439112,21.67449398,21.36875274,21.18645367,21.87173605,21.0695121,20.81703822,20.98104691,21.58692649,22.34780226,23.08094804,23.9548137,24.27074051,24.47081611,25.04124489,25.55773181,26.16061158,26.11483379,26.14705899,25.93017435,26.06736134,26.21530008,26.38996363,26.53155972,26.26756883,26.67942449,26.74419905,26.65080768,26.81986617,26.98375283
IDA & IBRD total,IBT,Employment in industry (% of total employment) (modeled ILO estimate),SL.IND.EMPL.ZS,,,,,,,,,,,,,,,,,,,,,,,,,,,,,,,,19.71615211,19.68825341,19.80906599,19.72896259,19.72825454,19.91360505,19.9448491,19.62908163,19.48077269,20.05927198,19.43741604,19.2602729,19.42747071,19.93453693,20.56742871,21.17761886,21.89084611,22.12735045,22.29962184,22.76232861,23.16230138,23.65791293,23.62129299,23.63571773,23.46197619,23.5004334,23.61092929,23.7345539,23.79356383,23.54498503,23.90645962,23.95992575,23.88030007,24.02574036,24.12772649
IDA total,IDA,Employment in industry (% of total employment) (modeled ILO estimate),SL.IND.EMPL.ZS,,,,,,,,,,,,,,,,,,,,,,,,,,,,,,,,13.12170211,12.88619702,12.62223922,12.31854908,12.37007295,12.29351658,12.42854947,12.16606404,12.23765832,12.43819798,12.66084303,12.88310551,13.13356018,13.29613159,13.47825074,13.68511943,13.85758386,13.90465719,14.13813401,14.33776993,14.42844794,14.58034843,14.74963846,14.77196738,14.84109418,14.66419953,14.76298816,14.82836098,14.72844907,14.85155817,14.9994462,15.25046434,15.15683339,15.28067559,15.34980755
IDA blend,IDB,Employment in industry (% of total employment) (modeled ILO estimate),SL.IND.EMPL.ZS,,,,,,,,,,,,,,,,,,,,,,,,,,,,,,,,15.6871813,15.56870969,15.015019,14.40476558,14.6131735,14.66983355,14.8350587,14.15287358,14.11974363,14.50841284,14.53041835,14.60513129,14.65110685,14.63487295,14.72547742,14.94046619,15.16489432,14.98432959,15.46223166,15.87147962,16.06664436,16.32407776,16.77058865,16.77375461,17.03391751,16.70201951,16.89662935,17.1149169,17.00189466,17.66174273,18.41296629,18.95863434,18.84948417,18.88213618,19.01054902
Indonesia,IDN,Employment in industry (% of total employment) (modeled ILO estimate),SL.IND.EMPL.ZS,,,,,,,,,,,,,,,,,,,,,,,,,,,,,,,,14.39303645,14.87463015,15.44357497,16.23779312,17.22857759,18.36681231,19.04289923,16.56688291,16.40199925,16.29892419,17.55382976,17.52232132,16.53924987,16.79252605,17.5213112,17.34113809,17.523185,18.08489352,17.94316942,18.29765288,19.59756115,20.65702098,21.06728742,21.49828224,22.12188307,21.81072466,22.12203124,22.3847562,22.40123424,21.63440473,21.76143084,21.86796772,21.95154978,22.28617235,22.53320805
IDA only,IDX,Employment in industry (% of total employment) (modeled ILO estimate),SL.IND.EMPL.ZS,,,,,,,,,,,,,,,,,,,,,,,,,,,,,,,,11.78254849,11.47985896,11.37226714,11.22853051,11.20318958,11.05058929,11.15899129,11.11951567,11.24156374,11.33641051,11.660517,11.95767703,12.31513909,12.57085535,12.8028757,13.00501551,13.14430464,13.31192353,13.40598184,13.48734818,13.52120958,13.61060495,13.62417115,13.64768997,13.60141277,13.50844797,13.56869053,13.5621645,13.47164418,13.30528469,13.08912231,13.16221703,13.00899318,13.15884954,13.19210838
Isle of Man,IMN,Employment in industry (% of total employment) (modeled ILO estimate),SL.IND.EMPL.ZS,,,,,,,,,,,,,,,,,,,,,,,,,,,,,,,,,,,,,,,,,,,,,,,,,,,,,,,,,,,,,,,,,,
India,IND,Employment in industry (% of total employment) (modeled ILO estimate),SL.IND.EMPL.ZS,,,,,,,,,,,,,,,,,,,,,,,,,,,,,,,,14.5849373,14.66280554,14.76026071,14.85135027,15.00048301,15.27125906,15.4726083,15.7949095,16.30942847,16.34135974,16.7528345,17.05672688,17.69380665,18.41847948,19.00123177,19.52389143,20.32191455,20.75144775,21.56355795,22.37788884,23.54738213,24.69203796,24.75467384,24.8960152,24.94807049,25.18947838,25.26572273,25.36587378,25.25111305,23.70364753,24.47047862,26.12033416,25.0292116,25.37092597,25.81730738
Not classified,INX,Employment in industry (% of total employment) (modeled ILO estimate),SL.IND.EMPL.ZS,,,,,,,,,,,,,,,,,,,,,,,,,,,,,,,,,,,,,,,,,,,,,,,,,,,,,,,,,,,,,,,,,,
Ireland,IRL,Employment in industry (% of total employment) (modeled ILO estimate),SL.IND.EMPL.ZS,,,,,,,,,,,,,,,,,,,,,,,,,,,,,,,,27.48283853,27.36643204,27.1817485,27.83730351,27.78330735,27.32799337,28.54962998,28.67503527,28.30485847,28.46256826,28.93064975,27.62422126,27.74193249,27.59642718,27.81641819,27.66275681,25.76898662,23.28688256,19.85215298,18.08359415,17.45197869,16.98225371,17.23006153,17.3014751,18.11483748,18.54723861,18.84073739,18.8158218,18.76935858,18.82291895,19.12493384,19.36176015,17.27688229,18.45117433,18.21397513
"Iran, Islamic Rep.",IRN,Employment in industry (% of total employment) (modeled ILO estimate),SL.IND.EMPL.ZS,,,,,,,,,,,,,,,,,,,,,,,,,,,,,,,,37.51343214,37.48275457,37.19204154,37.06607745,36.99143351,37.28306628,37.04605127,36.81975154,36.79860337,36.85561711,36.9481368,37.20049103,37.37862851,37.26298305,37.18816362,37.14012873,36.79952207,36.68849592,35.09970568,36.64863844,35.06329208,35.99283403,35.49382471,34.87939261,33.66354865,33.16249024,33.21838425,32.97859999,32.82066383,34.09558272,34.64736755,34.94995969,35.00396544,34.94846998,34.70195565
Iraq,IRQ,Employment in industry (% of total employment) (modeled ILO estimate),SL.IND.EMPL.ZS,,,,,,,,,,,,,,,,,,,,,,,,,,,,,,,,23.52820662,23.43791387,23.32607841,23.31094385,23.13333118,23.40802506,23.76135252,24.698634,25.39190919,26.09940856,25.93341027,25.26769283,24.69450544,24.12994446,24.10872797,24.15272714,23.77344301,24.02960651,23.92773279,24.30521161,24.62418285,25.49948201,25.91014277,25.89071293,25.79199319,26.43463688,26.20685975,26.18264367,26.3434806,26.18288503,26.54054169,27.00098178,26.62125582,26.76332347,26.53581611
Iceland,ISL,Employment in industry (% of total employment) (modeled ILO estimate),SL.IND.EMPL.ZS,,,,,,,,,,,,,,,,,,,,,,,,,,,,,,,,25.89274016,24.6817138,25.11502227,25.86542342,24.93932541,23.5111582,24.67587556,26.63273682,23.14251298,22.10245205,22.90988511,22.54746067,21.65526725,23.35630438,21.69260416,21.54794451,20.89673767,22.00374683,19.50129449,18.44155395,18.55445885,18.2246542,18.63547587,18.43129964,17.83681214,17.45945277,17.48294382,16.79276339,17.47323901,17.94646521,18.90992701,17.95502365,18.24794572,18.41411383,18.24440257
Israel,ISR,Employment in industry (% of total employment) (modeled ILO estimate),SL.IND.EMPL.ZS,,,,,,,,,,,,,,,,,,,,,,,,,,,,,,,,25.95190132,25.83867986,26.26613184,25.90421601,25.72982542,25.45717152,24.6824388,23.10574188,22.05659414,21.36666012,20.6758308,19.9485007,19.85818276,19.64572693,19.15020345,19.02419474,19.35141332,19.2314856,17.94891743,17.84613916,17.68735573,17.49085846,17.73484589,17.68187134,17.57467126,17.49829042,17.38030837,17.09884054,16.39715829,15.79197379,15.95161858,15.71623465,15.42369151,15.27275576,15.14676352
Italy,ITA,Employment in industry (% of total employment) (modeled ILO estimate),SL.IND.EMPL.ZS,,,,,,,,,,,,,,,,,,,,,,,,,,,,,,,,34.82089268,34.59183678,34.10707204,33.75776348,33.6616466,33.35088363,32.6279638,32.72934994,32.37648359,31.78960804,31.73811965,31.59896067,31.75861085,30.83757422,30.68420447,30.05054889,30.13117534,29.8006128,29.23877693,28.60908643,28.28856512,27.58233887,27.04698624,26.90142627,26.60030762,26.12233062,26.00278486,26.0910605,25.88693211,26.42174724,26.63946161,26.87073059,26.6374968,26.68360548,26.42602506
Jamaica,JAM,Employment in industry (% of total employment) (modeled ILO estimate),SL.IND.EMPL.ZS,,,,,,,,,,,,,,,,,,,,,,,,,,,,,,,,20.43159276,20.34678999,20.38659673,20.12469173,21.32010304,21.3273286,19.52266877,19.14859625,18.87187731,17.58832878,17.79942253,17.81863394,17.97975919,18.70310587,18.23605453,18.17786443,18.44155598,18.23595157,16.68564381,15.97163419,16.08983031,15.48983048,15.24888088,14.96262759,14.93269219,15.70701919,15.72496007,16.12394459,16.187975,15.78426474,17.09473684,17.44865838,17.24358146,17.13541231,17.13058982
Jordan,JOR,Employment in industry (% of total employment) (modeled ILO estimate),SL.IND.EMPL.ZS,,,,,,,,,,,,,,,,,,,,,,,,,,,,,,,,21.6484101,21.8121024,21.77791617,21.72239207,21.60306121,21.33838029,21.15410334,21.01601414,20.94324071,20.93431151,21.0171605,21.21941505,23.22781277,25.8115798,25.61293507,25.2290342,24.97925958,24.83112445,24.49040395,24.01330421,23.48647638,23.06227053,22.53529054,21.86887659,21.15281138,20.55550625,20.14917545,19.65595306,18.43840136,17.5743207,18.41263586,18.32476726,16.36919394,16.27199927,16.12718199
Japan,JPN,Employment in industry (% of total employment) (modeled ILO estimate),SL.IND.EMPL.ZS,,,,,,,,,,,,,,,,,,,,,,,,,,,,,,,,33.28378629,33.44831451,33.11712308,32.85210335,32.34876342,32.11675412,31.95838988,30.92802359,30.57087755,30.43079015,29.65170842,28.78994721,28.72128965,27.82277221,27.39208498,27.49524632,27.29026073,26.77163594,26.09429302,25.51932333,25.43018565,25.31119389,25.188606,25.12556843,24.90449733,24.59473405,24.58190623,24.44849662,24.22575654,23.93192604,23.6970962,23.62213192,23.708848,23.34484352,23.22869366
Kazakhstan,KAZ,Employment in industry (% of total employment) (modeled ILO estimate),SL.IND.EMPL.ZS,,,,,,,,,,,,,,,,,,,,,,,,,,,,,,,,18.30458148,17.97167769,17.57238823,17.14517421,16.64543289,16.44468611,16.27869143,16.0424142,15.95401402,16.07897161,16.33303822,16.28284805,16.96133339,17.40928706,18.00535898,18.44127175,18.92105088,18.92359709,18.63881951,18.71557468,18.96381002,19.38240337,19.8247506,20.02397412,20.56165197,20.25741138,19.85346711,19.90977138,19.75564986,19.69851792,19.89393347,19.84118876,19.80823071,19.844969,19.88585568
Kenya,KEN,Employment in industry (% of total employment) (modeled ILO estimate),SL.IND.EMPL.ZS,,,,,,,,,,,,,,,,,,,,,,,,,,,,,,,,10.86756146,10.64152148,10.44820091,10.36968372,10.34614318,10.34102253,10.1255364,10.05071016,9.900443555,9.631296318,9.566048002,9.314331665,9.211754032,9.256517453,9.359516089,9.493681443,9.666402354,9.422431089,9.359508279,9.640729486,9.772222913,9.901063193,10.0024177,10.21809697,10.43336323,10.61470362,10.79250136,11.1485781,11.3725137,11.29474226,11.3479405,11.95471268,12.15959038,12.31480582,12.47847284
Kyrgyz Republic,KGZ,Employment in industry (% of total employment) (modeled ILO estimate),SL.IND.EMPL.ZS,,,,,,,,,,,,,,,,,,,,,,,,,,,,,,,,33.30603157,29.37705745,28.17491941,25.88899689,22.88729025,20.08617222,18.70568747,18.22902469,16.32423576,14.82570474,14.61401752,16.40846647,19.44383287,21.88010295,21.87014595,23.71591119,24.36930142,24.57495769,24.61974468,24.60091517,24.07873945,24.81100569,23.52509612,23.46122485,23.76193103,24.79999694,24.78217843,24.75848094,27.20489801,26.01341039,27.20329459,26.5365391,26.00186771,26.489206,26.82357323
Cambodia,KHM,Employment in industry (% of total employment) (modeled ILO estimate),SL.IND.EMPL.ZS,,,,,,,,,,,,,,,,,,,,,,,,,,,,,,,,7.393999595,7.472400178,7.352052062,4.848623496,4.995490684,4.955454625,7.600438307,4.229586068,6.901430806,8.536023371,11.00097421,10.93403013,11.56831641,12.09606173,13.16954811,14.01786733,14.72037975,15.67428329,15.62349026,15.97326442,16.47180762,17.75808467,19.28265638,23.76811678,24.92138611,25.76342565,25.49090577,25.01685509,24.47314109,25.14504849,26.41439761,27.04393824,27.56302543,28.43352855,28.87375553
Kiribati,KIR,Employment in industry (% of total employment) (modeled ILO estimate),SL.IND.EMPL.ZS,,,,,,,,,,,,,,,,,,,,,,,,,,,,,,,,,,,,,,,,,,,,,,,,,,,,,,,,,,,,,,,,,,
St. Kitts and Nevis,KNA,Employment in industry (% of total employment) (modeled ILO estimate),SL.IND.EMPL.ZS,,,,,,,,,,,,,,,,,,,,,,,,,,,,,,,,,,,,,,,,,,,,,,,,,,,,,,,,,,,,,,,,,,
"Korea, Rep.",KOR,Employment in industry (% of total employment) (modeled ILO estimate),SL.IND.EMPL.ZS,,,,,,,,,,,,,,,,,,,,,,,,,,,,,,,,37.15976446,36.91069023,35.13378543,34.7159373,34.5104367,33.6805039,32.44736917,28.99500563,28.53675377,29.08309335,28.40260009,28.26642476,28.54049448,27.9359646,27.42239985,26.91826229,26.54834822,26.08114839,25.24052936,25.7541683,25.60723228,25.36470162,25.57086632,25.75962275,25.42573433,25.22093799,25.30812753,25.20201175,24.57809833,24.64622645,24.60388001,24.45727538,23.99142322,23.65908906,23.38281724
Kuwait,KWT,Employment in industry (% of total employment) (modeled ILO estimate),SL.IND.EMPL.ZS,,,,,,,,,,,,,,,,,,,,,,,,,,,,,,,,21.26426671,21.79009184,22.45457554,22.8898302,23.07119748,22.30598372,21.5793204,20.76350205,19.97102155,19.4865979,18.77768462,18.29617325,17.84051619,19.04871182,20.69420929,21.93462114,23.31677817,25.14194371,24.33060842,24.15030555,24.42030734,24.76315498,24.81027925,24.72889151,24.89233797,25.04109371,25.11335271,24.92834914,25.53140901,24.81243749,25.32247393,25.56471297,25.20406793,24.72055715,24.61201723
Latin America & Caribbean (excluding high income),LAC,Employment in industry (% of total employment) (modeled ILO estimate),SL.IND.EMPL.ZS,,,,,,,,,,,,,,,,,,,,,,,,,,,,,,,,23.50794545,23.25744792,22.97028571,22.91283051,22.50649754,22.50312633,22.32754439,22.57622365,22.15848368,22.34877867,21.84715688,21.96437707,21.75733392,21.90679556,22.02227021,22.04345781,22.32890788,22.53737326,21.88906027,21.90317642,21.79136684,21.7583164,21.63831137,21.88749488,21.59040814,21.01427596,20.80155464,20.68063264,20.54928332,20.4344628,20.82914579,20.90129936,20.75304389,20.70884203,20.63287163
Lao PDR,LAO,Employment in industry (% of total employment) (modeled ILO estimate),SL.IND.EMPL.ZS,,,,,,,,,,,,,,,,,,,,,,,,,,,,,,,,1.895117226,1.947377403,2.015298386,2.159381585,2.284368325,2.415404016,2.56940068,2.623750482,2.816879818,2.957374786,3.095587168,3.252013791,3.421933623,3.612509329,3.858848403,4.202033994,4.494976914,4.816162764,5.135472734,5.402260796,5.603495318,5.823910026,6.016877824,6.161484902,6.275821166,6.375909632,6.515029346,6.793736118,7.008556392,6.975220052,7.09983537,7.178406687,7.248909706,7.399854222,7.414915161
Lebanon,LBN,Employment in industry (% of total employment) (modeled ILO estimate),SL.IND.EMPL.ZS,,,,,,,,,,,,,,,,,,,,,,,,,,,,,,,,24.79408697,25.55137841,25.87453096,25.88178147,25.86580469,25.67730496,25.10792735,24.97184203,24.44757144,24.11263928,23.93197527,23.72022941,23.5660045,23.57399661,23.35886145,23.07729168,23.27746916,23.42078779,23.70774267,23.56919385,23.45090907,23.33918303,23.01533367,22.4291385,21.99835368,21.89825553,21.65151243,21.23910125,20.53482028,20.6958598,21.01287987,19.53268057,20.12335307,,
Liberia,LBR,Employment in industry (% of total employment) (modeled ILO estimate),SL.IND.EMPL.ZS,,,,,,,,,,,,,,,,,,,,,,,,,,,,,,,,7.91030604,7.773247583,7.625334201,7.444772468,7.333433302,7.334478727,7.437002103,7.53601225,7.557089203,7.636587039,7.718629772,7.729098751,7.623318051,7.617149732,7.63474587,7.726452554,7.82820928,8.020748494,8.133725393,8.272478687,8.2987372,8.378741747,8.44628268,8.495121223,8.403781759,8.208127044,8.214652961,8.391538424,8.376835628,8.261839252,8.129526323,8.127702308,8.20136752,8.280206839,8.347977049
Libya,LBY,Employment in industry (% of total employment) (modeled ILO estimate),SL.IND.EMPL.ZS,,,,,,,,,,,,,,,,,,,,,,,,,,,,,,,,24.54065352,24.05698637,23.71798512,23.52427503,23.15112429,22.95603595,23.00725425,22.5907353,22.42532724,22.41578891,22.0596166,21.86610296,22.39134735,22.43270531,22.94278545,23.21091191,23.20762145,23.10295861,22.40956216,22.34891409,21.55984026,20.91871441,19.90868645,18.84192198,18.57741166,18.32315139,19.15624515,19.40819744,18.74931066,18.1800432,18.43606265,17.88457422,18.28445669,18.08463203,18.62731033
St. Lucia,LCA,Employment in industry (% of total employment) (modeled ILO estimate),SL.IND.EMPL.ZS,,,,,,,,,,,,,,,,,,,,,,,,,,,,,,,,20.55270743,20.6356379,20.43473673,19.8824479,20.2557657,20.62005174,18.47530926,16.95445545,17.14259531,18.36610193,17.95108525,17.54938648,15.71366443,15.72365998,17.62937752,18.13134733,17.59747254,17.68334855,17.47476581,17.1858202,17.11825071,16.93268005,16.59154,16.45712747,16.53035152,16.48732141,16.34246644,14.82656514,14.68946183,15.05952688,16.05425303,16.91321731,15.07301573,16.22823921,16.21017449
Latin America & Caribbean,LCN,Employment in industry (% of total employment) (modeled ILO estimate),SL.IND.EMPL.ZS,,,,,,,,,,,,,,,,,,,,,,,,,,,,,,,,23.70538091,23.51424874,23.2550316,23.03978208,22.64812997,22.60321789,22.5241734,22.72767797,22.21102046,22.37089983,21.89425733,21.90711336,21.66683025,21.82211174,21.92725313,22.02449011,22.33894591,22.50413175,21.88710697,21.86062738,21.75363184,21.70465868,21.61045459,21.82368938,21.55974168,21.00153787,20.74876982,20.57910566,20.40517605,20.3037317,20.70312181,20.77789453,20.6282446,20.55505791,20.46410179
Least developed countries: UN classification,LDC,Employment in industry (% of total employment) (modeled ILO estimate),SL.IND.EMPL.ZS,,,,,,,,,,,,,,,,,,,,,,,,,,,,,,,,10.75796963,10.63421045,10.46240252,10.22995233,10.13888508,10.05781493,10.17100298,10.11882599,10.27013705,10.42598601,10.80778994,11.11901648,11.47548755,11.67144135,11.85464888,12.03414153,12.14423445,12.23786037,12.33518132,12.43798932,12.4396079,12.56690055,12.6545767,12.6675255,12.64252958,12.53457049,12.55374727,12.59798628,12.51322654,12.39354925,12.14645706,12.16747144,12.02737582,12.16057312,12.18475669
Low income,LIC,Employment in industry (% of total employment) (modeled ILO estimate),SL.IND.EMPL.ZS,,,,,,,,,,,,,,,,,,,,,,,,,,,,,,,,12.98737519,12.84068359,12.73209442,12.78450432,12.61845359,12.52943039,12.3558464,12.23329498,12.21892177,12.10205796,12.0477586,11.96899144,11.9050571,11.91056457,11.87659311,11.89312171,11.92287312,12.09856781,12.18535193,12.09461784,12.00274783,11.96405765,11.92408473,11.84522746,11.78455602,11.66547901,11.66150741,11.64177332,11.60793955,11.47725119,11.28461891,11.26122609,11.09186792,11.36527135,11.33696446
Liechtenstein,LIE,Employment in industry (% of total employment) (modeled ILO estimate),SL.IND.EMPL.ZS,,,,,,,,,,,,,,,,,,,,,,,,,,,,,,,,,,,,,,,,,,,,,,,,,,,,,,,,,,,,,,,,,,
Sri Lanka,LKA,Employment in industry (% of total employment) (modeled ILO estimate),SL.IND.EMPL.ZS,,,,,,,,,,,,,,,,,,,,,,,,,,,,,,,,22.62332111,16.94524522,17.48489472,17.27146905,21.17373062,19.49670029,20.21081939,19.53880344,19.63209651,19.72091296,19.31017228,19.39450675,19.83478898,21.14318117,22.5581883,23.04858766,23.19963517,23.48216907,23.66258474,24.16135802,24.80909504,26.07029239,25.83475729,26.34529753,25.77163981,26.39137823,28.40450855,27.93781148,27.60671061,26.91236769,25.99962467,26.48834019,26.26443697,26.0673919,26.30395678
Lower middle income,LMC,Employment in industry (% of total employment) (modeled ILO estimate),SL.IND.EMPL.ZS,,,,,,,,,,,,,,,,,,,,,,,,,,,,,,,,14.70292311,14.6570637,14.56762187,14.47748878,14.62108296,14.84614951,15.10993729,15.05694913,15.37414684,15.47518512,15.82764817,16.1169743,16.65078512,17.14159024,17.63092353,18.05875915,18.58105635,18.81436358,19.32361022,19.84343655,20.33165283,20.95236874,21.06800024,21.2176482,21.38168405,21.54831599,21.74333487,21.91346835,22.01770569,21.38893418,21.9705524,22.77291581,22.36969666,22.62903702,22.91358081
Low & middle income,LMY,Employment in industry (% of total employment) (modeled ILO estimate),SL.IND.EMPL.ZS,,,,,,,,,,,,,,,,,,,,,,,,,,,,,,,,18.76524897,18.81258398,19.01733906,19.08251367,19.18704543,19.46306074,19.59701306,19.31859121,19.19172212,19.81050161,19.13731895,18.95072396,19.14792585,19.69853547,20.38350849,21.02676082,21.7664538,22.01850784,22.269791,22.78096459,23.2179896,23.75105313,23.71525972,23.74154252,23.5737985,23.62414893,23.7490058,23.89075888,23.96259303,23.71071899,24.09663524,24.16863398,24.1067901,24.26982149,24.39319064
Lesotho,LSO,Employment in industry (% of total employment) (modeled ILO estimate),SL.IND.EMPL.ZS,,,,,,,,,,,,,,,,,,,,,,,,,,,,,,,,13.84087588,14.26158605,14.4985381,14.99854265,15.26528944,15.8971706,16.53823026,16.99352601,17.41526881,18.3757781,19.17966572,19.74072534,20.86518316,21.59120595,22.70813499,23.93833035,25.03208143,26.33427773,26.48317828,27.8394513,29.02007263,30.41071481,31.00850126,31.80469512,32.72002794,33.4507487,33.27339042,33.50714296,34.37448756,33.27828809,33.02456956,33.08731353,32.97511265,33.10801621,33.03729994
Late-demographic dividend,LTE,Employment in industry (% of total employment) (modeled ILO estimate),SL.IND.EMPL.ZS,,,,,,,,,,,,,,,,,,,,,,,,,,,,,,,,23.13202393,23.13336198,23.5307519,23.53699419,23.6155526,23.842743,23.81778525,23.4261076,23.00147925,24.14265632,22.63735885,22.14972807,22.30127234,22.93684383,23.87954745,24.87854669,26.03056284,26.39030037,26.59581889,27.14621357,27.58940808,28.10269612,27.98315416,27.92715654,27.51638825,27.73770306,27.95150129,28.19120988,28.55832583,28.76741494,29.16207196,28.5508899,28.88868745,29.05708879,29.14757272
Lithuania,LTU,Employment in industry (% of total employment) (modeled ILO estimate),SL.IND.EMPL.ZS,,,,,,,,,,,,,,,,,,,,,,,,,,,,,,,,31.41044499,30.01846271,29.21371863,28.58980239,28.34530565,28.21867161,28.54804053,29.06831079,27.07000537,26.77714889,26.63695615,27.36914035,27.2357854,28.20358881,29.0597894,29.57087256,30.54856404,30.51673509,26.84894026,24.55946544,24.55806216,25.08333314,25.52507202,24.72363875,25.07263404,25.13745632,25.13384719,25.7673222,25.69969376,25.36451333,26.25343269,25.72716187,25.8084803,25.98922595,25.90181899
Luxembourg,LUX,Employment in industry (% of total employment) (modeled ILO estimate),SL.IND.EMPL.ZS,,,,,,,,,,,,,,,,,,,,,,,,,,,,,,,,27.13747588,26.69857032,26.44963049,26.97559681,25.25563503,22.93960758,23.32365799,21.60762294,21.98439969,20.79311542,21.42685268,20.09200931,19.2860802,18.85423053,17.2973,16.69362474,16.92108655,15.27936417,13.24596575,13.51442692,13.45132896,12.63928149,12.11123956,11.12890593,12.66432854,12.26783333,11.00326191,12.38874845,10.54772712,10.26152266,9.992415684,9.215599144,9.00283156,7.821740484,7.644019962
Latvia,LVA,Employment in industry (% of total employment) (modeled ILO estimate),SL.IND.EMPL.ZS,,,,,,,,,,,,,,,,,,,,,,,,,,,,,,,,30.60760334,28.84760265,28.0229133,28.06027399,27.47894251,27.18039163,25.82802432,27.05135674,25.75629975,26.75818221,26.26731922,25.53459773,27.07295203,26.94061101,26.47612225,27.36914878,28.63340361,29.39893519,24.34310413,23.07431585,22.90841438,23.47689747,23.9218077,23.8475555,23.6455165,24.11408787,22.95659444,22.99901454,23.91203078,22.75316494,24.15902002,23.5306367,23.32454397,21.97756738,21.83613226
"Macao SAR, China",MAC,Employment in industry (% of total employment) (modeled ILO estimate),SL.IND.EMPL.ZS,,,,,,,,,,,,,,,,,,,,,,,,,,,,,,,,28.80809644,27.90773351,26.84743389,25.86619386,24.85956137,23.83988194,23.09625204,22.32992201,21.60590007,20.77586793,19.94485858,19.28824675,18.87058244,18.30561622,18.65262556,19.18441497,18.87034573,18.01805274,16.23754787,15.19541194,14.76380154,14.44683828,14.11154082,14.351635,14.55484461,13.82925519,13.1839244,12.73752248,12.51119601,12.11725635,12.0676871,11.67189697,11.33125644,11.10139079,10.99275661
St. Martin (French part),MAF,Employment in industry (% of total employment) (modeled ILO estimate),SL.IND.EMPL.ZS,,,,,,,,,,,,,,,,,,,,,,,,,,,,,,,,,,,,,,,,,,,,,,,,,,,,,,,,,,,,,,,,,,
Morocco,MAR,Employment in industry (% of total employment) (modeled ILO estimate),SL.IND.EMPL.ZS,,,,,,,,,,,,,,,,,,,,,,,,,,,,,,,,20.75130857,20.95040548,20.64865902,20.95540379,20.98950188,21.41198549,23.01602424,22.12667803,21.07303923,20.64082744,20.30554903,20.45162643,20.53128944,19.83042351,19.89672458,20.77555483,21.0661361,21.34004517,21.42601885,21.6101847,21.84962096,21.38450541,21.60907086,21.91813056,22.10575123,22.18669422,22.46746382,22.61324539,22.78804965,22.5886886,22.91748182,23.22353696,23.25727075,23.64123502,23.83321821
Monaco,MCO,Employment in industry (% of total employment) (modeled ILO estimate),SL.IND.EMPL.ZS,,,,,,,,,,,,,,,,,,,,,,,,,,,,,,,,,,,,,,,,,,,,,,,,,,,,,,,,,,,,,,,,,,
Moldova,MDA,Employment in industry (% of total employment) (modeled ILO estimate),SL.IND.EMPL.ZS,,,,,,,,,,,,,,,,,,,,,,,,,,,,,,,,22.03963132,23.66578962,18.2529146,16.71089364,15.84207547,15.06021858,14.76304431,14.61630149,13.64547239,13.89447187,13.89813833,14.44551833,14.23419006,14.14490439,14.07511429,14.01589946,13.93314374,14.34278912,13.11356646,11.68433707,11.79894875,11.69731295,10.85000414,10.61529911,10.52057748,10.23692719,9.886161793,10.49299963,11.36766693,12.19518544,12.24150587,12.67974066,13.31627828,12.5705359,12.55387197
Madagascar,MDG,Employment in industry (% of total employment) (modeled ILO estimate),SL.IND.EMPL.ZS,,,,,,,,,,,,,,,,,,,,,,,,,,,,,,,,9.014150603,8.970364836,8.927158083,8.85593006,8.815578914,8.726462815,8.629370794,8.493222201,8.313428285,8.143400857,7.851478875,6.334830582,5.167581967,4.207609417,3.414948803,3.800960718,4.234625286,4.74547244,5.303565295,5.983441649,6.758534242,7.689193341,8.206978643,8.707888154,9.211270922,9.238147362,9.365786316,9.522779581,9.658945224,9.591166861,9.598017798,9.859460967,9.835920117,9.864467903,9.902835573
Maldives,MDV,Employment in industry (% of total employment) (modeled ILO estimate),SL.IND.EMPL.ZS,,,,,,,,,,,,,,,,,,,,,,,,,,,,,,,,26.97996969,26.83821777,26.61126161,26.40772981,26.41949482,25.89070435,25.50249484,25.07906273,24.58092771,24.07288861,23.84973698,23.90421524,23.99618767,22.5472908,20.61281611,19.63572593,18.31945704,17.43787263,16.31090942,16.7187079,17.19912635,17.35303298,17.58606063,17.96252092,18.39687138,18.75838524,18.02109664,17.40241398,16.71307271,16.59749896,16.66164287,16.94838294,16.94723623,16.93098613,16.92914143
"Middle East, North Africa, Afghanistan & Pakistan",MEA,Employment in industry (% of total employment) (modeled ILO estimate),SL.IND.EMPL.ZS,,,,,,,,,,,,,,,,,,,,,,,,,,,,,,,,24.95505477,24.95923856,24.52691573,24.10574485,24.49108615,24.78627707,24.80188125,24.04710259,24.03103895,24.21173024,24.220932,24.14515296,24.12462712,24.16077794,24.48828435,24.83071729,25.03749692,25.0061662,25.27846969,25.91248475,25.51659307,25.77204054,25.71581528,25.78506675,26.11879302,25.97368845,26.31557585,26.5245864,26.29428421,26.15034989,26.41281903,26.28613721,26.64370091,26.66568599,26.65137661
Mexico,MEX,Employment in industry (% of total employment) (modeled ILO estimate),SL.IND.EMPL.ZS,,,,,,,,,,,,,,,,,,,,,,,,,,,,,,,,22.06283391,21.62253075,21.16194163,20.79833426,20.25711163,21.32268044,21.05981833,23.30168478,23.99118998,25.34920959,24.39458884,24.18294356,23.92961155,24.02856362,23.86472984,23.97547497,23.81386733,23.30157598,22.32291579,22.84985093,22.87900413,22.7376937,23.07561208,23.51905213,23.81655769,24.2217316,24.55970686,24.68699373,24.30694331,24.40852473,24.46491262,24.97213924,25.03112658,24.69599771,24.52031953
Marshall Islands,MHL,Employment in industry (% of total employment) (modeled ILO estimate),SL.IND.EMPL.ZS,,,,,,,,,,,,,,,,,,,,,,,,,,,,,,,,,,,,,,,,,,,,,,,,,,,,,,,,,,,,,,,,,,
Middle income,MIC,Employment in industry (% of total employment) (modeled ILO estimate),SL.IND.EMPL.ZS,,,,,,,,,,,,,,,,,,,,,,,,,,,,,,,,19.09402379,19.15476469,19.38150209,19.45051717,19.57573002,19.87641672,20.03013713,19.74525966,19.61547716,20.28177846,19.57411721,19.38615314,19.60447528,20.19376643,20.93025046,21.61941668,22.41147998,22.67640318,22.94981639,23.50904605,23.99717726,24.56540569,24.55231605,24.58705924,24.41471035,24.48692971,24.63207686,24.80353534,24.89917613,24.67522628,25.10067942,25.2050057,25.10899907,25.26048076,25.41501148
North Macedonia,MKD,Employment in industry (% of total employment) (modeled ILO estimate),SL.IND.EMPL.ZS,,,,,,,,,,,,,,,,,,,,,,,,,,,,,,,,35.84052879,35.80418268,35.2963557,34.97499943,34.98577658,34.73036948,34.53371377,34.33532713,34.0779399,33.95583056,33.52091172,33.34137461,33.90538312,34.48284046,33.07197368,33.02749184,31.45453048,31.42096223,29.78616775,29.33155026,30.12908831,29.88862884,30.38423261,30.35818977,30.50909198,30.3840982,30.71015403,31.63852337,31.28061877,30.976374,30.86513743,30.4285039,31.04017087,30.66083583,30.62601461
Mali,MLI,Employment in industry (% of total employment) (modeled ILO estimate),SL.IND.EMPL.ZS,,,,,,,,,,,,,,,,,,,,,,,,,,,,,,,,19.56765378,19.48565785,19.41009137,19.32039212,19.26345821,19.20234379,19.13879115,19.05018283,18.88506737,18.6475475,18.41269281,18.01205942,17.53317951,16.84884336,15.27744853,13.8211335,11.54766339,9.615209547,8.082978248,8.089089754,8.051350178,7.996720022,7.9726807,7.996172332,8.260612798,6.717620529,8.239764487,7.657399229,8.757782174,9.306101306,8.792378916,8.622304193,8.642837644,8.668322916,8.589862611
Malta,MLT,Employment in industry (% of total employment) (modeled ILO estimate),SL.IND.EMPL.ZS,,,,,,,,,,,,,,,,,,,,,,,,,,,,,,,,34.97328049,34.60094905,34.29471254,34.26938693,34.11144256,33.72216182,33.39889579,33.17133186,32.71310859,32.93612518,31.18193698,31.8653983,30.27140965,29.64439177,29.22857383,27.85757431,25.78161687,25.5647316,25.05197254,25.56642347,24.56431058,22.18643974,21.59658987,20.71163971,20.03155987,19.88763085,19.81880413,18.77871073,19.36229077,18.55493508,18.25186313,17.15559918,18.01987507,17.93421824,17.73730666
Myanmar,MMR,Employment in industry (% of total employment) (modeled ILO estimate),SL.IND.EMPL.ZS,,,,,,,,,,,,,,,,,,,,,,,,,,,,,,,,7.979280438,9.024371275,9.611998801,9.787712417,10.47070824,11.09935476,11.71231226,12.05890014,12.6370577,13.57523131,14.24397601,15.00415716,15.8547753,16.71342465,17.48398194,18.21298229,18.73341714,18.93940654,19.18082052,19.15358034,18.2959614,17.69296196,17.25456325,16.82726966,16.76571068,16.21173139,15.70391313,17.01677414,16.64055956,18.57729753,18.45017693,18.9517852,18.74422396,18.12962384,18.15977259
"Middle East, North Africa, Afghanistan & Pakistan (excluding high income)",MNA,Employment in industry (% of total employment) (modeled ILO estimate),SL.IND.EMPL.ZS,,,,,,,,,,,,,,,,,,,,,,,,,,,,,,,,24.80753347,24.79570321,24.30085922,23.83506526,24.24914546,24.57585117,24.59498779,23.77817861,23.78232219,23.97028055,24.00139455,23.94107406,23.90765835,23.9275021,24.28734052,24.63859013,24.75514256,24.61068014,24.9089458,25.59028279,25.13679372,25.41523809,25.32270924,25.35756398,25.68448892,25.44718655,25.81610979,26.08285015,26.02376446,26.24934539,26.6872446,26.77709679,26.75525302,26.80473701,26.78994462
Montenegro,MNE,Employment in industry (% of total employment) (modeled ILO estimate),SL.IND.EMPL.ZS,,,,,,,,,,,,,,,,,,,,,,,,,,,,,,,,24.32455216,24.31313669,24.30989909,24.31362746,24.33592239,24.3596147,24.38236412,24.42821894,24.20394562,24.09400874,23.96373286,23.69806184,23.26858406,21.25681742,19.23370927,18.32406802,17.54471372,18.05737822,18.06052684,18.5160492,18.98444625,17.4248927,17.7773541,17.56042348,17.46376155,17.46498663,17.08423655,18.89840388,19.41271936,18.43435698,16.92679076,19.04810178,18.43408149,18.29092437,18.22795216
Mongolia,MNG,Employment in industry (% of total employment) (modeled ILO estimate),SL.IND.EMPL.ZS,,,,,,,,,,,,,,,,,,,,,,,,,,,,,,,,17.08798047,16.08656408,15.7471391,15.72717133,16.77229407,16.34239423,15.70670462,14.88831463,14.62661209,13.69638984,12.91966594,13.62052298,11.41067941,11.92155597,12.37621114,12.96368947,12.96224098,13.96427885,14.57424918,15.55749748,16.59617872,18.10077142,19.62534994,19.84106999,19.39353834,18.11352297,18.5330984,19.94702934,20.08438024,19.77652679,21.87591789,22.88663245,22.63318291,22.93349377,23.09022779
Northern Mariana Islands,MNP,Employment in industry (% of total employment) (modeled ILO estimate),SL.IND.EMPL.ZS,,,,,,,,,,,,,,,,,,,,,,,,,,,,,,,,,,,,,,,,,,,,,,,,,,,,,,,,,,,,,,,,,,
Mozambique,MOZ,Employment in industry (% of total employment) (modeled ILO estimate),SL.IND.EMPL.ZS,,,,,,,,,,,,,,,,,,,,,,,,,,,,,,,,2.766075018,2.751510293,2.783312081,2.814954528,2.835870379,2.881188442,2.939908366,3.00263489,3.07086898,3.104916518,3.200078923,3.296141292,3.393962529,3.589296619,3.793378566,4.048273758,4.30625471,4.575584581,4.8943085,5.249220165,5.641687872,6.102467417,6.588714124,7.142384272,7.745826467,7.59828134,7.441868209,7.28056052,7.079626779,6.712845052,6.509541903,6.376304306,6.401735013,6.428123652,6.439947389
Mauritania,MRT,Employment in industry (% of total employment) (modeled ILO estimate),SL.IND.EMPL.ZS,,,,,,,,,,,,,,,,,,,,,,,,,,,,,,,,13.93517169,13.7244165,13.81458373,13.21901035,13.65716894,13.83813498,13.26781061,13.21450922,13.16762289,12.54727519,12.25627012,12.19510637,12.50842354,12.75827728,13.28348315,14.34018223,13.87288056,13.60820979,13.33388121,13.40206597,13.58982279,13.62438173,13.7376181,13.73088793,13.84575832,13.69109375,13.88476978,14.0382891,14.15908239,14.18852161,14.3020749,14.51190126,14.82680322,14.9223246,15.0426181
Mauritius,MUS,Employment in industry (% of total employment) (modeled ILO estimate),SL.IND.EMPL.ZS,,,,,,,,,,,,,,,,,,,,,,,,,,,,,,,,34.99405649,34.91765436,34.62756211,34.30333479,33.82929912,33.36273596,32.84733419,33.40360049,33.64784666,33.45678375,33.20672533,33.30544694,33.0850291,32.56400204,32.27305162,31.97422663,31.73155983,31.52086569,29.43104763,28.40607001,27.83626811,27.63192948,26.66822472,25.93679872,25.00405414,25.82611381,24.26396145,23.69798591,23.50629102,23.4043955,22.13132487,22.79526107,21.1577549,20.98261754,20.62108731
Malawi,MWI,Employment in industry (% of total employment) (modeled ILO estimate),SL.IND.EMPL.ZS,,,,,,,,,,,,,,,,,,,,,,,,,,,,,,,,7.883565783,7.798621999,7.768991266,7.607105149,7.613135039,7.609012661,7.57792763,7.550929247,7.513528546,7.469321844,7.374177474,7.325583387,7.324180896,7.313339869,7.291166655,7.28606454,7.339623842,7.350917845,7.382795916,7.410342261,7.430008268,7.412006283,7.432624391,7.457007236,7.461849194,7.463282693,7.476078642,7.503190058,7.524703803,7.413226185,7.354446013,7.3176077,7.328663988,7.32680541,7.343498684
Malaysia,MYS,Employment in industry (% of total employment) (modeled ILO estimate),SL.IND.EMPL.ZS,,,,,,,,,,,,,,,,,,,,,,,,,,,,,,,,32.8123693,33.06540788,33.45752266,33.55725988,33.69506924,33.53268724,34.90415825,33.04347901,32.95549246,33.43513887,33.10748339,31.98326858,32.02293283,30.12575144,29.72903538,30.25858688,28.46164459,28.67352337,27.0122787,27.61268669,28.44571234,27.57531213,27.94262838,27.74663866,27.51884128,27.48679721,27.71745317,27.1110391,27.92421349,26.16686758,25.92968675,26.07184203,25.99668688,26.00222379,25.95585148
North America,NAC,Employment in industry (% of total employment) (modeled ILO estimate),SL.IND.EMPL.ZS,,,,,,,,,,,,,,,,,,,,,,,,,,,,,,,,24.32077757,23.79018595,23.33265897,23.25184175,23.31874797,23.19218216,23.26929844,23.07783317,22.69304675,22.7299206,22.52762239,22.43446255,22.35730819,22.33115378,22.18875271,22.22814528,21.99283426,21.36937208,19.94512196,19.57313008,19.66067428,19.6982292,19.86826224,19.87922607,19.71740415,19.5910792,19.57654736,19.70310508,19.70452136,19.42632808,19.20033863,19.28715588,19.32199342,19.03120501,18.89382245
Namibia,NAM,Employment in industry (% of total employment) (modeled ILO estimate),SL.IND.EMPL.ZS,,,,,,,,,,,,,,,,,,,,,,,,,,,,,,,,16.16382799,15.81090928,15.18154277,14.77598308,14.88138897,15.03000073,15.15685894,14.43399146,13.75111117,13.09392,13.58740184,14.23867264,14.89326853,15.67987593,15.23047996,14.94037434,14.62875504,14.30656156,13.85737017,13.5507413,13.71612907,13.88434171,14.44308634,14.8319252,17.00319309,19.3335462,17.62710218,16.22057598,16.21566067,16.03251878,16.16563824,16.28143182,16.39239204,16.47170926,16.54702471
New Caledonia,NCL,Employment in industry (% of total employment) (modeled ILO estimate),SL.IND.EMPL.ZS,,,,,,,,,,,,,,,,,,,,,,,,,,,,,,,,24.33966922,23.96976786,24.11037329,23.93862613,23.89637531,23.42883488,23.90481549,23.64695565,23.55805015,23.4400647,23.27457494,23.35255029,23.54814969,23.68204063,23.75404869,24.28251121,24.3992643,24.58264789,24.45811588,24.84903269,25.2413567,25.36103822,25.46001245,25.38890089,25.43898137,24.91136358,25.08956851,22.13845883,22.20892187,22.01318993,22.19326472,22.08573556,21.88141175,21.09298616,20.6479674
Niger,NER,Employment in industry (% of total employment) (modeled ILO estimate),SL.IND.EMPL.ZS,,,,,,,,,,,,,,,,,,,,,,,,,,,,,,,,7.86956454,7.814959178,7.760751963,7.729107594,7.672664391,7.623916228,7.580962579,7.53223042,7.477409662,7.437827522,7.397928345,7.357022984,7.319448402,7.282189448,7.2478937,7.214090899,7.181252974,7.163492734,7.142081137,7.135703124,7.12827613,7.168808422,7.278823934,7.385326148,7.504466525,7.61469756,7.737382724,7.859544348,7.991705265,8.358782746,8.710361094,9.275993788,9.213174306,9.207800784,9.270453819
Nigeria,NGA,Employment in industry (% of total employment) (modeled ILO estimate),SL.IND.EMPL.ZS,,,,,,,,,,,,,,,,,,,,,,,,,,,,,,,,10.08415652,10.12589927,9.867903369,9.638751543,9.518638642,9.544193009,9.510317959,9.449813179,9.351051534,9.444685465,9.510550944,9.835473188,10.00811387,10.29083769,10.44016726,10.57279529,10.74260505,10.97326971,11.28609241,11.69385052,12.01989649,12.84128132,13.84145854,14.03707478,13.93822117,13.56813207,13.44381074,13.40197397,13.32434345,14.47465785,15.58965622,16.81721456,16.82188711,16.83886187,17.00989888
Nicaragua,NIC,Employment in industry (% of total employment) (modeled ILO estimate),SL.IND.EMPL.ZS,,,,,,,,,,,,,,,,,,,,,,,,,,,,,,,,17.57658681,16.97373221,17.20028697,17.13532715,17.1471456,17.19972106,16.95827504,17.15380259,17.74941352,17.13147315,17.14233391,16.86067218,16.75581563,16.92911728,18.25283617,17.82182541,18.86582253,18.16387561,17.28886377,17.29622186,17.41701668,17.52145629,17.59734907,17.64505626,17.72924313,17.74194154,17.73334245,17.32228966,16.89948287,16.83310385,16.8761016,16.82212932,16.91654385,16.91262998,16.8782149
Netherlands,NLD,Employment in industry (% of total employment) (modeled ILO estimate),SL.IND.EMPL.ZS,,,,,,,,,,,,,,,,,,,,,,,,,,,,,,,,24.82973478,24.47872802,24.0940957,23.34764103,23.35285382,23.16033614,22.8805312,22.75577538,22.32799442,21.57458807,21.57116454,20.97909082,19.91303828,20.07992709,21.03935946,20.48842577,19.77001038,19.31937588,18.29800089,17.70374631,16.8386166,17.49170605,16.69163522,16.03898584,16.47365722,16.10855031,16.58279431,16.08151779,15.93244435,15.67662994,14.09859627,14.27190504,14.33191764,14.02100931,13.75616441
Norway,NOR,Employment in industry (% of total employment) (modeled ILO estimate),SL.IND.EMPL.ZS,,,,,,,,,,,,,,,,,,,,,,,,,,,,,,,,23.52396338,23.38076555,23.13039249,23.16396845,23.05594749,23.02764113,23.45967422,22.80555256,22.25805327,21.78649529,21.75050725,21.67664425,21.66882474,20.7895643,20.85330258,21.12635608,21.00440097,21.53113711,20.09654068,20.22367238,20.02237025,20.38259719,20.1532886,20.58104685,19.98881088,19.51068506,19.66563858,19.06578229,19.69938247,19.67477354,18.83702648,19.00149075,18.71720771,18.06057057,17.83537106
Nepal,NPL,Employment in industry (% of total employment) (modeled ILO estimate),SL.IND.EMPL.ZS,,,,,,,,,,,,,,,,,,,,,,,,,,,,,,,,24.93776053,24.74161493,25.02998925,25.37845084,25.68575376,26.02797195,25.95021528,25.86584218,25.94206364,26.04692114,26.11018889,26.08639832,26.21704386,26.42049265,26.55307835,26.76075172,26.92208085,27.09187315,27.46528148,27.89288715,28.13491754,28.24615974,28.42224702,28.76545623,29.067815,29.24582208,29.53312683,29.87587927,30.1296229,30.23833211,30.39131253,30.61976682,30.84880088,31.02718151,31.27948913
Nauru,NRU,Employment in industry (% of total employment) (modeled ILO estimate),SL.IND.EMPL.ZS,,,,,,,,,,,,,,,,,,,,,,,,,,,,,,,,,,,,,,,,,,,,,,,,,,,,,,,,,,,,,,,,,,
New Zealand,NZL,Employment in industry (% of total employment) (modeled ILO estimate),SL.IND.EMPL.ZS,,,,,,,,,,,,,,,,,,,,,,,,,,,,,,,,23.75704858,23.19894328,23.68594109,25.26382554,25.34123652,24.95669024,24.04122573,24.23541957,23.09878084,23.32590259,22.88043356,22.74156842,22.40408012,22.84867548,22.1902053,22.53055891,22.09894511,21.73711758,21.19845778,20.96148417,20.38494958,20.27803558,20.28321955,20.84860566,21.98704416,20.28116025,20.64744943,20.00680113,19.51475375,20.39159009,20.0238379,20.78463745,20.53766597,20.05178796,19.93781768
OECD members,OED,Employment in industry (% of total employment) (modeled ILO estimate),SL.IND.EMPL.ZS,,,,,,,,,,,,,,,,,,,,,,,,,,,,,,,,29.21841192,28.87113617,28.36567805,27.90126514,27.68513762,27.44796642,27.22966583,26.96552452,26.54721633,26.62848449,26.19011086,25.89875249,25.58725816,25.42295681,25.19332595,25.19761767,25.0953684,24.60670917,23.47196396,23.21143398,23.09934886,22.95627273,22.85901049,22.85289391,22.71317598,22.57062794,22.5981925,22.64190719,22.46654287,22.34845868,22.21313727,22.2131824,22.06530347,21.87464007,21.69124249
Oman,OMN,Employment in industry (% of total employment) (modeled ILO estimate),SL.IND.EMPL.ZS,,,,,,,,,,,,,,,,,,,,,,,,,,,,,,,,7.361493097,7.473024564,7.57977195,7.594683934,7.63161027,7.680264633,8.607348387,9.407383571,10.08643194,11.18736654,12.45161307,13.71622487,15.09273881,16.70707524,18.82811344,21.12783841,23.62243825,26.18683476,31.05591039,36.88030612,37.02543915,37.83759446,37.8419814,37.55074137,37.45734066,40.86996283,43.37174666,46.22522787,40.08784848,33.70352258,40.29913014,40.01557753,39.71918261,39.50264062,39.43542421
Other small states,OSS,Employment in industry (% of total employment) (modeled ILO estimate),SL.IND.EMPL.ZS,,,,,,,,,,,,,,,,,,,,,,,,,,,,,,,,25.5643147,25.07252889,24.18777578,23.83618295,23.9824109,23.59786171,23.46087214,23.30016775,22.95304479,23.58536711,23.08138161,22.18192459,22.06657102,22.54321886,22.28727014,21.82373859,21.87945929,22.04850416,20.68397941,20.16121371,20.80331316,20.45047871,20.01504618,19.76644935,19.58553355,19.68770073,19.19084274,18.99720495,19.44113908,19.31153186,18.69782288,17.93574566,17.57050497,17.5128598,17.38880968
Pakistan,PAK,Employment in industry (% of total employment) (modeled ILO estimate),SL.IND.EMPL.ZS,,,,,,,,,,,,,,,,,,,,,,,,,,,,,,,,23.98817822,23.8487811,22.74267803,21.29006021,22.36090943,22.36562926,22.86385086,20.79103656,20.79068608,21.9168001,21.91576687,21.90420348,21.90622788,21.40102603,21.40122903,21.82943733,22.12392224,21.21458482,22.10320411,22.57494022,22.84458768,22.80624222,22.92187105,22.87319191,24.01964652,23.59314789,24.27329412,24.98879,24.33149807,24.76539815,25.42805507,25.41433886,25.15217953,25.18351076,25.25548627
Panama,PAN,Employment in industry (% of total employment) (modeled ILO estimate),SL.IND.EMPL.ZS,,,,,,,,,,,,,,,,,,,,,,,,,,,,,,,,13.82294738,16.06671245,16.64653643,17.42675113,17.11582828,17.41051181,17.40450098,17.09150459,17.17129225,16.38289083,16.34268642,16.05811832,16.23803013,16.62957138,16.19748663,17.01546345,18.15248361,17.89718921,17.98692402,17.53324286,17.5449716,17.05799376,18.87774023,18.80853429,17.57346539,17.24075097,17.40915225,17.62407551,16.66712675,16.6285632,16.8217927,17.73683511,17.461996,17.02344135,17.00770649
Peru,PER,Employment in industry (% of total employment) (modeled ILO estimate),SL.IND.EMPL.ZS,,,,,,,,,,,,,,,,,,,,,,,,,,,,,,,,16.21699858,16.03976281,16.10321148,16.37425332,16.46885274,16.37187208,16.44350684,16.24755601,16.09379207,16.00543503,15.84541138,15.90324949,15.88589838,15.92431704,15.99569404,16.16037072,16.35497136,16.48772908,16.5852892,17.00325861,16.78675157,17.38812533,17.42752975,16.97009394,17.07125345,16.64451611,16.07291216,15.96630781,15.95828083,15.62883389,16.69980944,16.69898457,16.35810118,16.78249306,16.78675267
Philippines,PHL,Employment in industry (% of total employment) (modeled ILO estimate),SL.IND.EMPL.ZS,,,,,,,,,,,,,,,,,,,,,,,,,,,,,,,,16.61169693,16.50607718,16.09709444,16.37897912,16.22756928,17.3850377,17.46793753,17.08275248,16.97623355,16.90535715,16.48734074,16.22562405,16.23561459,16.47553466,16.47378088,16.55531149,16.8212415,16.6743907,16.01770911,16.38283634,16.10636179,16.03606855,16.3708759,16.77928245,17.07861398,17.83837421,18.66365636,19.47367808,19.53732671,18.71261889,18.86417764,18.44420545,18.94392736,19.4979246,19.96410831
Palau,PLW,Employment in industry (% of total employment) (modeled ILO estimate),SL.IND.EMPL.ZS,,,,,,,,,,,,,,,,,,,,,,,,,,,,,,,,,,,,,,,,,,,,,,,,,,,,,,,,,,,,,,,,,,
Papua New Guinea,PNG,Employment in industry (% of total employment) (modeled ILO estimate),SL.IND.EMPL.ZS,,,,,,,,,,,,,,,,,,,,,,,,,,,,,,,,8.397756914,9.05643888,9.804830086,9.798945613,9.236794479,9.478385693,8.839010381,8.321021948,8.252312496,7.921210336,7.631609803,7.353101728,7.266540647,7.205256628,7.384328572,7.515749519,7.776045038,7.42533348,7.543031861,7.515908633,7.156761024,7.059070686,7.021889784,7.859401331,8.062062615,8.112896217,8.080284331,7.712231,7.734467064,7.582617089,7.5946663,7.586940989,7.530689818,7.704683439,7.871462862
Poland,POL,Employment in industry (% of total employment) (modeled ILO estimate),SL.IND.EMPL.ZS,,,,,,,,,,,,,,,,,,,,,,,,,,,,,,,,32.57715777,32.16004609,31.96490931,31.77709023,31.79779044,31.46994519,31.79126383,31.5047437,31.0857805,30.71348373,30.08171854,29.53433104,29.15580918,28.75266372,29.18029337,29.92880328,30.68127918,31.83651768,31.03632559,30.23713102,30.60962952,30.35023714,30.48339744,30.5085544,30.53663075,31.44743944,31.66676106,31.81650126,32.1330068,31.67039651,30.69759196,30.60602336,29.53629025,30.19988935,30.02533741
Pre-demographic dividend,PRE,Employment in industry (% of total employment) (modeled ILO estimate),SL.IND.EMPL.ZS,,,,,,,,,,,,,,,,,,,,,,,,,,,,,,,,10.34885853,10.31727711,10.21410839,10.12635724,10.07664149,10.12503544,10.12309033,10.11777263,10.07805558,10.08971469,10.07855584,10.08986323,10.07519307,10.13076192,10.13138752,10.18236876,10.20923686,10.27844494,10.41410893,10.56365142,10.67739799,11.03257836,11.39667043,11.46485332,11.44812897,11.30952266,11.36652306,11.44991134,11.51224481,11.71608165,12.00678481,12.48095027,12.47340336,12.62080607,12.69647081
Puerto Rico (US),PRI,Employment in industry (% of total employment) (modeled ILO estimate),SL.IND.EMPL.ZS,,,,,,,,,,,,,,,,,,,,,,,,,,,,,,,,23.75688122,23.8020529,23.67548506,22.93382379,22.56399263,21.52750531,21.48035567,21.72999928,22.09039266,22.13861215,21.53687604,19.88298653,19.51096833,19.32453673,18.91694457,19.43859183,19.18088313,18.07971312,17.74025647,17.44048486,17.14655537,16.89387814,16.60915756,16.32449326,16.04882606,15.97888335,15.80984412,15.76335225,15.78004632,15.77405297,15.44166803,15.35049072,15.16870987,14.9482053,14.71961706
"Korea, Dem. People's Rep.",PRK,Employment in industry (% of total employment) (modeled ILO estimate),SL.IND.EMPL.ZS,,,,,,,,,,,,,,,,,,,,,,,,,,,,,,,,30.89597116,29.93180069,29.1940362,28.57121467,27.90587573,27.28400432,26.38777539,25.98290061,26.30794018,26.15978809,26.27378376,26.21258962,26.22209936,26.21755126,26.37522797,26.06339427,25.76569389,25.82114915,25.52181077,25.27069568,25.10208625,24.99789804,24.89566636,24.79527041,24.51057552,24.63269771,24.07325584,23.47888245,23.36213108,23.08271687,22.70130803,22.5307392,22.65646454,22.52138094,22.40587156
Portugal,PRT,Employment in industry (% of total employment) (modeled ILO estimate),SL.IND.EMPL.ZS,,,,,,,,,,,,,,,,,,,,,,,,,,,,,,,,34.55186765,34.27588037,33.66050795,33.27426299,32.94202057,32.13411195,32.06758687,36.65304124,35.58311651,35.73297203,34.73420248,34.55911642,33.9243408,32.14146861,31.41013918,31.30384365,31.21654273,29.78517986,28.54673839,27.93095228,27.35117573,25.57969474,23.9550808,23.86018923,24.19744859,24.22296071,24.44654594,24.43830653,24.16288212,24.4284281,24.60034832,24.87347927,25.47657525,24.7631634,24.55090641
Paraguay,PRY,Employment in industry (% of total employment) (modeled ILO estimate),SL.IND.EMPL.ZS,,,,,,,,,,,,,,,,,,,,,,,,,,,,,,,,19.28720937,19.09828741,19.07107399,19.06396158,19.11662252,18.85382646,18.72227456,18.33051133,17.88524629,16.02689404,15.7514142,15.59016389,15.99122352,16.64395029,15.78170435,16.8704715,18.24990166,19.05410542,17.68353066,19.19517847,17.82016249,16.87875084,17.47093937,19.13303663,19.73768517,19.42506594,19.50671952,18.5851775,18.14246732,19.08636071,19.49267123,18.74358639,18.00981215,18.90483775,18.95079176
West Bank and Gaza,PSE,Employment in industry (% of total employment) (modeled ILO estimate),SL.IND.EMPL.ZS,,,,,,,,,,,,,,,,,,,,,,,,,,,,,,,,28.02329448,27.78469482,27.61600618,27.59636193,27.58270924,27.20795647,27.51377456,28.01270906,28.46674124,27.19342995,26.3065623,22.53077863,23.91943183,23.067914,24.4951027,22.4208153,22.55956855,21.95218829,22.68266162,22.89944692,23.82362038,24.71800905,25.87128801,25.91535388,26.61560331,27.94548201,28.40831423,28.76166433,27.82309575,28.31747576,29.108358,29.88011283,,,
Pacific island small states,PSS,Employment in industry (% of total employment) (modeled ILO estimate),SL.IND.EMPL.ZS,,,,,,,,,,,,,,,,,,,,,,,,,,,,,,,,18.67963381,19.08197251,19.15764025,19.50638441,19.98508296,20.00271807,19.68404488,20.4497483,20.14490162,18.81208558,17.81893274,17.1187592,16.94321077,16.87803123,16.8141762,16.20673058,15.4719282,15.11562239,14.32730058,14.14718984,13.75973895,12.9007071,12.28794202,11.74847461,11.2538593,11.06314187,11.08334235,10.97177714,10.85801839,10.68268775,10.72926333,10.75159007,10.7530453,10.71138458,10.67001592
Post-demographic dividend,PST,Employment in industry (% of total employment) (modeled ILO estimate),SL.IND.EMPL.ZS,,,,,,,,,,,,,,,,,,,,,,,,,,,,,,,,30.38009524,29.90730445,29.33180741,28.89122205,28.53956886,28.13626997,27.84129362,27.41367007,26.97820492,26.8367925,26.50644113,26.18531677,25.91458589,25.60924632,25.3085478,25.25758866,25.15494372,24.608642,23.51715891,23.11758649,22.88096288,22.78102283,22.5759183,22.46512056,22.23346708,22.01781087,21.99652386,22.0099614,21.91869777,21.76665114,21.57663588,21.37402149,21.25648963,21.04343017,20.84647041
French Polynesia,PYF,Employment in industry (% of total employment) (modeled ILO estimate),SL.IND.EMPL.ZS,,,,,,,,,,,,,,,,,,,,,,,,,,,,,,,,15.99183248,15.83388789,15.58872764,15.34491167,15.13451283,15.39973618,15.80765581,16.66419185,17.04867246,16.83564221,16.99364593,17.01951064,17.22148445,17.39201911,17.23305678,16.96371805,17.02709758,17.0671469,16.2551881,15.89307559,15.81173876,15.56553283,15.37736775,15.26464019,15.03220225,14.87490003,14.8363561,14.68853875,14.72110677,14.43454381,14.46848614,14.48869246,14.477431,14.37715596,14.3335742
Qatar,QAT,Employment in industry (% of total employment) (modeled ILO estimate),SL.IND.EMPL.ZS,,,,,,,,,,,,,,,,,,,,,,,,,,,,,,,,30.49715576,30.96340396,30.74201125,31.3977623,31.62343109,31.85058025,33.24321517,34.64848331,35.57455255,36.88856461,38.39219106,39.13601095,39.80246438,41.01095922,41.03179926,41.56938779,51.86315678,59.57909668,58.44371593,56.38681873,54.1018703,51.77906521,51.71535416,52.85823692,54.14127049,54.55482247,54.50252462,55.33382387,54.68251498,42.42877979,40.92004678,39.04563125,38.96130459,38.22672562,38.0200379
Romania,ROU,Employment in industry (% of total employment) (modeled ILO estimate),SL.IND.EMPL.ZS,,,,,,,,,,,,,,,,,,,,,,,,,,,,,,,,39.07529444,38.40943547,37.99362252,37.79839354,35.90892833,36.32713856,35.744314,34.07191371,32.27401424,30.86435803,30.87760655,34.58319106,34.05260101,35.61210829,34.89803826,34.96610312,35.58557129,35.70383204,33.99668927,32.33486288,32.39544522,32.04702945,32.07619746,32.67968416,31.82341928,33.06337206,33.27813374,33.11971271,33.0269659,32.57125332,32.94300996,32.8302429,33.16466218,32.6533806,32.57127098
Russian Federation,RUS,Employment in industry (% of total employment) (modeled ILO estimate),SL.IND.EMPL.ZS,,,,,,,,,,,,,,,,,,,,,,,,,,,,,,,,40.0923811,39.09027689,38.34000534,36.15497339,34.23029173,32.66874554,30.05971126,29.16502253,29.0612513,29.29944683,30.23234713,30.23290738,30.2815976,29.68199423,29.30370978,28.9477568,28.85112506,28.67615545,27.47300643,27.52847567,27.28485776,27.57196627,27.51413699,27.34505557,27.05233177,26.81264053,26.84429552,26.68060219,26.67977227,26.40813849,26.50004686,26.2921116,25.94260792,25.96668611,25.83246308
Rwanda,RWA,Employment in industry (% of total employment) (modeled ILO estimate),SL.IND.EMPL.ZS,,,,,,,,,,,,,,,,,,,,,,,,,,,,,,,,4.968507397,4.975895626,4.94168781,4.821052811,4.655967974,4.767779371,4.891214738,4.967774169,5.010185327,5.078553705,5.185633681,5.342850632,5.752047718,6.281244334,6.901670733,7.581695063,8.347570359,9.110256864,9.874579918,10.75687096,11.74385721,12.74653279,12.84793896,12.96060406,13.11064429,13.2212607,13.3457153,15.50298361,15.7102174,17.2099212,14.38569822,14.48700765,14.23110953,18.12087769,18.40741296
South Asia,SAS,Employment in industry (% of total employment) (modeled ILO estimate),SL.IND.EMPL.ZS,,,,,,,,,,,,,,,,,,,,,,,,,,,,,,,,15.12812373,14.99137162,14.96918456,14.94229699,15.04884092,15.17308921,15.36713794,15.64578517,16.1148091,16.15935252,16.65031038,17.05689801,17.76667657,18.46660871,19.05517355,19.56325229,20.28532919,20.69213381,21.41994407,22.15843742,23.21997369,24.26990873,24.36511275,24.47217193,24.5076066,24.7272898,24.80335668,24.83816815,24.71238122,23.27021694,23.8465625,25.24553215,24.28193163,24.64147678,25.05041882
Saudi Arabia,SAU,Employment in industry (% of total employment) (modeled ILO estimate),SL.IND.EMPL.ZS,,,,,,,,,,,,,,,,,,,,,,,,,,,,,,,,25.51547181,25.94039813,26.11908692,26.14978145,25.94764481,25.88986092,25.66429013,25.81964041,25.48097603,25.38248928,25.26566547,25.11821822,25.40291111,25.7322658,25.71581678,25.6295978,25.73662148,25.79942015,25.55113686,25.9172573,26.28255559,26.32134914,26.19439757,26.2984525,26.37399113,26.35622357,26.34915298,25.65549738,24.34638936,22.8973871,19.53885725,16.88316526,23.05699086,23.06340876,23.07088678
Sudan,SDN,Employment in industry (% of total employment) (modeled ILO estimate),SL.IND.EMPL.ZS,,,,,,,,,,,,,,,,,,,,,,,,,,,,,,,,10.29133749,10.54393431,10.50320321,10.49181519,10.69192982,10.98258164,11.69967791,11.88423821,11.98984283,12.34098798,12.65772645,12.93470752,13.22038972,13.5235293,13.76829094,14.09321637,14.45280982,14.51364288,14.31636787,14.3521537,14.50288395,13.80525735,13.93236154,14.07757471,14.08246723,14.34338282,14.20718488,14.10372036,13.81597642,13.90370863,14.1008175,13.98078424,,,
Senegal,SEN,Employment in industry (% of total employment) (modeled ILO estimate),SL.IND.EMPL.ZS,,,,,,,,,,,,,,,,,,,,,,,,,,,,,,,,13.1131484,13.06792639,13.02274312,12.98341446,12.98030166,12.94524354,12.91225893,12.94860177,13.00469471,13.0809945,13.18947489,13.88226618,14.71144367,15.63561704,16.5423135,17.53169826,17.16490324,16.69334595,16.27646554,15.77969645,15.273516,14.7233444,14.19489498,13.59563972,12.99218117,12.62274852,15.12504278,17.98913949,21.14451781,21.41552139,21.88879917,22.3232195,22.25343313,22.26018891,22.49870337
Singapore,SGP,Employment in industry (% of total employment) (modeled ILO estimate),SL.IND.EMPL.ZS,,,,,,,,,,,,,,,,,,,,,,,,,,,,,,,,35.14091266,34.62978029,33.87978796,32.74314714,31.46852743,30.2465414,29.68939235,28.64454872,27.86376234,27.29365248,26.15794189,25.38988959,24.78530569,24.41053373,23.8829548,23.29781957,23.590067,23.72967297,22.59318393,21.72358248,20.74121163,20.37390284,19.68548977,17.58878059,17.29046427,16.15680331,15.88300262,16.03884615,14.96553289,14.82954077,14.44496386,14.56456816,13.84329922,14.16255781,13.99784183
Solomon Islands,SLB,Employment in industry (% of total employment) (modeled ILO estimate),SL.IND.EMPL.ZS,,,,,,,,,,,,,,,,,,,,,,,,,,,,,,,,19.59705637,20.93007006,20.88153391,21.61223484,22.77911147,22.28414425,21.12695734,20.47140918,19.39747894,15.33169342,12.39126542,10.75112483,10.83228382,11.12400429,11.36849836,11.0861348,10.7500955,10.80281423,10.32556851,10.74462539,10.75356191,9.909345571,9.333805453,8.84161935,8.438018635,8.569370167,8.398225359,8.188002166,7.960646642,7.874712813,7.873364014,7.792127388,7.762922388,7.634372748,7.578684497
Sierra Leone,SLE,Employment in industry (% of total employment) (modeled ILO estimate),SL.IND.EMPL.ZS,,,,,,,,,,,,,,,,,,,,,,,,,,,,,,,,8.089265852,7.978697171,7.922271842,7.853586686,7.754758203,7.655773715,7.513209449,7.359656999,7.163900802,6.75102332,6.314384127,6.182255102,6.0088011,6.50373544,6.144628897,5.787227564,5.536675077,5.239147787,5.058566109,5.08389028,5.084149349,5.484152466,5.867947314,6.070605183,6.472846731,7.866210225,9.160655312,10.5784361,10.67103111,10.63518621,10.59535699,10.79831376,11.21043484,11.34084857,11.46953884
El Salvador,SLV,Employment in industry (% of total employment) (modeled ILO estimate),SL.IND.EMPL.ZS,,,,,,,,,,,,,,,,,,,,,,,,,,,,,,,,24.80262239,25.09230539,26.66007219,28.27194184,28.56044231,27.12348017,25.48971295,25.46771268,25.85445281,25.09510002,24.50619477,25.24737017,25.42544045,24.57510643,23.03097471,23.86086946,24.30957803,24.3942894,21.44347871,21.34981338,21.26949928,20.97908304,20.35446941,20.88930383,22.17730625,21.09880681,21.8856685,22.20380213,22.50861587,23.35387233,23.89947857,23.42979447,23.30197032,23.26822327,23.13658446
San Marino,SMR,Employment in industry (% of total employment) (modeled ILO estimate),SL.IND.EMPL.ZS,,,,,,,,,,,,,,,,,,,,,,,,,,,,,,,,,,,,,,,,,,,,,,,,,,,,,,,,,,,,,,,,,,
"Somalia, Fed. Rep.",SOM,Employment in industry (% of total employment) (modeled ILO estimate),SL.IND.EMPL.ZS,,,,,,,,,,,,,,,,,,,,,,,,,,,,,,,,19.254172,19.08411349,18.98991242,19.24987061,19.19977181,19.08888433,19.0733557,19.00864125,18.93152878,18.85780474,18.78972864,18.70226098,18.62219672,18.55724141,18.4843113,18.40381326,18.20476853,18.14608446,18.06926421,17.99559001,17.83660542,17.64220611,17.47986528,17.37819094,17.23927779,17.19824107,16.99385147,17.05460775,17.10793201,17.88231012,17.66931555,17.69478045,17.69524531,17.72623881,17.75200884
Serbia,SRB,Employment in industry (% of total employment) (modeled ILO estimate),SL.IND.EMPL.ZS,,,,,,,,,,,,,,,,,,,,,,,,,,,,,,,,21.97822458,21.91411847,21.81442919,21.71831424,21.77489871,21.59731461,21.56854977,21.57042084,21.4078296,21.39015729,21.30988796,21.55215745,21.63351549,21.8854911,22.44765412,24.12537332,24.20249067,24.20739164,23.51076401,23.85110935,25.03846105,24.86345045,24.54615203,24.29003358,24.08821983,24.14852231,25.11072197,26.75586913,27.28500184,27.88732355,27.87865203,28.01651704,27.62307363,27.08915249,27.06786679
Sub-Saharan Africa (excluding high income),SSA,Employment in industry (% of total employment) (modeled ILO estimate),SL.IND.EMPL.ZS,,,,,,,,,,,,,,,,,,,,,,,,,,,,,,,,11.06029921,11.02087515,10.92108087,10.84102911,10.79481475,10.82938183,10.81741309,10.80349143,10.75460359,10.75036017,10.79508687,10.83755174,10.79863587,10.91656536,10.90970086,10.95096363,10.98741721,11.03763872,11.06210564,11.12095047,11.21271046,11.46980872,11.74413354,11.71263482,11.74669938,11.58972284,11.69660117,11.78219337,11.78642789,11.90124427,12.06384149,12.63209731,12.60727536,12.8047158,12.88827797
South Sudan,SSD,Employment in industry (% of total employment) (modeled ILO estimate),SL.IND.EMPL.ZS,,,,,,,,,,,,,,,,,,,,,,,,,,,,,,,,1.70726559,1.737984104,1.755680922,1.742708196,1.76473614,1.788625889,1.885482285,1.899856154,1.903689519,1.932663591,1.963914772,1.992408528,2.025938107,2.049859376,2.079710916,2.119685557,2.15276495,2.165989643,2.087793104,2.145570606,2.067707119,1.952436997,2.069088056,2.067681448,1.91922213,1.779399297,1.731552186,1.686284694,1.698180502,1.676531506,1.706247507,1.668778441,1.672020469,,
Sub-Saharan Africa,SSF,Employment in industry (% of total employment) (modeled ILO estimate),SL.IND.EMPL.ZS,,,,,,,,,,,,,,,,,,,,,,,,,,,,,,,,10.59542833,10.54898892,10.45674595,10.38091336,10.33694619,10.36747913,10.35472794,10.34072324,10.29946413,10.3068629,10.36078808,10.41085772,10.38600759,10.5096963,10.5189154,10.56361597,10.6055732,10.65839039,10.68800641,10.75313339,10.85096631,11.0886266,11.35021709,11.29279448,11.29534236,11.13344462,11.2027531,11.25757078,11.23975731,11.32191974,11.4411457,11.953017,11.92553529,12.10060575,12.17783032
Small states,SST,Employment in industry (% of total employment) (modeled ILO estimate),SL.IND.EMPL.ZS,,,,,,,,,,,,,,,,,,,,,,,,,,,,,,,,24.05709701,23.6303738,22.90928027,22.67639147,22.95652007,22.81228739,22.7143005,22.82939604,22.48789934,22.78029038,22.44348061,21.81407452,21.71917785,22.27465365,22.22196171,21.85345013,21.91027186,21.95892189,20.81282563,20.33306477,20.51301178,20.18454406,19.86570438,19.58435028,19.33517997,19.31364414,18.94608619,18.81294502,18.9587699,18.72067163,18.37450932,17.95222698,17.79231737,17.774317,17.6886997
Sao Tome and Principe,STP,Employment in industry (% of total employment) (modeled ILO estimate),SL.IND.EMPL.ZS,,,,,,,,,,,,,,,,,,,,,,,,,,,,,,,,22.06882341,22.05633993,22.01561673,22.08222381,22.08976157,22.09069272,22.04079118,22.12936047,22.21825326,22.14340154,22.23650386,22.21185798,22.6215763,22.7756654,20.54568663,21.09614685,21.23929471,21.72872081,21.84301966,21.76307265,21.73991436,21.81881961,22.05182668,22.34445818,22.22266736,22.45144214,22.58711362,22.69742943,22.65189343,22.8185951,22.94544686,22.75364274,22.58892435,22.46797856,22.51506024
Suriname,SUR,Employment in industry (% of total employment) (modeled ILO estimate),SL.IND.EMPL.ZS,,,,,,,,,,,,,,,,,,,,,,,,,,,,,,,,19.03047918,19.14031129,19.32550137,19.71416788,22.24462815,24.70212855,23.25867907,18.8504046,15.07688852,16.32402881,18.10259414,19.73536637,21.96942859,24.10015452,24.31857319,24.65621158,24.79310809,25.17710085,24.92767144,25.07507028,25.48661959,25.31943047,25.3507333,25.38427293,25.3981171,25.56125869,25.63751598,25.98249597,25.88547417,26.09465086,26.31564634,26.39265808,26.14909718,26.12277778,26.10345002
Slovak Republic,SVK,Employment in industry (% of total employment) (modeled ILO estimate),SL.IND.EMPL.ZS,,,,,,,,,,,,,,,,,,,,,,,,,,,,,,,,42.28238384,40.40155068,39.83187271,40.04827476,39.301718,40.00135568,39.81312612,39.70179862,38.79154257,37.5946281,37.96589507,38.68402889,38.62980572,39.38694346,39.14426952,39.16912216,39.72175089,39.98668454,37.86767179,37.05271667,37.65289125,37.49568411,35.78877905,36.05918769,36.12444014,36.53489343,37.13534457,36.51541353,36.05622704,36.52592356,36.48158393,35.84162579,34.68343935,34.95006444,34.52822544
Slovenia,SVN,Employment in industry (% of total employment) (modeled ILO estimate),SL.IND.EMPL.ZS,,,,,,,,,,,,,,,,,,,,,,,,,,,,,,,,40.27367164,39.45010003,39.08447526,37.43078704,38.14356006,37.98035092,36.59183851,35.50501569,33.68572205,33.61887432,34.56881015,34.5900326,32.98346611,32.3216755,32.97094926,31.49331017,31.25673297,31.12060269,29.27620364,28.7103518,27.84825241,27.19811389,27.25504802,27.16511576,28.14701601,29.21509774,29.29083095,29.39889799,30.10277766,30.03562662,30.01678849,30.16408773,32.11549507,32.05550035,31.96841935
Sweden,SWE,Employment in industry (% of total employment) (modeled ILO estimate),SL.IND.EMPL.ZS,,,,,,,,,,,,,,,,,,,,,,,,,,,,,,,,27.26294604,26.7341597,26.19437055,26.0332781,25.45425192,25.86254573,25.55361403,25.88997257,24.99818433,24.37137262,23.74682848,22.96503959,22.59466811,22.36531068,21.94860297,21.91348723,21.64587066,21.32558605,20.15896283,19.90266641,19.92510692,19.64481335,19.1610853,18.60341116,18.28774615,18.19966927,18.164592,18.17924233,18.41961044,18.31196098,18.10102273,17.1959786,17.28171077,17.02026642,16.82196004
Eswatini,SWZ,Employment in industry (% of total employment) (modeled ILO estimate),SL.IND.EMPL.ZS,,,,,,,,,,,,,,,,,,,,,,,,,,,,,,,,25.84848075,25.77504805,25.72427414,25.68872447,25.88591741,25.8420083,25.8416606,25.77566047,25.69619222,25.53543197,25.38797396,25.42638568,25.43159535,25.48882912,25.61447836,25.74532758,25.80356997,25.65949753,25.54705266,25.5278735,25.41593404,25.48871621,25.40456856,25.12749704,24.7548743,24.45177184,23.06329301,21.5441229,20.39451991,18.9990248,17.89116197,21.7343604,26.09662599,26.08149792,26.73321458
Sint Maarten (Dutch part),SXM,Employment in industry (% of total employment) (modeled ILO estimate),SL.IND.EMPL.ZS,,,,,,,,,,,,,,,,,,,,,,,,,,,,,,,,,,,,,,,,,,,,,,,,,,,,,,,,,,,,,,,,,,
Seychelles,SYC,Employment in industry (% of total employment) (modeled ILO estimate),SL.IND.EMPL.ZS,,,,,,,,,,,,,,,,,,,,,,,,,,,,,,,,,,,,,,,,,,,,,,,,,,,,,,,,,,,,,,,,,,
Syrian Arab Republic,SYR,Employment in industry (% of total employment) (modeled ILO estimate),SL.IND.EMPL.ZS,,,,,,,,,,,,,,,,,,,,,,,,,,,,,,,,25.01165736,25.62213624,26.63528678,31.28373548,30.51021566,30.24121104,29.51423315,28.91604879,28.2919943,26.09441761,25.71518667,25.71179594,25.60257879,26.51931732,27.39922618,28.26484248,29.05958741,32.97695796,33.60000609,32.52800177,31.43358083,29.15110525,27.50480301,26.83632646,26.54838008,25.95872696,25.88929845,25.85280587,25.4642402,26.09331966,26.35266828,25.7687959,25.75312147,25.4347677,25.20095477
Turks and Caicos Islands,TCA,Employment in industry (% of total employment) (modeled ILO estimate),SL.IND.EMPL.ZS,,,,,,,,,,,,,,,,,,,,,,,,,,,,,,,,,,,,,,,,,,,,,,,,,,,,,,,,,,,,,,,,,,
Chad,TCD,Employment in industry (% of total employment) (modeled ILO estimate),SL.IND.EMPL.ZS,,,,,,,,,,,,,,,,,,,,,,,,,,,,,,,,2.089264844,2.126708553,2.068101283,2.221022239,2.335861216,2.455429914,2.612444629,2.778041519,2.900216076,3.010983371,3.262675465,3.487774859,3.772106139,4.121818682,4.452075916,4.670253876,4.919112508,5.180415056,5.529949555,6.023556845,6.199537814,6.727273285,7.127440103,7.567370071,7.931124639,8.050752844,8.43247951,8.925299436,8.88991496,8.789640262,8.589463711,8.681654942,8.629120596,8.557031049,8.50213868
East Asia & Pacific (IDA & IBRD countries),TEA,Employment in industry (% of total employment) (modeled ILO estimate),SL.IND.EMPL.ZS,,,,,,,,,,,,,,,,,,,,,,,,,,,,,,,,19.55063143,19.83281642,20.48554551,20.81192567,21.21637772,21.80217097,22.08638881,21.50970205,21.17081981,22.43847203,20.89135918,20.27749208,20.41777509,21.16810483,22.29823308,23.4045767,24.61595457,24.97429934,25.35310438,26.01977421,26.61310337,27.25843288,27.22183918,27.2385738,26.95705766,27.27269592,27.57001472,27.933741,28.32579379,28.52432993,28.98720009,28.33516773,28.81003037,29.0363405,29.20417704
Europe & Central Asia (IDA & IBRD countries),TEC,Employment in industry (% of total employment) (modeled ILO estimate),SL.IND.EMPL.ZS,,,,,,,,,,,,,,,,,,,,,,,,,,,,,,,,32.77703054,32.10859706,31.56600713,30.35081211,28.97712882,28.14439934,27.12422743,26.53975365,26.29791597,26.4740187,26.61522558,26.86432133,26.92647509,27.15687307,27.29710404,27.41358131,27.63107523,27.7490096,26.87029527,26.83697933,26.79114224,26.83838868,26.72787756,26.63565216,26.27677828,26.22734544,26.21753482,26.25253512,26.20210892,26.18394163,26.2701175,26.35221599,26.10223438,26.09473633,26.03636118
Togo,TGO,Employment in industry (% of total employment) (modeled ILO estimate),SL.IND.EMPL.ZS,,,,,,,,,,,,,,,,,,,,,,,,,,,,,,,,7.420166191,7.452558151,7.193034591,7.442416545,7.683251466,7.806396112,8.013673522,8.000664749,8.088216995,8.336167509,8.392132846,8.577975697,8.798549761,8.800844911,8.788909634,9.178651392,11.56541108,13.20943246,16.70355536,17.98091267,18.68631885,18.77311706,18.93115333,19.06565753,19.17325187,19.22300864,19.33208002,18.04493261,16.54485281,17.03017779,17.54076285,18.23758422,18.18320603,18.11480316,18.1606112
Thailand,THA,Employment in industry (% of total employment) (modeled ILO estimate),SL.IND.EMPL.ZS,,,,,,,,,,,,,,,,,,,,,,,,,,,,,,,,15.12447035,15.52046897,17.23277765,17.85091237,19.44336137,20.48125379,19.38487969,17.26386505,17.86840425,18.47838113,18.81063254,19.57259792,19.66417865,19.9699144,20.19224709,20.44914021,20.72479813,20.71775216,20.57229496,20.64439653,19.44063862,19.82242439,21.25964618,23.55369136,23.71998226,23.72589282,22.90019658,22.84866432,22.88934837,22.60275504,22.27253853,22.23526909,21.92417121,22.2543475,22.23732643
Tajikistan,TJK,Employment in industry (% of total employment) (modeled ILO estimate),SL.IND.EMPL.ZS,,,,,,,,,,,,,,,,,,,,,,,,,,,,,,,,22.33607022,20.86413296,19.58316003,18.27557377,17.13609454,16.14708188,15.76186043,15.65207323,15.59126017,15.81056906,16.2259814,16.78124801,17.38326834,17.9579705,17.38720309,16.91677743,16.50737032,16.07611868,15.68983753,15.70424314,15.50622772,15.55187824,15.59484364,15.53351938,15.5429062,15.54870388,15.52410527,15.50014962,15.84200183,15.76000122,15.96007544,16.40418069,16.81335357,17.27531662,17.65536798
Turkmenistan,TKM,Employment in industry (% of total employment) (modeled ILO estimate),SL.IND.EMPL.ZS,,,,,,,,,,,,,,,,,,,,,,,,,,,,,,,,27.05041003,27.07381795,26.95009869,25.89590979,25.59553979,25.80579576,24.97803422,25.02043295,25.25318026,25.05616258,25.09332307,25.03580353,24.90493512,24.90309389,25.16104576,25.44090648,25.81869195,26.82039994,26.91770153,27.122916,27.73663219,28.10701927,28.32305792,28.54280831,28.43639073,28.43985772,28.3939467,28.39048401,28.40350834,28.56031875,28.81957151,29.04340959,29.07429501,28.68859087,28.56669289
Latin America & the Caribbean (IDA & IBRD countries),TLA,Employment in industry (% of total employment) (modeled ILO estimate),SL.IND.EMPL.ZS,,,,,,,,,,,,,,,,,,,,,,,,,,,,,,,,23.70705352,23.51609008,23.28289337,23.10305835,22.70013934,22.66028913,22.57830744,22.79083868,22.25751489,22.42163274,21.9380448,21.96108312,21.71620645,21.8940892,22.00770783,22.12345002,22.44862753,22.62183342,22.00032076,21.98129458,21.8701487,21.7789436,21.72108625,21.94562948,21.67561171,21.10327532,20.84167537,20.66549866,20.48901753,20.39585286,20.79690909,20.87106918,20.71335948,20.63964065,20.54689129
Timor-Leste,TLS,Employment in industry (% of total employment) (modeled ILO estimate),SL.IND.EMPL.ZS,,,,,,,,,,,,,,,,,,,,,,,,,,,,,,,,6.471380428,6.890361431,7.312209173,7.504160633,7.688407008,7.961188384,7.980756374,7.566829743,8.235283572,8.872718166,9.315921075,8.372526712,7.843241757,7.675096091,7.700881025,7.082982636,7.659829254,8.456269425,9.296280403,9.337384992,10.05955058,10.67383996,11.25901548,11.93936294,12.4198896,13.13732084,11.77131771,10.89613408,12.82147769,11.85159436,11.5218832,4.141814526,3.101493367,3.821147261,3.804166194
"Middle East, North Africa, Afghanistan & Pakistan (IDA & IBRD)",TMN,Employment in industry (% of total employment) (modeled ILO estimate),SL.IND.EMPL.ZS,,,,,,,,,,,,,,,,,,,,,,,,,,,,,,,,24.79427174,24.78317307,24.28660526,23.81862123,24.23410865,24.56389765,24.58157113,23.75868748,23.76089058,23.95542998,23.99285561,23.94585981,23.90761263,23.93075437,24.28650805,24.64762798,24.76451651,24.621446,24.91834976,25.60172553,25.14300541,25.41857897,25.32007604,25.35485328,25.67982723,25.43480722,25.80327701,26.06963402,26.0145429,26.23919444,26.67478794,26.76010006,26.75525302,26.80473701,26.78994462
Tonga,TON,Employment in industry (% of total employment) (modeled ILO estimate),SL.IND.EMPL.ZS,,,,,,,,,,,,,,,,,,,,,,,,,,,,,,,,28.4879342,28.28488115,28.64259387,29.46969268,30.24325168,30.02653428,29.55537176,29.55969493,29.6108291,29.9887672,29.90014585,30.39674751,29.89624047,28.81121205,28.10537811,27.05581708,25.85562576,26.63859687,24.85860562,24.63410711,25.87021917,25.7565133,25.43923965,25.72046899,25.72446753,25.5545029,26.00695613,26.10212407,26.37291201,26.78091495,27.44421907,24.89643623,23.03789913,23.28853994,23.33930143
South Asia (IDA & IBRD),TSA,Employment in industry (% of total employment) (modeled ILO estimate),SL.IND.EMPL.ZS,,,,,,,,,,,,,,,,,,,,,,,,,,,,,,,,15.12812373,14.99137162,14.96918456,14.94229699,15.04884092,15.17308921,15.36713794,15.64578517,16.1148091,16.15935252,16.65031038,17.05689801,17.76667657,18.46660871,19.05517355,19.56325229,20.28532919,20.69213381,21.41994407,22.15843742,23.21997369,24.26990873,24.36511275,24.47217193,24.5076066,24.7272898,24.80335668,24.83816815,24.71238122,23.27021694,23.8465625,25.24553215,24.28193163,24.64147678,25.05041882
Sub-Saharan Africa (IDA & IBRD countries),TSS,Employment in industry (% of total employment) (modeled ILO estimate),SL.IND.EMPL.ZS,,,,,,,,,,,,,,,,,,,,,,,,,,,,,,,,10.59542833,10.54898892,10.45674595,10.38091336,10.33694619,10.36747913,10.35472794,10.34072324,10.29946413,10.3068629,10.36078808,10.41085772,10.38600759,10.5096963,10.5189154,10.56361597,10.6055732,10.65839039,10.68800641,10.75313339,10.85096631,11.0886266,11.35021709,11.29279448,11.29534236,11.13344462,11.2027531,11.25757078,11.23975731,11.32191974,11.4411457,11.953017,11.92553529,12.10060575,12.17783032
Trinidad and Tobago,TTO,Employment in industry (% of total employment) (modeled ILO estimate),SL.IND.EMPL.ZS,,,,,,,,,,,,,,,,,,,,,,,,,,,,,,,,27.80279985,26.03486025,25.40175407,24.51384419,24.73140356,24.85349223,25.44787099,27.1786921,26.52943443,26.96164135,27.53358508,27.33601301,27.41083851,29.22652342,29.83480116,29.56594781,30.58865796,30.87482458,29.28899406,28.58415749,27.45664269,27.46770326,27.69318707,27.18596414,27.03315267,26.43157796,25.91241823,25.79600924,25.51173559,23.87873121,24.32193891,24.20859669,24.80025848,24.21600563,24.18075768
Tunisia,TUN,Employment in industry (% of total employment) (modeled ILO estimate),SL.IND.EMPL.ZS,,,,,,,,,,,,,,,,,,,,,,,,,,,,,,,,30.27877107,30.55720978,30.57940828,30.69503119,30.72387662,30.84540494,31.01212203,31.17177898,31.38222177,31.56499093,31.71681351,31.74001658,31.84151475,32.11830624,32.25435678,32.13762617,32.69242963,33.36203133,32.17028622,33.27248016,33.58589153,32.97580358,33.21367232,33.37990657,33.10418727,33.35316731,33.2897492,33.95122207,34.60355163,34.04893567,33.93715265,33.32526266,33.31687625,33.25134579,33.2794438
Turkiye,TUR,Employment in industry (% of total employment) (modeled ILO estimate),SL.IND.EMPL.ZS,,,,,,,,,,,,,,,,,,,,,,,,,,,,,,,,22.80671379,24.19977941,24.35935487,23.20082597,22.88010885,23.51027027,24.78153677,24.41698949,24.18438256,26.26817511,24.98181388,25.34135651,25.05083736,27.27934076,28.77685186,29.21322758,29.19708883,29.26652005,27.71036409,28.69904951,28.96503668,28.50077823,28.86252383,28.92113782,28.28485662,27.83414408,27.59060563,27.74725501,26.38990766,27.34121194,27.56529556,27.70832242,27.59332774,27.36899723,27.29056246
Tuvalu,TUV,Employment in industry (% of total employment) (modeled ILO estimate),SL.IND.EMPL.ZS,,,,,,,,,,,,,,,,,,,,,,,,,,,,,,,,,,,,,,,,,,,,,,,,,,,,,,,,,,,,,,,,,,
Tanzania,TZA,Employment in industry (% of total employment) (modeled ILO estimate),SL.IND.EMPL.ZS,,,,,,,,,,,,,,,,,,,,,,,,,,,,,,,,7.676255573,7.647888377,7.61057603,7.577743202,7.549377142,7.513329389,7.481420164,7.454814961,7.428218986,7.404446291,7.38633372,7.371231219,7.355940698,7.34145269,7.339274917,7.333946167,7.370896499,7.400116765,7.430172974,7.51634022,7.615439482,7.671959017,7.746076295,7.837328002,7.870430076,7.913210581,7.937889369,7.998233563,8.039831688,7.982078662,7.944693538,8.015630922,8.044538181,8.051128913,8.103545472
Uganda,UGA,Employment in industry (% of total employment) (modeled ILO estimate),SL.IND.EMPL.ZS,,,,,,,,,,,,,,,,,,,,,,,,,,,,,,,,19.34520271,19.25843227,19.18198501,19.10093017,19.02600593,18.94999293,18.86006611,18.76155399,18.66178716,18.54286928,18.42131886,18.3046046,18.14937238,17.82343586,17.47235121,17.15952083,16.86406754,16.54784677,16.23611035,12.79127267,11.02723413,11.01391648,9.765203146,6.785525032,6.812837574,6.804678924,6.817041138,7.235722516,7.748586283,7.369707754,7.143866046,7.151343681,7.183987737,7.227416376,7.296175991
Ukraine,UKR,Employment in industry (% of total employment) (modeled ILO estimate),SL.IND.EMPL.ZS,,,,,,,,,,,,,,,,,,,,,,,,,,,,,,,,32.43283232,31.31997738,31.43911375,31.96569575,29.49582872,28.20773631,26.82870431,26.19963005,26.09411398,25.6559278,25.87628121,26.17655858,26.59444074,27.0865455,27.34953238,27.65178789,27.89568821,27.87074887,27.86438099,27.62029022,27.60307357,27.81647542,26.6881133,26.33712063,24.9225998,24.4706691,24.52203608,24.3110435,24.97727675,24.73698844,25.21864455,,,,
Upper middle income,UMC,Employment in industry (% of total employment) (modeled ILO estimate),SL.IND.EMPL.ZS,,,,,,,,,,,,,,,,,,,,,,,,,,,,,,,,21.70568309,21.86415557,22.32935388,22.54631714,22.71695915,23.13001771,23.25600457,22.87259283,22.49803917,23.59366952,22.18712234,21.69069266,21.70517859,22.3806405,23.3143191,24.19639698,25.19511027,25.49857647,25.62588022,26.23707655,26.73362512,27.27113936,27.20103368,27.18264554,26.7780155,26.81187389,26.93918756,27.13495924,27.26367776,27.438901,27.75569293,27.37913381,27.60102787,27.70340912,27.76749952
Uruguay,URY,Employment in industry (% of total employment) (modeled ILO estimate),SL.IND.EMPL.ZS,,,,,,,,,,,,,,,,,,,,,,,,,,,,,,,,24.71187898,24.8231406,24.85680645,23.44024192,22.15911844,22.1304784,22.21549275,22.27219068,22.25573108,22.09917098,21.18523316,19.95613647,19.00786989,19.05834302,19.42428931,19.47187001,19.9508786,19.82323788,19.25709639,19.67000311,19.071449,19.40438342,19.81013902,19.28044507,18.77414737,18.40077532,18.08371881,17.58194952,17.43542829,17.40569639,17.8509451,17.9844441,18.79316213,18.77231418,18.77774225
United States,USA,Employment in industry (% of total employment) (modeled ILO estimate),SL.IND.EMPL.ZS,,,,,,,,,,,,,,,,,,,,,,,,,,,,,,,,24.37346336,23.85577593,23.42014283,23.31345817,23.35995895,23.23834773,23.29143655,23.07369324,22.64765888,22.66968146,22.46975383,22.34597085,22.28727631,22.24930422,22.13175718,22.23062331,22.02037481,21.35027043,19.88727171,19.48967,19.56057166,19.57902346,19.8032434,19.83620966,19.6785067,19.6004289,19.55556269,19.70283679,19.7528962,19.4184045,19.18366643,19.27677797,19.33565819,19.0437071,18.91227627
Uzbekistan,UZB,Employment in industry (% of total employment) (modeled ILO estimate),SL.IND.EMPL.ZS,,,,,,,,,,,,,,,,,,,,,,,,,,,,,,,,19.4006464,18.97882527,18.75670885,18.38711986,18.20747634,18.12016523,18.15159666,18.2874888,18.61385137,18.75551805,18.94088022,19.16094825,19.43930006,19.84813635,20.26487599,20.74749123,21.30236616,21.86181595,22.41403115,22.82140362,22.84965392,22.82318929,22.84589374,22.88271373,22.90420327,23.0554068,23.05273899,22.66539056,23.23371028,23.4344074,23.69288592,23.8986157,24.13419455,24.38105948,24.61143834
St. Vincent and the Grenadines,VCT,Employment in industry (% of total employment) (modeled ILO estimate),SL.IND.EMPL.ZS,,,,,,,,,,,,,,,,,,,,,,,,,,,,,,,,21.2491933,21.32409335,21.47717798,21.27518205,21.30954561,21.06559502,21.27170582,21.3935903,21.06203149,20.67928312,20.56907525,20.56335956,20.77207649,20.87472798,20.79525751,21.13702624,21.39534884,21.04317365,20.82743827,20.53176114,20.32677039,20.19497014,20.23317122,19.99410137,20.1245612,20.09404956,20.11717866,20.12039195,19.96589359,19.8931815,20.24315253,20.72671208,21.00250057,21.0731442,21.13213547
"Venezuela, RB",VEN,Employment in industry (% of total employment) (modeled ILO estimate),SL.IND.EMPL.ZS,,,,,,,,,,,,,,,,,,,,,,,,,,,,,,,,26.29824711,26.85419402,26.47888007,23.81153393,23.74028178,22.55577826,24.07165452,24.69698573,22.90024727,22.98898393,22.24856315,20.82644491,19.99247088,20.46306367,20.6494359,22.18378748,23.12939941,22.87299144,22.46419431,21.96774093,21.79718736,21.2617413,21.32593079,21.34547685,21.31198448,21.13780926,20.06389409,18.67233532,17.5673652,17.5248974,17.61502527,17.53640966,17.32769215,17.21363636,16.75198246
British Virgin Islands,VGB,Employment in industry (% of total employment) (modeled ILO estimate),SL.IND.EMPL.ZS,,,,,,,,,,,,,,,,,,,,,,,,,,,,,,,,,,,,,,,,,,,,,,,,,,,,,,,,,,,,,,,,,,
Virgin Islands (U.S.),VIR,Employment in industry (% of total employment) (modeled ILO estimate),SL.IND.EMPL.ZS,,,,,,,,,,,,,,,,,,,,,,,,,,,,,,,,24.94701654,24.80890097,24.67499737,24.65153904,24.54003855,24.41663377,24.34470879,24.17687551,23.99649513,23.91404593,23.6623199,23.41961731,23.19341187,23.1125011,23.04390959,22.90388982,22.81097332,22.55486516,21.90851668,21.61972603,20.98125424,20.16855826,19.60618711,19.25487293,18.93004115,18.66817045,18.22807837,17.9243752,17.63728092,17.20397436,17.67372944,17.36668785,17.10545328,16.80893358,16.55386434
Viet Nam,VNM,Employment in industry (% of total employment) (modeled ILO estimate),SL.IND.EMPL.ZS,,,,,,,,,,,,,,,,,,,,,,,,,,,,,,,,7.290072613,7.77432496,8.285248289,8.866262256,9.601986918,10.41195708,12.28879076,11.23932144,11.63398421,12.06621879,13.49735438,14.26447466,15.94193601,16.84151325,18.23064954,19.57080161,20.38811329,21.07713583,21.84796303,21.67859524,21.27571817,21.18996401,21.18322921,21.44610428,22.74367075,24.76220704,25.77683182,26.70472306,29.58918427,31.06988961,33.12557358,30.68259289,33.46787648,34.31951985,34.82608891
Vanuatu,VUT,Employment in industry (% of total employment) (modeled ILO estimate),SL.IND.EMPL.ZS,,,,,,,,,,,,,,,,,,,,,,,,,,,,,,,,9.064555138,9.053725045,8.879196575,9.375247196,9.233376994,9.224290382,9.419993575,9.347915514,9.202276454,9.486741261,9.004885972,8.357090393,8.514584387,8.632006971,8.916083916,9.529182035,9.645287733,9.975185571,10.01866698,10.35070817,10.28393238,10.01158347,9.717918753,9.752494713,9.577369857,9.896453101,10.47581629,10.62250435,10.7885163,10.65328316,10.80979357,10.65741273,10.56944101,10.2591783,10.0451605
World,WLD,Employment in industry (% of total employment) (modeled ILO estimate),SL.IND.EMPL.ZS,,,,,,,,,,,,,,,,,,,,,,,,,,,,,,,,21.80144186,21.6689934,21.63154583,21.47086897,21.42308014,21.49984742,21.46915347,21.12479511,20.91866424,21.36107154,20.77928771,20.55598365,20.63151186,20.98345298,21.44605847,21.93569147,22.50200767,22.6029978,22.54440394,22.86354741,23.16246738,23.55650235,23.5040314,23.50579135,23.33687975,23.34263958,23.43060393,23.52798751,23.54638209,23.296565,23.55928487,23.57437428,23.51338251,23.60320992,23.66104598
Samoa,WSM,Employment in industry (% of total employment) (modeled ILO estimate),SL.IND.EMPL.ZS,,,,,,,,,,,,,,,,,,,,,,,,,,,,,,,,23.54955644,23.25266878,23.5582494,22.7169692,23.50133739,24.29383457,23.85177996,23.77611502,23.55872868,23.82233257,24.49652838,23.6720951,22.87536014,21.50625064,21.02955067,19.63851584,17.97889138,16.95627803,15.28862174,15.01355718,14.2896338,13.40491404,13.07314055,12.95582472,13.18391986,13.93258787,14.01684002,13.61505415,13.93536058,13.86178365,13.9574926,13.3064074,14.18071059,15.40321847,15.94097285
Kosovo,XKX,Employment in industry (% of total employment) (modeled ILO estimate),SL.IND.EMPL.ZS,,,,,,,,,,,,,,,,,,,,,,,,,,,,,,,,,,,,,,,,,,,,,,,,,,,,,,,,,,,,,,,,,,
"Yemen, Rep.",YEM,Employment in industry (% of total employment) (modeled ILO estimate),SL.IND.EMPL.ZS,,,,,,,,,,,,,,,,,,,,,,,,,,,,,,,,9.616538287,9.578149684,9.308851335,9.175243915,9.012336475,8.830648837,8.675652128,8.53885862,9.166756303,10.0828155,10.87475009,11.80428713,12.75540849,13.73026317,14.2206226,14.49393449,14.7699584,15.18875019,15.55053839,15.98669625,14.79058192,14.71319101,14.87616649,14.48079537,12.99387341,12.35637749,11.8981838,11.79114082,11.77408131,11.82609222,11.96627987,11.89779731,11.61302433,11.36016639,11.12834657
South Africa,ZAF,Employment in industry (% of total employment) (modeled ILO estimate),SL.IND.EMPL.ZS,,,,,,,,,,,,,,,,,,,,,,,,,,,,,,,,24.64114497,24.56200273,24.49883492,24.46087275,24.43188798,24.40829116,24.41325088,24.49079808,24.49859738,24.50956144,25.31448325,25.83612606,25.25832944,26.28454858,26.0556561,26.08111903,25.96433502,25.88460884,25.30437851,24.76422089,24.22798842,23.51377997,23.54500798,23.46106846,23.84777249,23.36248261,23.3527581,23.1610161,22.30374555,21.19747685,20.64097672,21.09694106,20.57737734,20.80797212,20.75968381
Zambia,ZMB,Employment in industry (% of total employment) (modeled ILO estimate),SL.IND.EMPL.ZS,,,,,,,,,,,,,,,,,,,,,,,,,,,,,,,,7.251015264,7.006158177,7.033060088,6.658328856,6.521497203,6.48092745,6.370080103,6.094287319,5.448661487,4.867422489,5.091434987,5.298430835,5.596658062,5.917331535,6.21016589,6.247056754,6.310852623,6.388584536,6.850116958,7.449423788,7.859079514,8.453426492,8.882054054,9.330619226,9.736879657,9.751252397,9.753341066,9.945842182,9.091300242,8.671134039,10.17669355,9.724991859,9.923638012,10.01138572,10.27983792
Zimbabwe,ZWE,Employment in industry (% of total employment) (modeled ILO estimate),SL.IND.EMPL.ZS,,,,,,,,,,,,,,,,,,,,,,,,,,,,,,,,14.24190835,14.33155558,14.1822591,14.17687035,13.9993626,13.92794993,13.87703604,13.85386353,13.71953899,13.60812325,13.49437838,13.30412166,13.23472752,13.26441527,14.10111478,13.700526,13.82219613,12.87201788,12.85007531,13.06929319,13.0678705,12.23658406,11.41748593,10.64947787,10.61497291,10.60686134,11.12127447,11.11845965,11.19594536,12.32926189,13.48722384,12.30834696,11.39217024,11.43520218,11.52757683
