Country Name,Country Code,Indicator Name,Indicator Code,1960,1961,1962,1963,1964,1965,1966,1967,1968,1969,1970,1971,1972,1973,1974,1975,1976,1977,1978,1979,1980,1981,1982,1983,1984,1985,1986,1987,1988,1989,1990,1991,1992,1993,1994,1995,1996,1997,1998,1999,2000,2001,2002,2003,2004,2005,2006,2007,2008,2009,2010,2011,2012,2013,2014,2015,2016,2017,2018,2019,2020,2021,2022,2023,2024,2025
Aruba,ABW,"Employment to population ratio, 15+, total (%) (modeled ILO estimate)",SL.EMP.TOTL.SP.ZS,,,,,,,,,,,,,,,,,,,,,,,,,,,,,,,,,,,,,,,,,,,,,,,,,,,,,,,,,,,,,,,,,,
Africa Eastern and Southern,AFE,"Employment to population ratio, 15+, total (%) (modeled ILO estimate)",SL.EMP.TOTL.SP.ZS,,,,,,,,,,,,,,,,,,,,,,,,,,,,,,,,65.71917574,65.74039169,65.74100776,65.92701063,66.24845744,66.34253476,66.3366042,66.25871008,66.16838015,66.17334931,66.2144839,66.24455635,66.28529349,66.40063175,66.51993574,66.42393089,66.27089858,66.08509821,65.65950893,65.06705119,65.28401384,64.70468569,65.51668124,64.73829831,64.33509356,63.76758001,63.06175022,62.63081748,62.09258332,60.69384791,60.48173152,61.17237004,63.59663509,63.66151309,63.67730095
Afghanistan,AFG,"Employment to population ratio, 15+, total (%) (modeled ILO estimate)",SL.EMP.TOTL.SP.ZS,,,,,,,,,,,,,,,,,,,,,,,,,,,,,,,,43.382,43.34,43.305,43.249,43.188,43.116,43.058,42.995,42.938,42.885,42.817,42.846,42.85,42.881,42.866,42.893,42.966,43.004,43.097,43.159,43.213,43.258,43.301,43.368,42.906,42.457,42.014,40.466,38.913,36.71,35.8,32.333,32.323,32.408,32.457
Africa Western and Central,AFW,"Employment to population ratio, 15+, total (%) (modeled ILO estimate)",SL.EMP.TOTL.SP.ZS,,,,,,,,,,,,,,,,,,,,,,,,,,,,,,,,72.6906555,72.87668402,72.94975382,73.14467269,73.16317081,73.08459454,73.03629255,72.94167351,72.75081579,72.59087022,72.52891331,72.53620604,72.44310443,72.3736543,72.18894452,72.13420549,72.00233063,71.73642766,71.49079946,71.22384185,71.04328199,70.81867835,70.70988188,70.23023892,69.80463863,69.75097924,69.27100551,69.03507863,68.81502973,67.3348584,67.92926766,69.35757254,70.12328285,70.07097963,69.96768482
Angola,AGO,"Employment to population ratio, 15+, total (%) (modeled ILO estimate)",SL.EMP.TOTL.SP.ZS,,,,,,,,,,,,,,,,,,,,,,,,,,,,,,,,64.307,64.226,63.88,63.899,64.271,64.892,64.973,64.787,64.579,64.484,64.451,64.617,64.59,64.677,64.679,64.804,64.842,64.775,64.6,64.438,64.35,64.296,64.119,63.952,63.638,63.321,63.045,62.812,62.644,61.078,64.306,64.619,64.369,64.383,64.236
Albania,ALB,"Employment to population ratio, 15+, total (%) (modeled ILO estimate)",SL.EMP.TOTL.SP.ZS,,,,,,,,,,,,,,,,,,,,,,,,,,,,,,,,61.273,48.547,50.736,52.725,55.276,54.626,53.996,50.942,49.13,49.528,48.965,48.945,48.611,48.121,47.419,46.704,45.61,46.245,47.473,47.426,51.857,49.371,44.101,43.775,45.955,48.477,50.152,52,53.392,52.458,52.836,55.457,57.066,57.164,57.242
Andorra,AND,"Employment to population ratio, 15+, total (%) (modeled ILO estimate)",SL.EMP.TOTL.SP.ZS,,,,,,,,,,,,,,,,,,,,,,,,,,,,,,,,,,,,,,,,,,,,,,,,,,,,,,,,,,,,,,,,,,
Arab World,ARB,"Employment to population ratio, 15+, total (%) (modeled ILO estimate)",SL.EMP.TOTL.SP.ZS,,,,,,,,,,,,,,,,,,,,,,,,,,,,,,,,41.90742282,41.95468443,41.77313668,41.91591168,41.43831394,41.8020655,41.82792605,41.63822176,41.88192768,41.33456278,40.89581049,40.29109141,40.423477,41.02075656,41.26343948,41.80339173,42.23591038,42.310574,42.60755376,42.97370674,42.43981604,42.01778454,42.08925176,42.10254961,41.61711447,41.71115726,40.87678873,40.58935849,40.5200562,38.92335786,39.28242415,40.36981952,41.86700544,41.87790464,41.78365635
United Arab Emirates,ARE,"Employment to population ratio, 15+, total (%) (modeled ILO estimate)",SL.EMP.TOTL.SP.ZS,,,,,,,,,,,,,,,,,,,,,,,,,,,,,,,,73.432,73.667,74.048,74.42,74.789,74.636,73.918,73.327,72.964,72.831,72.825,72.996,73.28,73.803,74.315,74.934,75.051,74.887,74.35,74.498,74.881,75.256,75.691,76.119,76.599,77.16,76.82,77.339,77.614,75.398,74.661,75.023,76.681,76.789,76.885
Argentina,ARG,"Employment to population ratio, 15+, total (%) (modeled ILO estimate)",SL.EMP.TOTL.SP.ZS,,,,,,,,,,,,,,,,,,,,,,,,,,,,,,,,56.707,56.855,55.284,54.716,49.947,51.392,53.474,55.104,53.755,52.968,50.973,48.366,51.661,53.567,54.434,55.567,55.937,55.692,55.526,55.544,56.297,56.005,55.705,55.123,54.744,54.247,53.899,54.101,54.355,49.602,55.085,57.3,58.463,57.439,57.489
Armenia,ARM,"Employment to population ratio, 15+, total (%) (modeled ILO estimate)",SL.EMP.TOTL.SP.ZS,,,,,,,,,,,,,,,,,,,,,,,,,,,,,,,,64.672,64.367,61.603,60.227,59.627,57.479,56.088,56.637,55.315,55.238,55.082,54.849,54.636,54.455,54.336,54.305,54.415,50.108,49.952,49.862,50.142,50.772,51.339,50.761,50.3,50.783,50.581,49.697,48.002,50.125,52.364,50.905,52.546,52.485,51.744
American Samoa,ASM,"Employment to population ratio, 15+, total (%) (modeled ILO estimate)",SL.EMP.TOTL.SP.ZS,,,,,,,,,,,,,,,,,,,,,,,,,,,,,,,,,,,,,,,,,,,,,,,,,,,,,,,,,,,,,,,,,,
Antigua and Barbuda,ATG,"Employment to population ratio, 15+, total (%) (modeled ILO estimate)",SL.EMP.TOTL.SP.ZS,,,,,,,,,,,,,,,,,,,,,,,,,,,,,,,,,,,,,,,,,,,,,,,,,,,,,,,,,,,,,,,,,,
Australia,AUS,"Employment to population ratio, 15+, total (%) (modeled ILO estimate)",SL.EMP.TOTL.SP.ZS,,,,,,,,,,,,,,,,,,,,,,,,,,,,,,,,57.218,56.24,55.787,56.943,58.283,58.233,57.967,58.281,58.582,59.303,59.164,59.459,59.935,60.144,61.26,61.747,62.415,62.783,61.856,62.066,62.184,61.836,61.343,60.849,61.135,61.242,61.599,62.286,62.689,60.87,62.825,64.396,64.565,64.089,63.816
Austria,AUT,"Employment to population ratio, 15+, total (%) (modeled ILO estimate)",SL.EMP.TOTL.SP.ZS,,,,,,,,,,,,,,,,,,,,,,,,,,,,,,,,54.168,54.896,54.759,56.619,56.326,55.309,55.097,55.202,55.823,55.69,55.572,55.843,55.921,54.203,54.764,55.447,56.506,57.153,56.703,56.952,57.131,57.252,57.122,56.758,56.73,57.015,57.292,57.914,58.121,57.224,56.715,57.843,57.649,57.361,56.767
Azerbaijan,AZE,"Employment to population ratio, 15+, total (%) (modeled ILO estimate)",SL.EMP.TOTL.SP.ZS,,,,,,,,,,,,,,,,,,,,,,,,,,,,,,,,69.104,71.001,72.117,73.623,74.699,73.986,72.677,70.999,69.607,67.753,66.459,65.205,64.066,62.538,61.711,60.511,57.876,57.259,57.482,57.437,57.873,58.398,58.82,59.68,60.386,61.419,61.787,62.195,61.966,62.356,59.853,61.116,60.716,60.292,59.834
Burundi,BDI,"Employment to population ratio, 15+, total (%) (modeled ILO estimate)",SL.EMP.TOTL.SP.ZS,,,,,,,,,,,,,,,,,,,,,,,,,,,,,,,,86.734,86.208,85.522,84.786,84.192,83.391,82.478,81.559,80.834,80.062,79.277,78.474,77.678,76.826,75.95,74.981,75.809,76.607,76.891,77.156,77.307,77.448,77.59,77.697,78.337,78.843,79.093,79.126,78.909,77.737,78.21,78.385,78.082,77.774,77.533
Belgium,BEL,"Employment to population ratio, 15+, total (%) (modeled ILO estimate)",SL.EMP.TOTL.SP.ZS,,,,,,,,,,,,,,,,,,,,,,,,,,,,,,,,45.757,46.204,45.616,45.384,45.73,45.62,45.969,46.014,47.384,48.802,47.653,47.57,47.319,48.122,48.796,48.73,49.654,49.949,49.282,49.67,49.491,49.306,49.1,49.008,48.842,49.001,49.554,50.48,51.005,50.422,50.671,51.536,51.39,51.429,51.068
Benin,BEN,"Employment to population ratio, 15+, total (%) (modeled ILO estimate)",SL.EMP.TOTL.SP.ZS,,,,,,,,,,,,,,,,,,,,,,,,,,,,,,,,70.979,71.07,71.042,71.031,71.098,71.1,71.164,71.161,71.191,71.212,71.242,71.255,71.228,71.212,71.176,71.17,71.174,71.194,71.169,71.118,69.977,70.518,71.109,71.687,72.132,72.563,73.058,73.642,74.183,73.645,74.681,74.995,75.023,75.022,75.143
Burkina Faso,BFA,"Employment to population ratio, 15+, total (%) (modeled ILO estimate)",SL.EMP.TOTL.SP.ZS,,,,,,,,,,,,,,,,,,,,,,,,,,,,,,,,81.859,81.635,81.505,81.179,81.02,80.891,80.716,80.488,80.189,79.869,79.609,79.303,79.156,78.372,77.734,77.783,77.861,77.477,77.075,76.847,76.538,76.292,75.898,75.506,75.102,74.767,74.479,74.215,74.13,71.738,70.646,69.567,68.631,67.651,67.57
Bangladesh,BGD,"Employment to population ratio, 15+, total (%) (modeled ILO estimate)",SL.EMP.TOTL.SP.ZS,,,,,,,,,,,,,,,,,,,,,,,,,,,,,,,,55.666,55.795,55.897,56.015,56.129,56.242,56.277,56.289,56.283,56.261,56.105,55.899,55.674,55.646,55.65,55.986,55.861,55.705,55.528,56.597,55.941,55.3,54.649,54.308,53.972,53.65,55.778,56.3,56.791,56.459,57.751,59.031,58.845,56.762,56.574
Bulgaria,BGR,"Employment to population ratio, 15+, total (%) (modeled ILO estimate)",SL.EMP.TOTL.SP.ZS,,,,,,,,,,,,,,,,,,,,,,,,,,,,,,,,44.578,42.405,41.724,43.418,44.144,43.263,43.161,43.715,43.108,41.851,41.219,41.731,43.272,44.781,45.075,47.358,49.864,51.785,50.412,48.003,46.633,46.65,46.957,47.801,49.252,49.272,51.99,52.434,54.309,53.063,52.53,54.382,54.438,53.911,54.131
Bahrain,BHR,"Employment to population ratio, 15+, total (%) (modeled ILO estimate)",SL.EMP.TOTL.SP.ZS,,,,,,,,,,,,,,,,,,,,,,,,,,,,,,,,65.708,65.727,65.457,65.048,64.746,64.466,64.408,64.438,64.563,64.799,64.789,64.497,64.257,64.216,65.024,66.04,67.268,68.605,69.948,70.934,70.327,70.727,70.702,70.355,70.528,71.12,71.534,71.214,70.545,68.004,67.873,69.395,69.958,69.804,69.652
"Bahamas, The",BHS,"Employment to population ratio, 15+, total (%) (modeled ILO estimate)",SL.EMP.TOTL.SP.ZS,,,,,,,,,,,,,,,,,,,,,,,,,,,,,,,,63.468,61.971,63.886,63.431,65.816,65.504,66.893,68.565,68.784,69.067,69.265,67.636,66.276,66.706,66.647,68.557,68.233,67.941,63.384,63.185,63.09,63.451,61.872,63.669,65.065,64.63,66.891,66.868,67.455,59.901,61.941,67.291,67.722,67.303,66.983
Bosnia and Herzegovina,BIH,"Employment to population ratio, 15+, total (%) (modeled ILO estimate)",SL.EMP.TOTL.SP.ZS,,,,,,,,,,,,,,,,,,,,,,,,,,,,,,,,45.244,44.911,44.065,43.359,42.556,41.912,41.336,40.68,40.077,39.373,38.683,38.034,37.348,36.743,36.067,35.498,36.521,39.35,38.962,37.183,36.868,36.484,36.517,36.288,36.054,37.015,39.266,40.089,41.139,39.936,40.608,42.656,44.155,43.977,43.584
Belarus,BLR,"Employment to population ratio, 15+, total (%) (modeled ILO estimate)",SL.EMP.TOTL.SP.ZS,,,,,,,,,,,,,,,,,,,,,,,,,,,,,,,,58.736,57.308,54.103,51.757,49.086,44.866,48.748,50.398,51.189,52.069,52.881,53.584,54.224,54.829,55.439,56.115,56.816,57.655,58.528,59.024,59.486,59.871,60.146,60.351,60.49,60.62,60.838,61.344,61.575,61.437,61.524,61.754,61.372,61.069,60.626
Belize,BLZ,"Employment to population ratio, 15+, total (%) (modeled ILO estimate)",SL.EMP.TOTL.SP.ZS,,,,,,,,,,,,,,,,,,,,,,,,,,,,,,,,50.302,50.603,50.652,49.846,49.903,49.952,51.431,50.3,51.686,53.086,54.36,53.996,54.03,54.097,54.113,55.252,56.006,56.426,56.556,56.717,56.925,57.169,57.402,58.258,59.031,59.752,59.81,61.005,63.413,48.795,54.142,53.257,52.85,51.905,53.866
Bermuda,BMU,"Employment to population ratio, 15+, total (%) (modeled ILO estimate)",SL.EMP.TOTL.SP.ZS,,,,,,,,,,,,,,,,,,,,,,,,,,,,,,,,,,,,,,,,,,,,,,,,,,,,,,,,,,,,,,,,,,
Bolivia,BOL,"Employment to population ratio, 15+, total (%) (modeled ILO estimate)",SL.EMP.TOTL.SP.ZS,,,,,,,,,,,,,,,,,,,,,,,,,,,,,,,,67.294,67.185,67.4,67.65,68.218,68.67,69.19,68.996,68.705,68.441,68.146,67.993,67.791,67.65,67.494,67.341,67.145,66.983,66.558,66.638,66.708,66.664,66.239,66.347,65.437,65.003,66.125,69.272,71.428,66.553,73.831,75.487,76.01,75.766,76.294
Brazil,BRA,"Employment to population ratio, 15+, total (%) (modeled ILO estimate)",SL.EMP.TOTL.SP.ZS,,,,,,,,,,,,,,,,,,,,,,,,,,,,,,,,60.263,60.377,61.293,61.146,61.006,58.811,58.954,58.332,58.297,58.641,59.002,59.848,59.427,60.579,60.87,61.143,61.05,61.619,61.052,60.575,59.954,59.738,59.766,59.714,58.787,56.845,56.271,56.549,57.142,52.195,54.238,57.663,57.915,59.031,59.37
Barbados,BRB,"Employment to population ratio, 15+, total (%) (modeled ILO estimate)",SL.EMP.TOTL.SP.ZS,,,,,,,,,,,,,,,,,,,,,,,,,,,,,,,,52.875,52.166,51.483,52.94,55.989,58.764,58.946,60.576,61.884,62.866,62.625,62.326,61.886,63.439,63.615,63.697,64.461,63.783,62.232,61.533,60.96,59.738,60.404,58.266,59.018,60.616,60.463,60.246,59.465,56.424,55.515,60.601,60.766,60.786,60.465
Brunei Darussalam,BRN,"Employment to population ratio, 15+, total (%) (modeled ILO estimate)",SL.EMP.TOTL.SP.ZS,,,,,,,,,,,,,,,,,,,,,,,,,,,,,,,,63.238,63.545,63.801,64.008,64.187,64.303,64.422,64.47,64.574,64.623,64.702,64.496,64.269,64.018,63.743,63.475,63.091,62.677,62.36,62.24,62.178,62.02,61.744,61.421,60.623,59.836,59.117,60.653,60.517,59.215,60.761,60.756,61.305,61.167,60.846
Bhutan,BTN,"Employment to population ratio, 15+, total (%) (modeled ILO estimate)",SL.EMP.TOTL.SP.ZS,,,,,,,,,,,,,,,,,,,,,,,,,,,,,,,,69.512,69.429,69.34,69.292,69.245,69.21,69.179,69.16,69.068,68.723,68.408,68.322,68.27,67.737,67.318,67.356,67.031,66.985,66.94,65.887,65.233,63.08,63.426,60.963,61.593,61.257,60.882,60.506,64.559,64.415,65.776,59.342,62.962,62.77,62.729
Botswana,BWA,"Employment to population ratio, 15+, total (%) (modeled ILO estimate)",SL.EMP.TOTL.SP.ZS,,,,,,,,,,,,,,,,,,,,,,,,,,,,,,,,53.731,51.99,50.317,48.583,48.176,47.746,47.748,47.579,48.556,49.294,47.914,46.451,45.107,46.497,47.82,49.243,50.523,51.717,52.547,49.171,49.638,50.21,50.399,50.472,50.428,50.389,50.419,50.697,50.724,48.415,49.208,49.361,52.313,52.243,51.958
Central African Republic,CAF,"Employment to population ratio, 15+, total (%) (modeled ILO estimate)",SL.EMP.TOTL.SP.ZS,,,,,,,,,,,,,,,,,,,,,,,,,,,,,,,,68.374,68.34,68.325,68.327,68.392,68.438,68.47,68.479,68.464,68.469,68.426,68.379,68.347,68.393,68.406,68.479,68.544,68.602,68.611,68.621,68.714,68.884,69.036,69.169,69.181,69.166,69.14,69.153,69.08,67.986,67.76,68.81,68.886,68.83,68.802
Canada,CAN,"Employment to population ratio, 15+, total (%) (modeled ILO estimate)",SL.EMP.TOTL.SP.ZS,,,,,,,,,,,,,,,,,,,,,,,,,,,,,,,,59.395,57.989,57.548,58.02,58.293,58.046,58.558,59.317,60.138,60.832,60.69,61.298,62.028,62.239,62.221,62.494,62.978,63.041,61.288,61.274,61.509,61.638,61.788,61.385,61.311,61.018,61.564,61.721,62.065,57.907,60.288,61.802,61.822,60.627,60.061
Central Europe and the Baltics,CEB,"Employment to population ratio, 15+, total (%) (modeled ILO estimate)",SL.EMP.TOTL.SP.ZS,,,,,,,,,,,,,,,,,,,,,,,,,,,,,,,,51.87818802,51.37313068,50.17663927,49.88326447,49.72705145,49.80516001,50.10470766,50.02475844,49.05675886,47.91196865,47.45119176,46.8706229,47.10282669,47.22032095,47.66647901,48.63196074,49.96579885,50.98860804,49.38099036,49.38699884,49.39401023,49.58521017,49.69013856,50.78692112,51.67408955,52.53492252,53.73578736,54.37777113,54.75973578,54.26351704,54.86653233,55.59704687,55.63324923,55.35796812,55.02744566
Switzerland,CHE,"Employment to population ratio, 15+, total (%) (modeled ILO estimate)",SL.EMP.TOTL.SP.ZS,,,,,,,,,,,,,,,,,,,,,,,,,,,,,,,,63.643,63.213,62.733,61.717,62.104,64.944,64.549,65.441,65.667,65.507,66.083,65.769,65.055,64.36,63.989,64.631,65.153,65.908,65.47,63.791,64.548,64.551,64.393,64.71,64.942,65.286,65.25,65.343,65.321,64.709,64.341,64.313,64.727,64.189,63.494
Channel Islands,CHI,"Employment to population ratio, 15+, total (%) (modeled ILO estimate)",SL.EMP.TOTL.SP.ZS,,,,,,,,,,,,,,,,,,,,,,,,,,,,,,,,54.042,53.89,53.33,53.347,53.795,54.154,54.51,55.032,55.632,56.168,56.384,56.309,56.139,56.086,56.253,56.386,56.598,56.564,55.689,55.748,55.06,54.724,54.251,54.013,54.314,54.509,54.696,54.836,54.767,53.719,53.978,54.309,53.7,53.307,52.88
Chile,CHL,"Employment to population ratio, 15+, total (%) (modeled ILO estimate)",SL.EMP.TOTL.SP.ZS,,,,,,,,,,,,,,,,,,,,,,,,,,,,,,,,50.416,51.887,52.349,51.965,53.397,52.431,52.579,52.605,50.326,50.044,49.298,48.969,49.657,49.768,50.529,51.743,52.515,53.11,51.744,55.209,57.091,57.499,57.88,57.918,58.149,58.008,58.383,58.389,58.346,50.196,52.211,55.177,55.976,56.864,56.713
China,CHN,"Employment to population ratio, 15+, total (%) (modeled ILO estimate)",SL.EMP.TOTL.SP.ZS,,,,,,,,,,,,,,,,,,,,,,,,,,,,,,,,76.84,76.38,75.663,75.027,74.47,73.892,73.315,72.808,72.293,71.772,71.071,70.444,69.892,69.652,69.323,69.079,68.824,68.337,67.929,67.746,67.636,67.185,66.751,66.425,66.078,65.739,65.295,64.887,64.307,62.435,64.056,62.523,62.756,61.931,61.572
Cote d'Ivoire,CIV,"Employment to population ratio, 15+, total (%) (modeled ILO estimate)",SL.EMP.TOTL.SP.ZS,,,,,,,,,,,,,,,,,,,,,,,,,,,,,,,,61.231,61.109,61.6,62.081,62.643,62.628,62.628,62.498,62.434,62.308,62.216,62.154,62.072,62.169,62.239,62.383,62.347,62.421,62.433,62.549,62.326,62.411,64.302,64.855,65.217,65.562,63.958,63.541,63.131,63.214,64.496,65.598,65.61,65.583,65.532
Cameroon,CMR,"Employment to population ratio, 15+, total (%) (modeled ILO estimate)",SL.EMP.TOTL.SP.ZS,,,,,,,,,,,,,,,,,,,,,,,,,,,,,,,,74.843,74.784,74.691,74.9,75.103,75.508,75.626,75.716,75.761,75.776,75.796,76.367,76.985,77.627,78.167,78.698,79.223,77.304,75.254,73.097,72.237,71.371,70.475,69.551,68.65,67.747,66.832,65.919,65.003,63.358,62.718,63.185,63.188,63.168,62.823
"Congo, Dem. Rep.",COD,"Employment to population ratio, 15+, total (%) (modeled ILO estimate)",SL.EMP.TOTL.SP.ZS,,,,,,,,,,,,,,,,,,,,,,,,,,,,,,,,69.84,69.781,69.728,69.669,69.73,69.995,70.161,70.203,70.174,70.174,70.177,70.242,70.348,70.419,70.442,69.418,68.38,67.334,66.255,65.191,64.116,63.064,62.839,62.626,62.391,62.081,61.769,61.53,61.335,60.043,60.257,61.441,61.519,61.564,61.454
"Congo, Rep.",COG,"Employment to population ratio, 15+, total (%) (modeled ILO estimate)",SL.EMP.TOTL.SP.ZS,,,,,,,,,,,,,,,,,,,,,,,,,,,,,,,,54.969,54.928,54.834,54.608,54.613,54.711,54.839,54.837,54.628,54.686,54.57,54.725,54.538,54.465,54.473,54.573,54.299,54.262,54.314,54.662,54.614,54.641,54.477,54.644,54.475,54.314,54.022,53.945,54.159,50.469,51.124,54.267,54.373,54.349,54.344
Colombia,COL,"Employment to population ratio, 15+, total (%) (modeled ILO estimate)",SL.EMP.TOTL.SP.ZS,,,,,,,,,,,,,,,,,,,,,,,,,,,,,,,,59.986,60.643,62.078,62.154,62.157,60.074,60.004,57.935,53.948,53.748,57.463,56.952,58.52,57.539,58.111,57.452,56.729,56.925,58.875,59.598,60.569,61.293,61.053,61.096,61.275,60.492,60.015,59.131,57.709,53.279,55.389,56.498,57.623,57.418,58.142
Comoros,COM,"Employment to population ratio, 15+, total (%) (modeled ILO estimate)",SL.EMP.TOTL.SP.ZS,,,,,,,,,,,,,,,,,,,,,,,,,,,,,,,,39.698,39.855,39.928,39.996,39.991,39.967,40.046,39.981,39.922,39.883,39.822,39.776,39.63,39.485,39.796,40.108,40.405,40.724,41.068,41.413,41.741,42.051,42.398,42.696,44.226,45.726,47.259,48.769,50.274,51.082,52.77,53.317,53.298,53.275,53.642
Cabo Verde,CPV,"Employment to population ratio, 15+, total (%) (modeled ILO estimate)",SL.EMP.TOTL.SP.ZS,,,,,,,,,,,,,,,,,,,,,,,,,,,,,,,,52.428,52.261,52.126,52.101,51.903,51.697,51.368,51.111,50.871,50.668,50.309,49.999,49.638,49.491,49.268,49.07,48.885,48.644,48.293,52.812,52.651,52.546,52.404,52.24,52.109,52.02,51.936,48.798,50.468,45.581,46.636,50.197,50.335,50.256,50.217
Costa Rica,CRI,"Employment to population ratio, 15+, total (%) (modeled ILO estimate)",SL.EMP.TOTL.SP.ZS,,,,,,,,,,,,,,,,,,,,,,,,,,,,,,,,53.466,53.473,54.307,54.711,55.024,52.522,54.828,56.509,56.168,55.879,56.586,55.938,56.045,55.073,57.171,57.053,58.629,57.904,55.753,54.968,54.85,58.472,58.43,58.734,57.523,54.861,55.223,56.605,57.318,50.666,52.416,54.527,52.1,53.686,53.713
Caribbean small states,CSS,"Employment to population ratio, 15+, total (%) (modeled ILO estimate)",SL.EMP.TOTL.SP.ZS,,,,,,,,,,,,,,,,,,,,,,,,,,,,,,,,50.26588126,50.01018705,50.26316121,51.06516635,52.3252496,52.76789473,53.15642473,53.47449862,53.74131596,54.18288378,54.52195889,54.44007345,54.79237973,56.10458137,56.73409214,57.66669943,57.88313654,58.11279657,57.05021737,56.97270152,56.6836242,56.92817997,57.13416236,57.35293202,57.33506471,56.95301777,56.96990098,56.90044475,56.4656424,51.58129397,52.57108992,54.71514437,55.50597784,55.17129508,55.12773603
Cuba,CUB,"Employment to population ratio, 15+, total (%) (modeled ILO estimate)",SL.EMP.TOTL.SP.ZS,,,,,,,,,,,,,,,,,,,,,,,,,,,,,,,,47.91,47.67,47.365,47.777,48.253,48.893,49.386,50.003,50.192,50.781,51.591,52.012,52.549,52.821,52.875,53.028,53.187,53.379,54.55,53.453,53.196,53.182,53.442,53.901,54.218,54.469,54.612,54.518,54.332,51.379,51.673,52.687,52.245,51.711,51.335
Curacao,CUW,"Employment to population ratio, 15+, total (%) (modeled ILO estimate)",SL.EMP.TOTL.SP.ZS,,,,,,,,,,,,,,,,,,,,,,,,,,,,,,,,,,,,,,,,,,,,,,,,,,,,,,,,,,,,,,,,,,
Cayman Islands,CYM,"Employment to population ratio, 15+, total (%) (modeled ILO estimate)",SL.EMP.TOTL.SP.ZS,,,,,,,,,,,,,,,,,,,,,,,,,,,,,,,,,,,,,,,,,,,,,,,,,,,,,,,,,,,,,,,,,,
Cyprus,CYP,"Employment to population ratio, 15+, total (%) (modeled ILO estimate)",SL.EMP.TOTL.SP.ZS,,,,,,,,,,,,,,,,,,,,,,,,,,,,,,,,58.904,59.121,58.899,59.041,59.191,58.906,58.67,58.621,57.138,57.484,59.409,59.77,60.455,60.265,59.827,60.392,61.304,61.286,60.138,60.108,58.759,56.289,53.707,54.113,54.519,55.469,57.195,59.82,61.382,60.636,61.482,63.021,63.98,63.897,63.664
Czechia,CZE,"Employment to population ratio, 15+, total (%) (modeled ILO estimate)",SL.EMP.TOTL.SP.ZS,,,,,,,,,,,,,,,,,,,,,,,,,,,,,,,,59.98,59.805,58.748,59.035,59.04,58.938,58.298,57.119,55.737,55.12,55.133,55.458,54.871,54.314,54.71,55.04,55.65,55.843,54.653,54.095,54.354,54.548,55.135,55.649,56.375,57.457,58.335,59.017,58.906,57.944,57.784,58.533,58.875,59.048,58.637
Germany,DEU,"Employment to population ratio, 15+, total (%) (modeled ILO estimate)",SL.EMP.TOTL.SP.ZS,,,,,,,,,,,,,,,,,,,,,,,,,,,,,,,,56.43,55.34,54.055,53.562,53.501,52.893,52.49,52.48,53.171,53.398,53.398,52.888,52.19,51.294,51.803,52.934,53.907,54.651,54.545,55.134,56.282,56.737,57.074,57.371,57.442,57.932,58.366,58.8,59.368,58.131,58.224,58.926,59.175,58.849,58.323
Djibouti,DJI,"Employment to population ratio, 15+, total (%) (modeled ILO estimate)",SL.EMP.TOTL.SP.ZS,,,,,,,,,,,,,,,,,,,,,,,,,,,,,,,,25.902,25.742,25.416,25.414,25.295,25.27,25.135,25.027,25.007,24.944,24.882,24.809,24.814,24.824,24.798,24.761,24.71,24.66,24.527,24.431,24.37,24.333,24.258,24.161,24.089,24.004,23.861,23.704,23.565,22.821,23.003,23.437,23.49,23.509,23.486
Dominica,DMA,"Employment to population ratio, 15+, total (%) (modeled ILO estimate)",SL.EMP.TOTL.SP.ZS,,,,,,,,,,,,,,,,,,,,,,,,,,,,,,,,,,,,,,,,,,,,,,,,,,,,,,,,,,,,,,,,,,
Denmark,DNK,"Employment to population ratio, 15+, total (%) (modeled ILO estimate)",SL.EMP.TOTL.SP.ZS,,,,,,,,,,,,,,,,,,,,,,,,,,,,,,,,61.094,61.02,59.316,59.322,60.688,60.919,62.147,62.024,62.693,62.814,62.697,63.164,62.218,62.695,62.748,63.756,63.381,62.807,60.372,58.677,58.26,57.551,56.95,57.089,57.558,58.046,58.221,58.73,59.311,58.637,59.493,60.688,60.505,61.56,61.345
Dominican Republic,DOM,"Employment to population ratio, 15+, total (%) (modeled ILO estimate)",SL.EMP.TOTL.SP.ZS,,,,,,,,,,,,,,,,,,,,,,,,,,,,,,,,53.041,53.462,53.846,53.891,53.934,54.051,54.387,54.572,54.716,54.751,53.117,53.665,52.704,53.27,52.893,54.065,54.259,54.842,52.438,53.751,54.617,55.436,54.912,55.529,57.291,57.902,58.73,60.033,61.045,56.667,58.309,59.744,60.711,61.214,61.537
Algeria,DZA,"Employment to population ratio, 15+, total (%) (modeled ILO estimate)",SL.EMP.TOTL.SP.ZS,,,,,,,,,,,,,,,,,,,,,,,,,,,,,,,,36.384,34.633,33.778,33.067,31.082,32.599,33.601,32.712,31.778,31.094,32.043,32.504,33.304,35.821,36.729,37.94,37.223,38.26,38.779,39.174,39.006,38.38,38.663,38.255,37.701,38.015,37.246,37.16,37.011,32.686,33.177,36.62,36.673,36.363,36.039
East Asia & Pacific (excluding high income),EAP,"Employment to population ratio, 15+, total (%) (modeled ILO estimate)",SL.EMP.TOTL.SP.ZS,,,,,,,,,,,,,,,,,,,,,,,,,,,,,,,,74.21361143,73.91704853,73.29011989,72.8259031,72.41114998,71.97572287,71.44981509,70.95990594,70.47069833,70.14307797,69.6019142,68.99567364,68.53502798,68.320866,67.91211222,67.7275667,67.75109937,67.47822601,67.27186181,67.26383754,67.35428207,67.10159719,66.64369112,66.44641355,66.10179654,65.77675796,65.3942783,65.24956211,64.89690154,63.05874518,63.86974071,63.38999308,63.65997893,63.05842248,62.79246999
Early-demographic dividend,EAR,"Employment to population ratio, 15+, total (%) (modeled ILO estimate)",SL.EMP.TOTL.SP.ZS,,,,,,,,,,,,,,,,,,,,,,,,,,,,,,,,54.71883277,54.74551062,54.53224615,54.62018781,54.5150952,54.75003297,54.98096352,55.08696576,55.11912439,55.13146398,54.87943087,54.45713678,54.42941828,54.44663496,54.34225474,54.0799211,53.89550943,53.47464568,53.08317482,52.94213115,52.73471363,52.5132363,52.37977496,52.22857475,52.05142711,51.95973424,51.87013296,51.77612214,51.96443265,50.04015121,51.10520359,52.62956428,53.56956113,53.84940239,53.8269861
East Asia & Pacific,EAS,"Employment to population ratio, 15+, total (%) (modeled ILO estimate)",SL.EMP.TOTL.SP.ZS,,,,,,,,,,,,,,,,,,,,,,,,,,,,,,,,72.42487235,72.17830832,71.59534869,71.20899182,70.85630466,70.47963528,70.04576994,69.45731775,68.98454163,68.7355882,68.23169887,67.6629474,67.23402525,67.08663125,66.764677,66.63719737,66.6867191,66.42441351,66.13482813,66.12694355,66.23753375,66.02395716,65.6558254,65.53530291,65.2529099,65.00722524,64.72354482,64.67429695,64.41226151,62.7097838,63.47631953,63.14676857,63.42713017,62.91327101,62.68354682
Europe & Central Asia (excluding high income),ECA,"Employment to population ratio, 15+, total (%) (modeled ILO estimate)",SL.EMP.TOTL.SP.ZS,,,,,,,,,,,,,,,,,,,,,,,,,,,,,,,,57.32214931,56.76399616,55.52390089,55.56407428,54.53363193,53.32519445,52.70619039,52.0187704,51.6078889,51.0769294,50.84760492,50.54386028,50.22889556,49.46127976,49.49339338,49.49089059,49.69794958,49.76398705,49.13495378,49.67035771,50.39696645,50.51152851,50.67692592,50.44573241,50.70147702,50.93308915,51.14387991,51.41965802,51.0028277,49.36164655,50.11889065,52.04865888,52.42818062,52.98353977,52.73609172
Europe & Central Asia,ECS,"Employment to population ratio, 15+, total (%) (modeled ILO estimate)",SL.EMP.TOTL.SP.ZS,,,,,,,,,,,,,,,,,,,,,,,,,,,,,,,,55.31635745,54.54252469,53.18082619,52.36948204,51.961639,51.56352032,51.10504887,50.86829765,51.48192354,51.79393305,51.83875692,51.91949087,51.83133498,51.78514738,52.11287029,52.55297818,53.22200143,53.48480858,52.34501571,52.39360237,52.66518064,52.66076821,52.56792373,52.75577125,53.03620578,53.45783916,53.87062157,54.28751732,54.32827739,53.26080628,53.80510456,55.05064176,55.38737183,55.44061242,55.10554772
Ecuador,ECU,"Employment to population ratio, 15+, total (%) (modeled ILO estimate)",SL.EMP.TOTL.SP.ZS,,,,,,,,,,,,,,,,,,,,,,,,,,,,,,,,60.471,60.494,60.442,60.665,60.699,60.673,61.408,63.466,61.905,60.403,61.358,61.589,61.636,64.093,64.446,65.536,64.669,63.943,61.063,60.122,59.643,60.431,60.342,60.44,63.284,64.558,65.539,64.307,63.656,56.361,62.728,63.388,62.225,62.311,62.364
"Egypt, Arab Rep.",EGY,"Employment to population ratio, 15+, total (%) (modeled ILO estimate)",SL.EMP.TOTL.SP.ZS,,,,,,,,,,,,,,,,,,,,,,,,,,,,,,,,42.338,42.981,42.66,43.537,42.63,43.024,42.735,42.306,43.742,42.072,40.769,38.867,39.315,40.421,40.935,42.043,43.712,43.501,43.549,45.045,43.005,42.385,42.065,41.811,40.846,40.825,39.661,39.032,38.885,38.297,39.788,40.033,41.653,41.556,41.546
Euro area,EMU,"Employment to population ratio, 15+, total (%) (modeled ILO estimate)",SL.EMP.TOTL.SP.ZS,,,,,,,,,,,,,,,,,,,,,,,,,,,,,,,,51.08245898,50.26490846,49.03472364,48.4022106,48.37365175,48.35960061,48.41010209,48.79922153,49.4408039,50.03941183,50.44738917,50.61334144,50.75486323,50.72092444,51.11953122,51.79961123,52.40219611,52.58338333,51.30296062,50.93553213,50.85657622,50.42220904,50.05368448,50.17362238,50.53005044,51.06793866,51.69897356,52.29174355,52.72310055,51.74377299,52.24352118,53.26978707,53.65081727,53.64512144,53.36972617
Eritrea,ERI,"Employment to population ratio, 15+, total (%) (modeled ILO estimate)",SL.EMP.TOTL.SP.ZS,,,,,,,,,,,,,,,,,,,,,,,,,,,,,,,,76.822,76.674,76.466,76.276,76.103,75.985,76.133,76.212,76.199,76.192,75.992,75.775,75.582,75.461,75.416,75.471,75.464,75.428,75.219,75.037,74.901,74.842,74.856,74.646,74.649,74.516,74.411,74.158,73.832,72.568,72.892,73.623,73.718,73.679,73.664
Spain,ESP,"Employment to population ratio, 15+, total (%) (modeled ILO estimate)",SL.EMP.TOTL.SP.ZS,,,,,,,,,,,,,,,,,,,,,,,,,,,,,,,,41.814,40.984,38.823,38.128,38.752,39.252,40.377,41.674,43.76,45.599,46.703,47.68,48.634,49.55,51.679,52.947,53.533,52.435,48.67,47.569,46.673,44.678,43.701,44.378,45.693,46.873,48.049,48.842,49.499,47.641,48.73,50.068,50.574,51.249,51.453
Estonia,EST,"Employment to population ratio, 15+, total (%) (modeled ILO estimate)",SL.EMP.TOTL.SP.ZS,,,,,,,,,,,,,,,,,,,,,,,,,,,,,,,,65.795,62.296,59.03,58.296,55.869,55.143,55.115,54.499,52.155,51.036,50.374,51.247,52.118,52.889,53.9,56.919,57.735,57.821,52.528,50.399,53.703,55.117,55.984,56.589,57.854,58.328,59.571,60.062,60.31,58.654,59.283,61.486,61.42,60.475,59.714
Ethiopia,ETH,"Employment to population ratio, 15+, total (%) (modeled ILO estimate)",SL.EMP.TOTL.SP.ZS,,,,,,,,,,,,,,,,,,,,,,,,,,,,,,,,79.115,79.008,79.17,79.323,79.43,79.368,79.32,79.154,78.999,79.202,79.491,79.575,79.599,79.768,79.971,80.008,79.914,79.828,79.733,79.663,79.587,79.505,79.409,77.728,76.079,74.416,72.766,71.104,69.478,66.617,65.567,66.153,66.149,66.168,66.185
European Union,EUU,"Employment to population ratio, 15+, total (%) (modeled ILO estimate)",SL.EMP.TOTL.SP.ZS,,,,,,,,,,,,,,,,,,,,,,,,,,,,,,,,51.36102887,50.60525295,49.42466235,48.90717411,48.91456294,48.9090838,49.0079546,49.3168883,49.65267404,49.90490704,50.13330426,50.09722196,50.21946437,50.20151616,50.59760382,51.32950717,52.08343882,52.44487407,51.12152797,50.88578656,50.82827812,50.5241951,50.26250093,50.56454249,51.03586229,51.63173602,52.3645862,52.94304455,53.35068942,52.46957337,52.96864487,53.92788888,54.2368369,54.16665318,53.87871498
Fragile and conflict affected situations,FCS,"Employment to population ratio, 15+, total (%) (modeled ILO estimate)",SL.EMP.TOTL.SP.ZS,,,,,,,,,,,,,,,,,,,,,,,,,,,,,,,,65.25123545,65.3851118,65.34595924,65.29299653,64.98630529,64.75586741,64.65356627,64.42974291,64.21100218,64.1355029,64.07888879,63.92789334,63.84645924,63.85806683,63.94224624,63.85350483,63.74490829,63.51073058,63.29324705,63.05240309,62.90289365,62.53399667,62.3769674,62.01883215,61.56607758,61.13898483,60.56364527,60.17658879,59.57342155,57.73981015,57.39886177,59.01125654,60.89717457,61.004619,60.93841521
Finland,FIN,"Employment to population ratio, 15+, total (%) (modeled ILO estimate)",SL.EMP.TOTL.SP.ZS,,,,,,,,,,,,,,,,,,,,,,,,,,,,,,,,59.289,54.877,51.35,50.573,49.561,50.01,51.111,52.216,53.926,54.57,55.548,55.664,55.63,55.438,56.236,56.712,56.933,57.514,55.403,54.702,55.166,55.006,54.269,53.65,53.253,53.383,53.598,54.944,55.221,54.282,55.216,56.362,55.966,54.826,54.035
Fiji,FJI,"Employment to population ratio, 15+, total (%) (modeled ILO estimate)",SL.EMP.TOTL.SP.ZS,,,,,,,,,,,,,,,,,,,,,,,,,,,,,,,,57.084,56.957,56.892,56.851,56.776,56.702,56.493,56.332,56.211,56.063,55.917,55.721,55.591,55.465,54.523,55.516,56.454,57.424,58.357,59.331,60.278,58.987,57.67,56.344,55.741,55.097,54.918,54.766,54.696,51.27,51.615,54.03,54.16,54.152,54.103
France,FRA,"Employment to population ratio, 15+, total (%) (modeled ILO estimate)",SL.EMP.TOTL.SP.ZS,,,,,,,,,,,,,,,,,,,,,,,,,,,,,,,,49.996,49.534,48.94,48.132,48.539,48.506,48.053,48.395,48.722,49.652,50.376,50.578,51.339,50.871,51.016,50.978,51.574,51.986,51.173,51,50.85,50.693,50.692,50.035,49.862,49.828,50.059,50.313,50.316,49.925,51.179,51.758,51.835,51.544,51.172
Faroe Islands,FRO,"Employment to population ratio, 15+, total (%) (modeled ILO estimate)",SL.EMP.TOTL.SP.ZS,,,,,,,,,,,,,,,,,,,,,,,,,,,,,,,,,,,,,,,,,,,,,,,,,,,,,,,,,,,,,,,,,,
"Micronesia, Fed. Sts.",FSM,"Employment to population ratio, 15+, total (%) (modeled ILO estimate)",SL.EMP.TOTL.SP.ZS,,,,,,,,,,,,,,,,,,,,,,,,,,,,,,,,,,,,,,,,,,,,,,,,,,,,,,,,,,,,,,,,,,
Gabon,GAB,"Employment to population ratio, 15+, total (%) (modeled ILO estimate)",SL.EMP.TOTL.SP.ZS,,,,,,,,,,,,,,,,,,,,,,,,,,,,,,,,40.141,39.955,39.892,39.835,39.968,39.929,39.91,39.841,39.676,39.542,39.512,39.722,39.83,39.868,40.001,39.695,39.55,39.282,39.212,39.071,39.513,39.86,40.052,40.22,40.41,40.551,40.678,40.789,40.945,37.692,38.22,41.097,41.117,41.005,40.768
United Kingdom,GBR,"Employment to population ratio, 15+, total (%) (modeled ILO estimate)",SL.EMP.TOTL.SP.ZS,,,,,,,,,,,,,,,,,,,,,,,,,,,,,,,,56.678,55.525,54.713,54.959,55.357,55.73,56.559,56.999,57.4,57.928,58.103,58.168,58.418,58.596,58.654,58.7,58.598,58.61,57.231,56.874,56.715,56.858,57.202,58.156,58.793,59.344,59.603,60.023,60.335,59.775,58.959,59.573,59.323,58.871,58.457
Georgia,GEO,"Employment to population ratio, 15+, total (%) (modeled ILO estimate)",SL.EMP.TOTL.SP.ZS,,,,,,,,,,,,,,,,,,,,,,,,,,,,,,,,74.564,73.435,74.475,73.233,73.115,68.421,66.978,64.119,64.173,66.004,65.127,63.484,63.24,61.909,60.282,59.74,59.11,55.824,54.054,54.021,53.977,53.639,53.577,54.736,55.239,55.059,56.656,55.836,55.65,55.96,53.816,56.285,56.646,56.908,56.532
Ghana,GHA,"Employment to population ratio, 15+, total (%) (modeled ILO estimate)",SL.EMP.TOTL.SP.ZS,,,,,,,,,,,,,,,,,,,,,,,,,,,,,,,,70.506,69.561,69.113,68.566,68.082,67.581,67.124,66.658,65.222,64.906,65.459,66.055,66.707,67.349,67.969,68.571,68.361,68.271,68.053,67.977,68.756,69.474,70.094,67.363,64.54,64.488,64.603,63.191,61.758,59.656,58.456,57.404,57.397,57.391,56.781
Gibraltar,GIB,"Employment to population ratio, 15+, total (%) (modeled ILO estimate)",SL.EMP.TOTL.SP.ZS,,,,,,,,,,,,,,,,,,,,,,,,,,,,,,,,,,,,,,,,,,,,,,,,,,,,,,,,,,,,,,,,,,
Guinea,GIN,"Employment to population ratio, 15+, total (%) (modeled ILO estimate)",SL.EMP.TOTL.SP.ZS,,,,,,,,,,,,,,,,,,,,,,,,,,,,,,,,60.86,60.879,60.923,60.979,61.03,61.045,61.16,61.241,61.272,61.287,61.4,61.486,60.818,60.145,59.452,58.792,58.205,57.557,56.849,56.142,55.492,54.928,54.234,53.521,52.804,52.228,51.64,50.989,50.225,49.23,49.564,50.087,50.096,50.083,49.894
"Gambia, The",GMB,"Employment to population ratio, 15+, total (%) (modeled ILO estimate)",SL.EMP.TOTL.SP.ZS,,,,,,,,,,,,,,,,,,,,,,,,,,,,,,,,43.52,43.475,43.475,43.421,43.386,43.39,43.518,43.58,43.686,43.707,43.756,43.487,43.518,43.543,43.475,43.253,43.126,43.287,43.415,43.452,43.029,42.988,43.392,43.934,44.378,44.809,45.339,45.833,45.613,44.891,44.677,44.71,44.469,44.428,44.362
Guinea-Bissau,GNB,"Employment to population ratio, 15+, total (%) (modeled ILO estimate)",SL.EMP.TOTL.SP.ZS,,,,,,,,,,,,,,,,,,,,,,,,,,,,,,,,62.125,62.057,62.011,61.988,62.002,62.057,62.047,61.756,61.77,61.671,61.88,61.717,61.663,61.585,61.574,61.571,61.552,61.495,61.451,61.434,61.421,61.338,61.267,61.144,61.157,61.105,61.054,60.934,60.667,60.697,61.842,63.11,63.091,63.037,63.081
Equatorial Guinea,GNQ,"Employment to population ratio, 15+, total (%) (modeled ILO estimate)",SL.EMP.TOTL.SP.ZS,,,,,,,,,,,,,,,,,,,,,,,,,,,,,,,,56.45,56.616,56.781,56.95,57.124,57.241,57.327,57.37,57.34,57.11,56.6,56.012,55.409,54.874,54.509,54.406,54.38,54.44,54.497,54.631,54.945,55.35,55.754,56.077,56.265,56.43,56.497,56.513,56.353,52.085,52.589,56.036,56.117,55.856,55.469
Greece,GRC,"Employment to population ratio, 15+, total (%) (modeled ILO estimate)",SL.EMP.TOTL.SP.ZS,,,,,,,,,,,,,,,,,,,,,,,,,,,,,,,,45.283,45.19,44.512,45.161,45.251,45.605,45.348,45.425,45.319,45.605,45.261,45.736,46.346,46.502,46.906,47.758,47.909,48.318,47.7,46.167,42.781,39.059,37.288,37.547,38.41,39.121,40.096,41.057,42.187,42.097,42.954,45.386,46.091,47.089,47.521
Grenada,GRD,"Employment to population ratio, 15+, total (%) (modeled ILO estimate)",SL.EMP.TOTL.SP.ZS,,,,,,,,,,,,,,,,,,,,,,,,,,,,,,,,,,,,,,,,,,,,,,,,,,,,,,,,,,,,,,,,,,
Greenland,GRL,"Employment to population ratio, 15+, total (%) (modeled ILO estimate)",SL.EMP.TOTL.SP.ZS,,,,,,,,,,,,,,,,,,,,,,,,,,,,,,,,,,,,,,,,,,,,,,,,,,,,,,,,,,,,,,,,,,
Guatemala,GTM,"Employment to population ratio, 15+, total (%) (modeled ILO estimate)",SL.EMP.TOTL.SP.ZS,,,,,,,,,,,,,,,,,,,,,,,,,,,,,,,,64.896,65,65.066,65.125,65.212,65.2,65.274,65.364,65.435,65.46,65.388,65.444,65.874,61.237,60.757,60.393,60.034,59.573,58.944,58.344,59.455,63.318,58.403,59.082,59.077,59.122,59.442,59.122,57.871,57.018,61.569,58.403,58.189,58.144,58.066
Guam,GUM,"Employment to population ratio, 15+, total (%) (modeled ILO estimate)",SL.EMP.TOTL.SP.ZS,,,,,,,,,,,,,,,,,,,,,,,,,,,,,,,,69.688,68.997,67.333,65.41,64.749,64.029,62.613,63.488,58.78,57.413,56.932,55.293,56.036,56.949,56.823,58.06,53.003,54.451,55.962,56.365,54.274,54.911,55.305,57.692,58.1,59.022,58.977,58.965,58.917,55.488,56.066,58.844,58.961,58.995,58.797
Guyana,GUY,"Employment to population ratio, 15+, total (%) (modeled ILO estimate)",SL.EMP.TOTL.SP.ZS,,,,,,,,,,,,,,,,,,,,,,,,,,,,,,,,52.426,52.724,53.083,52.782,52.415,52.081,51.714,51.279,50.856,50.386,50.051,49.617,49.889,50.092,50.246,50.487,50.409,50.291,50.09,49.848,49.672,49.437,49.151,48.832,48.514,48.288,48.112,48.188,45.209,42.974,43.726,47.587,48.182,48.591,48.409
High income,HIC,"Employment to population ratio, 15+, total (%) (modeled ILO estimate)",SL.EMP.TOTL.SP.ZS,,,,,,,,,,,,,,,,,,,,,,,,,,,,,,,,57.09661078,56.58975282,55.84428891,55.49871117,55.50771124,55.46471806,55.42245038,55.2055154,55.65728795,56.07509882,55.90467787,55.72091675,55.57904602,55.75990314,56.12774491,56.61205088,57.09469075,57.09880528,55.56651939,55.41105711,55.59606701,55.78210879,55.83600219,56.23285173,56.55196821,56.98130068,57.40886478,57.87845543,58.19688406,56.40270258,57.21932926,58.26883772,58.65297969,58.57026316,58.32620164
"Hong Kong SAR, China",HKG,"Employment to population ratio, 15+, total (%) (modeled ILO estimate)",SL.EMP.TOTL.SP.ZS,,,,,,,,,,,,,,,,,,,,,,,,,,,,,,,,62.301,61.18,60.78,60.648,59.681,59.648,59.821,58.345,57.121,57.719,57.864,56.793,55.974,56.587,57.187,57.657,58.136,57.938,56.822,56.276,57.296,57.781,58.437,58.338,58.461,58.349,58.577,58.946,58.245,55.55,55.704,55.353,55.528,55.139,54.778
Honduras,HND,"Employment to population ratio, 15+, total (%) (modeled ILO estimate)",SL.EMP.TOTL.SP.ZS,,,,,,,,,,,,,,,,,,,,,,,,,,,,,,,,62.665,63.779,63.885,63.759,63.812,63.031,63.787,63.358,63.344,61.88,61.29,60.76,59.436,58.489,58.64,57.717,57.065,57.696,58.805,59.364,57.055,56.207,59.123,59.611,60.152,59.063,60.801,62.737,59.578,52.961,55.526,53.492,53.057,53.815,53.773
Heavily indebted poor countries (HIPC),HPC,"Employment to population ratio, 15+, total (%) (modeled ILO estimate)",SL.EMP.TOTL.SP.ZS,,,,,,,,,,,,,,,,,,,,,,,,,,,,,,,,68.01318062,67.94512078,67.87150146,67.91234218,68.09862955,68.1056549,68.11048342,68.02391291,67.87788306,67.80775414,67.84291729,67.8371899,67.82334253,67.886597,67.94268197,67.80822106,67.61983355,67.35877779,67.06284828,66.6505837,66.70904175,66.01717739,66.62540657,65.72703805,65.06873846,64.6227316,63.9622801,63.68066513,63.28054268,62.0417076,62.0303519,62.46682813,64.2564025,64.23099426,64.17876019
Croatia,HRV,"Employment to population ratio, 15+, total (%) (modeled ILO estimate)",SL.EMP.TOTL.SP.ZS,,,,,,,,,,,,,,,,,,,,,,,,,,,,,,,,50.964,50.565,50.159,49.87,49.535,49.207,48.717,47.371,45.834,44.177,43.966,43.971,44.566,45.687,46.024,46.307,47.631,48.553,48.169,46.43,44.678,43.09,42.012,43.204,44.095,44.5,45.695,46.696,47.536,47.204,48.145,48.931,49.058,49.739,49.535
Haiti,HTI,"Employment to population ratio, 15+, total (%) (modeled ILO estimate)",SL.EMP.TOTL.SP.ZS,,,,,,,,,,,,,,,,,,,,,,,,,,,,,,,,61.552,61.205,60.799,60.277,60.192,59.903,59.671,59.137,58.684,57.471,56.856,56.239,55.703,55.084,54.537,54.007,53.706,54.391,55.216,55.617,56.22,56.454,56.8,56.774,56.788,56.723,56.738,56.747,56.547,55.046,55.654,55.376,55.163,54.623,54.377
Hungary,HUN,"Employment to population ratio, 15+, total (%) (modeled ILO estimate)",SL.EMP.TOTL.SP.ZS,,,,,,,,,,,,,,,,,,,,,,,,,,,,,,,,46.886,46.037,44.881,45.465,45.75,45.777,46.265,46.283,47.381,47.8,48.56,48.862,48.957,49.14,48.561,48.481,48.433,48.097,46.391,46.181,46.473,47.052,48.076,50.761,52.382,54.366,55.43,56.16,56.477,55.963,56.738,57.712,58.127,57.931,57.839
IBRD only,IBD,"Employment to population ratio, 15+, total (%) (modeled ILO estimate)",SL.EMP.TOTL.SP.ZS,,,,,,,,,,,,,,,,,,,,,,,,,,,,,,,,63.52715156,63.30447339,62.82781633,62.4375828,62.0801798,61.7645555,61.52705177,61.22346295,61.05940687,60.91511658,60.58648338,60.19368074,59.96729661,59.96331042,59.86908081,59.6873119,59.59890934,59.27459962,58.7564941,58.5474154,58.40891436,58.1902056,57.887287,57.69747389,57.44621103,57.16431968,56.91506621,56.77648515,56.68757711,54.52551777,55.86800369,56.60117333,57.26977866,57.30638055,57.14718305
IDA & IBRD total,IBT,"Employment to population ratio, 15+, total (%) (modeled ILO estimate)",SL.EMP.TOTL.SP.ZS,,,,,,,,,,,,,,,,,,,,,,,,,,,,,,,,63.3868932,63.2066142,62.80387615,62.49811278,62.19524819,61.95199329,61.7774812,61.52835771,61.38317005,61.25515523,60.97870358,60.65281473,60.46371708,60.46387833,60.37647201,60.21348235,60.11574298,59.81551078,59.39491847,59.23864377,59.11981875,58.82221423,58.64152291,58.42174925,58.15958233,57.90361783,57.65175965,57.49934406,57.39010539,55.47816366,56.55367189,57.31980447,58.04214147,58.0224929,57.90209221
IDA total,IDA,"Employment to population ratio, 15+, total (%) (modeled ILO estimate)",SL.EMP.TOTL.SP.ZS,,,,,,,,,,,,,,,,,,,,,,,,,,,,,,,,62.72914819,62.75170768,62.69366351,62.77399026,62.71467457,62.79093429,62.88984522,62.87153536,62.797147,62.72749458,62.66304496,62.60909297,62.561849,62.56204339,62.48510796,62.37814233,62.21565555,61.98551408,61.92412388,61.94209477,61.86518783,61.23450768,61.49209098,61.13015805,60.79655034,60.60155523,60.30356696,60.06418957,59.84565701,58.75605119,58.87462713,59.69044011,60.61617461,60.38415777,60.35241836
IDA blend,IDB,"Employment to population ratio, 15+, total (%) (modeled ILO estimate)",SL.EMP.TOTL.SP.ZS,,,,,,,,,,,,,,,,,,,,,,,,,,,,,,,,62.86239252,63.05452965,62.89979765,62.98992543,62.70255217,62.85113161,63.13171808,62.91398397,62.9428591,62.96811536,62.93985959,62.97907081,63.00834673,63.05816712,62.83871189,62.66632533,62.65732148,62.50950065,62.58914394,62.61203037,62.45971211,62.03878719,62.38887654,62.44423844,62.49772147,62.61799495,61.94887074,61.39674141,61.23647786,60.04003832,60.86597012,62.00509201,62.74842158,62.72006059,62.73549215
Indonesia,IDN,"Employment to population ratio, 15+, total (%) (modeled ILO estimate)",SL.EMP.TOTL.SP.ZS,,,,,,,,,,,,,,,,,,,,,,,,,,,,,,,,64.22,64.503,63.8,63.882,63.752,63.619,63.231,63.276,62.948,63.638,63.046,61.62,61.299,60.879,59.283,59.359,60.889,61.589,62.014,62.845,63.465,64.404,63.863,63.927,63.573,63.462,64.171,64.684,65.789,64.533,63.348,64.698,65.653,65.685,65.765
IDA only,IDX,"Employment to population ratio, 15+, total (%) (modeled ILO estimate)",SL.EMP.TOTL.SP.ZS,,,,,,,,,,,,,,,,,,,,,,,,,,,,,,,,62.65982016,62.59410903,62.58651675,62.66175499,62.72098262,62.75949413,62.76299003,62.84919866,62.72030148,62.60018226,62.51593144,62.41205444,62.323667,62.29650999,62.29528682,62.22311885,61.97729438,61.70156669,61.56243691,61.57676644,61.54078243,60.7961811,61.00375883,60.41609302,59.875174,59.51460829,59.42020632,59.35086836,59.10356466,58.07270118,57.81604528,58.46144495,59.4413127,59.08764706,59.03074456
Isle of Man,IMN,"Employment to population ratio, 15+, total (%) (modeled ILO estimate)",SL.EMP.TOTL.SP.ZS,,,,,,,,,,,,,,,,,,,,,,,,,,,,,,,,,,,,,,,,,,,,,,,,,,,,,,,,,,,,,,,,,,
India,IND,"Employment to population ratio, 15+, total (%) (modeled ILO estimate)",SL.EMP.TOTL.SP.ZS,,,,,,,,,,,,,,,,,,,,,,,,,,,,,,,,53.537,53.561,53.581,53.655,53.975,54.302,54.592,54.892,55.213,55.52,55.363,55.175,55.056,54.928,54.812,53.938,53.076,52.2,51.379,50.586,50.012,49.418,49.267,49.132,48.985,48.83,48.655,48.466,48.88,47.496,49.171,51.003,52.415,53.317,53.31
Not classified,INX,"Employment to population ratio, 15+, total (%) (modeled ILO estimate)",SL.EMP.TOTL.SP.ZS,,,,,,,,,,,,,,,,,,,,,,,,,,,,,,,,,,,,,,,,,,,,,,,,,,,,,,,,,,,,,,,,,,
Ireland,IRL,"Employment to population ratio, 15+, total (%) (modeled ILO estimate)",SL.EMP.TOTL.SP.ZS,,,,,,,,,,,,,,,,,,,,,,,,,,,,,,,,51.31,51.142,51.319,52.383,54.331,55.57,56.034,58.45,60.027,61.579,62.087,61.712,61.43,61.473,62.883,63.208,63.299,61.473,56.003,53.5,52.419,52.073,53.402,54.388,55.658,56.917,57.764,58.575,59.227,57.655,59.506,61.567,63.376,62.218,61.841
"Iran, Islamic Rep.",IRN,"Employment to population ratio, 15+, total (%) (modeled ILO estimate)",SL.EMP.TOTL.SP.ZS,,,,,,,,,,,,,,,,,,,,,,,,,,,,,,,,41.588,41.373,40.954,40.496,40.182,39.933,39.68,39.398,39.093,38.971,38.847,38.867,39.776,40.819,40.671,40.076,39.647,37.778,37.819,36.51,35.543,36.641,36.79,36.522,37.258,37.718,38.824,38.977,39.299,37.352,37.233,36.877,38.142,37.905,37.565
Iraq,IRQ,"Employment to population ratio, 15+, total (%) (modeled ILO estimate)",SL.EMP.TOTL.SP.ZS,,,,,,,,,,,,,,,,,,,,,,,,,,,,,,,,38.784,38.84,38.822,38.872,38.761,38.712,38.765,38.802,38.787,38.712,38.573,38.368,38.175,38.228,38.238,38.255,38.107,38.049,37.937,37.865,37.762,37.723,38.087,38.384,38.364,38.481,36.436,35.693,34.81,33.952,33.248,35.087,35.285,35.201,35.102
Iceland,ISL,"Employment to population ratio, 15+, total (%) (modeled ILO estimate)",SL.EMP.TOTL.SP.ZS,,,,,,,,,,,,,,,,,,,,,,,,,,,,,,,,70.89,70.098,69.082,69.279,71.737,71.705,70.79,72.704,74.607,76.355,76.321,74.428,74.142,73.235,73.801,74.714,75.422,74.165,69.427,69.036,68.973,69.821,70.87,72.248,73.626,75.111,74.784,73.924,73.044,69.526,68.987,71.646,72.118,72.448,72.21
Israel,ISR,"Employment to population ratio, 15+, total (%) (modeled ILO estimate)",SL.EMP.TOTL.SP.ZS,,,,,,,,,,,,,,,,,,,,,,,,,,,,,,,,51.118,51.111,53.128,55.587,56.668,56.24,55.074,53.948,53.976,54.542,54.089,52.757,52.657,53.373,54.79,55.56,56.885,57.972,56.88,57.893,58.536,60.847,61.115,61.821,62.157,62.535,62.78,62.869,62.571,60.763,60.272,62.346,62.862,63.14,63.204
Italy,ITA,"Employment to population ratio, 15+, total (%) (modeled ILO estimate)",SL.EMP.TOTL.SP.ZS,,,,,,,,,,,,,,,,,,,,,,,,,,,,,,,,45.252,43.999,43.087,42.005,41.403,41.667,41.627,41.802,42.215,42.638,43.286,43.8,44.311,45.596,45.135,45.568,45.627,45.632,44.542,43.981,43.879,43.608,42.603,42.551,42.837,43.418,43.952,44.392,44.688,43.785,43.842,45.078,46.002,46.365,46.151
Jamaica,JAM,"Employment to population ratio, 15+, total (%) (modeled ILO estimate)",SL.EMP.TOTL.SP.ZS,,,,,,,,,,,,,,,,,,,,,,,,,,,,,,,,66.473,66.051,65.827,65.393,65.006,64.389,63.882,63.315,62.654,62.168,61.723,61.41,61.127,61.087,60.89,60.65,60.397,60.093,57.627,55.876,55.93,55.451,55.845,56.891,59.716,59.316,60.815,61.902,63.628,60.619,62.286,64.892,67.369,67.255,67.281
Jordan,JOR,"Employment to population ratio, 15+, total (%) (modeled ILO estimate)",SL.EMP.TOTL.SP.ZS,,,,,,,,,,,,,,,,,,,,,,,,,,,,,,,,31.037,31.542,31.672,32.795,33.682,34.06,34.037,33.988,34.004,34.002,33.096,32.525,31.977,32.313,32.632,32.422,34.586,34.483,34.927,34.563,33.969,33.364,32.425,32.068,32.735,32.987,32.937,32.024,32.649,32.272,30.999,31.538,33.455,33.328,33.43
Japan,JPN,"Employment to population ratio, 15+, total (%) (modeled ILO estimate)",SL.EMP.TOTL.SP.ZS,,,,,,,,,,,,,,,,,,,,,,,,,,,,,,,,62.48,62.608,62.189,61.771,61.421,61.34,61.526,60.746,59.908,59.478,58.881,57.936,57.575,57.559,57.731,57.89,58.047,57.748,56.83,56.539,56.553,56.44,56.853,57.309,57.485,58.107,58.738,59.931,60.55,60.207,60.31,60.868,61.265,61.717,61.893
Kazakhstan,KAZ,"Employment to population ratio, 15+, total (%) (modeled ILO estimate)",SL.EMP.TOTL.SP.ZS,,,,,,,,,,,,,,,,,,,,,,,,,,,,,,,,69.723,69.88,70.223,66.256,64.15,62.594,62.353,62.238,61.812,61.911,63.08,63.569,63.872,63.992,63.804,64.252,65.28,66.405,66.37,66.831,67.008,66.985,66.955,66.96,66.957,66.841,66.789,66.729,66.716,65.816,65.498,66.784,66.997,67.176,64.537
Kenya,KEN,"Employment to population ratio, 15+, total (%) (modeled ILO estimate)",SL.EMP.TOTL.SP.ZS,,,,,,,,,,,,,,,,,,,,,,,,,,,,,,,,70.91,70.77,70.644,70.592,70.601,70.59,70.49,70.406,70.303,70.421,70.544,70.632,70.782,70.917,71.11,71.274,71.413,71.448,71.515,71.646,71.83,71.96,72.011,72.121,72.237,72.354,69.745,67.099,64.404,63.316,63.621,63.747,63.814,63.719,63.713
Kyrgyz Republic,KGZ,"Employment to population ratio, 15+, total (%) (modeled ILO estimate)",SL.EMP.TOTL.SP.ZS,,,,,,,,,,,,,,,,,,,,,,,,,,,,,,,,59.942,62.199,64.716,68.331,69.37,68.374,66.958,66.78,66.334,65.561,64.785,64.842,63.834,62.874,62.988,62.588,61.404,60.288,59.985,60.158,60.992,59.176,56.229,56.801,57.049,56.673,54.352,55.795,55.661,53.903,55.986,56.361,54.93,55.468,55.343
Cambodia,KHM,"Employment to population ratio, 15+, total (%) (modeled ILO estimate)",SL.EMP.TOTL.SP.ZS,,,,,,,,,,,,,,,,,,,,,,,,,,,,,,,,79.322,79.321,79.358,79.71,79.713,79.741,80.034,79.97,79.847,79.83,79.8,79.73,79.688,79.814,79.969,80.087,80.205,78.288,81.541,84.098,84.946,82.568,79.867,79.737,79.29,81.149,81.294,81.805,82.324,82.097,79.195,82.137,82.137,82.165,82.175
Kiribati,KIR,"Employment to population ratio, 15+, total (%) (modeled ILO estimate)",SL.EMP.TOTL.SP.ZS,,,,,,,,,,,,,,,,,,,,,,,,,,,,,,,,,,,,,,,,,,,,,,,,,,,,,,,,,,,,,,,,,,
St. Kitts and Nevis,KNA,"Employment to population ratio, 15+, total (%) (modeled ILO estimate)",SL.EMP.TOTL.SP.ZS,,,,,,,,,,,,,,,,,,,,,,,,,,,,,,,,,,,,,,,,,,,,,,,,,,,,,,,,,,,,,,,,,,
"Korea, Rep.",KOR,"Employment to population ratio, 15+, total (%) (modeled ILO estimate)",SL.EMP.TOTL.SP.ZS,,,,,,,,,,,,,,,,,,,,,,,,,,,,,,,,58.66,58.876,58.673,59.617,60.192,60.406,60.404,56.021,56.362,58.285,58.849,59.74,59.067,59.701,59.414,59.463,59.47,59.013,58.199,58.328,58.822,59.215,59.517,60.358,60.361,60.34,60.612,60.357,60.635,59.826,60.274,61.971,62.547,62.67,62.624
Kuwait,KWT,"Employment to population ratio, 15+, total (%) (modeled ILO estimate)",SL.EMP.TOTL.SP.ZS,,,,,,,,,,,,,,,,,,,,,,,,,,,,,,,,63.537,62.805,63.341,65.413,66.785,66.851,66.331,65.874,65.565,65.404,65.56,65.768,66.261,66.772,67.309,67.199,66.869,66.748,67.099,67.449,68.272,69.149,69.57,69.762,70.733,71.133,71.751,71.947,71.706,66.785,68.488,72.766,72.432,71.977,71.765
Latin America & Caribbean (excluding high income),LAC,"Employment to population ratio, 15+, total (%) (modeled ILO estimate)",SL.EMP.TOTL.SP.ZS,,,,,,,,,,,,,,,,,,,,,,,,,,,,,,,,58.5920238,58.78744395,59.27395375,59.16584913,58.52051916,57.87396085,58.67910408,58.55888473,58.09781275,57.91657805,58.23632914,58.2227347,58.57747952,59.18842003,59.66750028,60.15436348,60.19527923,60.32669994,59.94633641,59.81425073,59.74976864,60.05961766,59.84941438,59.68912561,59.46494192,58.66222624,58.6003991,58.80970878,59.04634981,54.02232314,57.03333731,59.08918049,59.50311676,59.80355907,60.01799378
Lao PDR,LAO,"Employment to population ratio, 15+, total (%) (modeled ILO estimate)",SL.EMP.TOTL.SP.ZS,,,,,,,,,,,,,,,,,,,,,,,,,,,,,,,,60.881,60.701,60.633,60.6,60.543,60.555,60.531,60.531,60.517,60.509,60.535,60.52,60.519,60.513,60.498,60.455,60.418,60.37,60.317,60.253,59.966,59.681,59.387,59.098,58.812,58.32,57.829,59.222,60.633,61.434,63.274,65.203,65.208,65.215,65.302
Lebanon,LBN,"Employment to population ratio, 15+, total (%) (modeled ILO estimate)",SL.EMP.TOTL.SP.ZS,,,,,,,,,,,,,,,,,,,,,,,,,,,,,,,,40.98,40.933,40.794,40.651,40.535,40.372,40.315,40.316,40.288,40.378,40.414,40.499,40.561,40.564,40.199,39.822,39.503,40.492,41.492,41.734,41.895,42.045,42.224,42.475,42.671,42.859,43.052,43.224,43.368,41.16,39.73,38.581,38.654,,
Liberia,LBR,"Employment to population ratio, 15+, total (%) (modeled ILO estimate)",SL.EMP.TOTL.SP.ZS,,,,,,,,,,,,,,,,,,,,,,,,,,,,,,,,75.215,75.202,75.189,75.197,75.212,75.329,75.459,75.542,75.566,75.542,75.462,75.362,75.206,75.206,75.225,75.344,75.399,75.408,75.384,75.36,75.319,75.311,75.38,75.382,74.997,74.567,74.551,74.522,74.464,72.972,73.405,74.42,74.421,74.379,74.373
Libya,LBY,"Employment to population ratio, 15+, total (%) (modeled ILO estimate)",SL.EMP.TOTL.SP.ZS,,,,,,,,,,,,,,,,,,,,,,,,,,,,,,,,37.086,37.001,36.952,36.856,36.93,37.091,37.253,37.402,37.579,37.594,37.512,37.46,37.586,37.721,37.943,38.137,38.55,38.793,39.037,39.375,39.472,39.799,39.789,39.865,39.674,39.716,39.93,39.979,39.81,36.174,36.471,39.351,39.43,39.054,38.966
St. Lucia,LCA,"Employment to population ratio, 15+, total (%) (modeled ILO estimate)",SL.EMP.TOTL.SP.ZS,,,,,,,,,,,,,,,,,,,,,,,,,,,,,,,,52.609,52.685,52.622,52.589,53.426,53.203,50.66,50.029,52.361,53.478,52.258,51.306,50.383,51.4,53.115,55.125,56.688,57.785,56.275,55.351,54.421,55.873,53.87,54.327,54.866,55.519,56.095,56.373,58.057,40.184,52.063,58.137,60.272,61.271,61.813
Latin America & Caribbean,LCN,"Employment to population ratio, 15+, total (%) (modeled ILO estimate)",SL.EMP.TOTL.SP.ZS,,,,,,,,,,,,,,,,,,,,,,,,,,,,,,,,57.97333828,58.26139213,58.7583826,58.60792517,58.05711839,57.39524354,58.17729133,58.10535235,57.49572253,57.34030954,57.63824629,57.47297597,57.76667553,58.43703115,59.0735079,59.65125808,59.76088418,59.92538378,59.48706321,59.43160657,59.43292628,59.74829096,59.52653651,59.3892962,59.18361216,58.44611398,58.35756591,58.49177862,58.57743118,53.38593388,56.21827622,58.34862747,58.76270892,59.10497777,59.29045173
Least developed countries: UN classification,LDC,"Employment to population ratio, 15+, total (%) (modeled ILO estimate)",SL.EMP.TOTL.SP.ZS,,,,,,,,,,,,,,,,,,,,,,,,,,,,,,,,63.51225528,63.50890378,63.48177332,63.54511987,63.69436721,63.74267315,63.75174101,63.70774996,63.63722542,63.57254628,63.53051872,63.44326019,63.34987579,63.3445197,63.33447455,63.27639407,63.10791404,62.88680808,62.74725663,62.7487284,62.66725247,61.97987931,62.14501691,61.5022418,60.87991246,60.46280996,60.33089225,60.34487117,60.16397415,59.27675335,59.08325338,59.80551943,61.00792763,60.61031389,60.57797563
Low income,LIC,"Employment to population ratio, 15+, total (%) (modeled ILO estimate)",SL.EMP.TOTL.SP.ZS,,,,,,,,,,,,,,,,,,,,,,,,,,,,,,,,65.21868051,65.16061538,64.9948204,64.89610503,64.98500439,64.95702889,64.88851267,64.77365571,64.66240531,64.49624281,64.29157532,64.10715549,63.94281181,63.84750278,63.7115798,63.27465718,62.79086173,62.30628719,62.08402198,61.64864216,61.79157801,60.3978307,61.18682876,60.47281512,59.76185109,59.30782521,58.80938371,58.72686903,58.50046668,57.61249625,57.41527361,58.02782455,60.22855314,60.02309129,59.91148685
Liechtenstein,LIE,"Employment to population ratio, 15+, total (%) (modeled ILO estimate)",SL.EMP.TOTL.SP.ZS,,,,,,,,,,,,,,,,,,,,,,,,,,,,,,,,,,,,,,,,,,,,,,,,,,,,,,,,,,,,,,,,,,
Sri Lanka,LKA,"Employment to population ratio, 15+, total (%) (modeled ILO estimate)",SL.EMP.TOTL.SP.ZS,,,,,,,,,,,,,,,,,,,,,,,,,,,,,,,,50.399,48.569,48.881,49.608,48.146,49.112,49.385,53.426,52.221,51.269,50.971,50.288,50.378,50.081,50.26,50.684,50.757,50.945,50.392,50.745,50.69,50.53,49.874,49.454,51.243,51.446,51.807,49.488,49.809,47.786,47.354,47.476,45.254,46.54,46.574
Lower middle income,LMC,"Employment to population ratio, 15+, total (%) (modeled ILO estimate)",SL.EMP.TOTL.SP.ZS,,,,,,,,,,,,,,,,,,,,,,,,,,,,,,,,56.66970718,56.70985494,56.68656476,56.80034293,56.88899291,57.11756108,57.24958535,57.39109815,57.54486522,57.58488387,57.48231073,57.30017513,57.22414318,57.21549917,57.15135472,56.75603277,56.39509292,55.90870703,55.52599357,55.26956816,54.86382577,54.38883509,54.31272287,54.2114049,54.03493041,53.94885008,53.69761173,53.56437878,53.73217515,52.30428398,53.42133068,54.95572524,55.87618134,56.2458284,56.23143839
Low & middle income,LMY,"Employment to population ratio, 15+, total (%) (modeled ILO estimate)",SL.EMP.TOTL.SP.ZS,,,,,,,,,,,,,,,,,,,,,,,,,,,,,,,,63.6592761,63.49320126,63.15693873,62.96586987,62.68090393,62.4622206,62.34920673,62.13137244,61.90020328,61.71828623,61.42513419,61.06375179,60.86787806,60.80934221,60.64730082,60.41836088,60.22480421,59.85534349,59.47125245,59.26192465,59.10020486,58.74983138,58.55979598,58.32390909,58.06210928,57.79633462,57.53856703,57.39110384,57.31589781,55.42186479,56.52325998,57.28106565,58.03566173,58.00476673,57.89071899
Lesotho,LSO,"Employment to population ratio, 15+, total (%) (modeled ILO estimate)",SL.EMP.TOTL.SP.ZS,,,,,,,,,,,,,,,,,,,,,,,,,,,,,,,,62.252,62.262,62.131,62.03,61.824,61.809,61.63,61.444,61.131,60.701,60.329,59.891,59.463,58.944,58.577,58.101,57.715,57.308,56.656,56.212,55.699,55.448,54.85,53.732,52.592,51.59,50.376,49.161,47.925,46.608,46.452,47.942,48.066,48.039,47.798
Late-demographic dividend,LTE,"Employment to population ratio, 15+, total (%) (modeled ILO estimate)",SL.EMP.TOTL.SP.ZS,,,,,,,,,,,,,,,,,,,,,,,,,,,,,,,,71.12394274,70.7672291,70.18908041,69.47295477,69.0200414,68.36775942,67.79433261,67.20955703,66.91006558,66.67218314,66.33118715,66.04063764,65.65746498,65.65347919,65.59673218,65.57269563,65.60801768,65.46966073,65.0346651,64.98796028,65.02469136,64.80274975,64.48130097,64.34604416,64.05804625,63.6557288,63.33780079,63.17849886,62.77091268,60.66373131,61.98384365,61.61192723,61.83557865,61.45463547,61.18328164
Lithuania,LTU,"Employment to population ratio, 15+, total (%) (modeled ILO estimate)",SL.EMP.TOTL.SP.ZS,,,,,,,,,,,,,,,,,,,,,,,,,,,,,,,,65.418,64.624,55.722,55.101,52.159,52.292,53.054,52.629,52.994,50.596,48.885,50.475,52.253,50.917,51.482,51.95,53.067,52.537,48.743,46.541,48.569,50.028,51.165,52.63,53.755,55.563,56.325,57.761,58.187,57.34,57.871,59.011,58.584,58.78,58.683
Luxembourg,LUX,"Employment to population ratio, 15+, total (%) (modeled ILO estimate)",SL.EMP.TOTL.SP.ZS,,,,,,,,,,,,,,,,,,,,,,,,,,,,,,,,51.208,51.885,51.083,50.382,48.87,49.285,49.948,49.999,51.005,52.164,52.208,52.815,51.591,51.634,52.658,52.54,52.946,52.429,54.472,54.53,53.973,55.274,54.991,55.413,55.801,55.165,55.493,55.977,56.684,56.036,58.057,58.146,58.347,57.811,57.601
Latvia,LVA,"Employment to population ratio, 15+, total (%) (modeled ILO estimate)",SL.EMP.TOTL.SP.ZS,,,,,,,,,,,,,,,,,,,,,,,,,,,,,,,,58.97,57.507,51.054,49.363,48.956,47.634,50.578,50.49,49.74,48.171,48.617,49.773,50.035,50.499,51.46,54.804,56.556,56.753,49.552,47.359,49.017,50.697,52.273,52.809,54.108,54.528,55.489,56.792,57.231,56.58,55.563,56.783,57.042,56.64,56.545
"Macao SAR, China",MAC,"Employment to population ratio, 15+, total (%) (modeled ILO estimate)",SL.EMP.TOTL.SP.ZS,,,,,,,,,,,,,,,,,,,,,,,,,,,,,,,,56.525,56.965,58.933,60.301,61.021,61.799,63.514,62.402,61.55,61.016,60.776,60.107,58.002,59.629,61.254,63.333,66.354,67.665,67.463,67.998,69.053,69.345,69.569,70.211,69.524,68.703,68.478,68.819,68.582,66.927,67.393,65.018,66.471,66.733,66.255
St. Martin (French part),MAF,"Employment to population ratio, 15+, total (%) (modeled ILO estimate)",SL.EMP.TOTL.SP.ZS,,,,,,,,,,,,,,,,,,,,,,,,,,,,,,,,,,,,,,,,,,,,,,,,,,,,,,,,,,,,,,,,,,
Morocco,MAR,"Employment to population ratio, 15+, total (%) (modeled ILO estimate)",SL.EMP.TOTL.SP.ZS,,,,,,,,,,,,,,,,,,,,,,,,,,,,,,,,44.297,44.204,44.118,44.155,44.136,44.424,44.132,44.442,44.161,44.353,44.882,44.815,44.633,45.171,45.065,45.728,45.769,45.749,45.611,45.1,44.78,44.058,43.851,43.398,42.979,42.221,41.305,41.581,41.918,39.556,40.52,40.13,40.29,40.111,39.987
Monaco,MCO,"Employment to population ratio, 15+, total (%) (modeled ILO estimate)",SL.EMP.TOTL.SP.ZS,,,,,,,,,,,,,,,,,,,,,,,,,,,,,,,,,,,,,,,,,,,,,,,,,,,,,,,,,,,,,,,,,,
Moldova,MDA,"Employment to population ratio, 15+, total (%) (modeled ILO estimate)",SL.EMP.TOTL.SP.ZS,,,,,,,,,,,,,,,,,,,,,,,,,,,,,,,,57.733,56.96,57.087,55.959,56.23,54.924,54.836,53.878,53.338,54.796,53.677,53.308,53.596,51.6,51.727,55.618,57.228,58.338,58.85,61.487,62.671,63.369,64.013,68.261,68.964,68.795,67.222,66.222,68.29,68.839,71.935,71.872,69.675,71.13,71.202
Madagascar,MDG,"Employment to population ratio, 15+, total (%) (modeled ILO estimate)",SL.EMP.TOTL.SP.ZS,,,,,,,,,,,,,,,,,,,,,,,,,,,,,,,,80.887,80.745,80.665,80.825,80.833,80.858,81.003,81.117,81.24,81.308,81.742,81.706,82.164,83.095,84.237,83.984,83.777,83.578,83.167,82.79,84.26,85.84,85.409,84.966,84.506,84.157,83.828,83.527,83.25,81.804,82.058,82.725,82.864,82.866,82.895
Maldives,MDV,"Employment to population ratio, 15+, total (%) (modeled ILO estimate)",SL.EMP.TOTL.SP.ZS,,,,,,,,,,,,,,,,,,,,,,,,,,,,,,,,49.485,49.84,50.192,50.548,50.905,51.48,52.05,52.612,53.171,53.72,52.845,51.983,51.139,50.305,49.404,48.579,47.736,46.971,46.005,47.048,48.106,49.217,50.299,51.389,52.497,53.61,55.999,58.383,60.729,55.144,56.785,60.695,60.782,60.501,60.634
"Middle East, North Africa, Afghanistan & Pakistan",MEA,"Employment to population ratio, 15+, total (%) (modeled ILO estimate)",SL.EMP.TOTL.SP.ZS,,,,,,,,,,,,,,,,,,,,,,,,,,,,,,,,44.48406727,44.44793767,44.14886756,44.18539453,43.62248757,44.03070035,44.23793148,44.01997116,44.18713657,43.93667544,43.66928362,43.31323332,43.56961305,44.13300224,44.17997715,44.31815933,44.57088534,44.38838361,44.61646087,44.84128575,44.37866272,44.01961995,44.31868349,44.37338689,44.23397062,44.47150632,43.92694201,43.54305241,43.57750855,42.15461995,42.60890322,43.12102399,43.79852541,43.73126963,43.66006279
Mexico,MEX,"Employment to population ratio, 15+, total (%) (modeled ILO estimate)",SL.EMP.TOTL.SP.ZS,,,,,,,,,,,,,,,,,,,,,,,,,,,,,,,,56.376,56.815,57.294,56.694,55.187,56.214,58.21,58.217,58.148,57.994,57.388,56.701,56.783,57.038,57.981,58.704,58.711,58.289,57.313,57.189,57.394,58.226,58.029,57.561,57.941,58.099,58.15,58.45,58.995,53.921,57.517,58.961,60.036,59.985,59.962
Marshall Islands,MHL,"Employment to population ratio, 15+, total (%) (modeled ILO estimate)",SL.EMP.TOTL.SP.ZS,,,,,,,,,,,,,,,,,,,,,,,,,,,,,,,,,,,,,,,,,,,,,,,,,,,,,,,,,,,,,,,,,,
Middle income,MIC,"Employment to population ratio, 15+, total (%) (modeled ILO estimate)",SL.EMP.TOTL.SP.ZS,,,,,,,,,,,,,,,,,,,,,,,,,,,,,,,,63.5727816,63.4002421,63.05363343,62.85662744,62.54967235,62.31952889,62.203605,61.97912188,61.73992402,61.55619027,61.25686473,60.88348866,60.68393012,60.62589612,60.46040856,60.24190713,60.063959,59.69959615,59.30295753,59.10601969,58.92190343,58.63928775,58.38185212,58.1769765,57.94455563,57.69025951,57.44787492,57.29399323,57.22805106,55.25621546,56.45452494,57.22193901,57.87340212,57.85541917,57.73830408
North Macedonia,MKD,"Employment to population ratio, 15+, total (%) (modeled ILO estimate)",SL.EMP.TOTL.SP.ZS,,,,,,,,,,,,,,,,,,,,,,,,,,,,,,,,42.483,41.129,40.016,38.393,35.021,33.051,34.424,34.827,35.549,35.759,36.761,36.089,33.86,33.534,33.392,33.871,35.157,36.141,37.004,35.565,37.349,37.395,38.803,39.204,39.749,40.447,41.007,41.599,43.789,43.47,43.461,45.264,44.934,45.799,45.57
Mali,MLI,"Employment to population ratio, 15+, total (%) (modeled ILO estimate)",SL.EMP.TOTL.SP.ZS,,,,,,,,,,,,,,,,,,,,,,,,,,,,,,,,69.386,69.353,69.412,69.348,69.372,69.387,69.376,69.396,69.354,69.289,69.319,69.278,69.33,69.232,69.281,69.286,69.33,69.354,69.377,69.445,69.476,69.506,69.526,69.574,69.57,68.909,68.123,67.178,65.177,63.591,64.091,65.631,65.227,65.209,65.138
Malta,MLT,"Employment to population ratio, 15+, total (%) (modeled ILO estimate)",SL.EMP.TOTL.SP.ZS,,,,,,,,,,,,,,,,,,,,,,,,,,,,,,,,46.675,46.732,46.765,46.717,46.71,46.919,47.042,47.108,47.079,46.548,46.652,46.583,46.027,44.787,45.345,45.53,46.382,46.747,46.557,47.152,48.1,49.391,50.773,52.007,52.635,53.92,55.346,56.911,57.823,58.493,60.07,61.779,62.047,62.175,62.127
Myanmar,MMR,"Employment to population ratio, 15+, total (%) (modeled ILO estimate)",SL.EMP.TOTL.SP.ZS,,,,,,,,,,,,,,,,,,,,,,,,,,,,,,,,67.697,67.603,67.546,67.484,67.39,67.312,67.238,67.162,67.028,66.86,66.712,66.535,66.323,66.114,65.897,65.676,65.465,65.274,65.076,64.896,64.785,64.644,64.487,64.346,64.216,62.707,61.182,61.883,60.255,59.263,52.796,53.527,53.549,53.537,53.41
"Middle East, North Africa, Afghanistan & Pakistan (excluding high income)",MNA,"Employment to population ratio, 15+, total (%) (modeled ILO estimate)",SL.EMP.TOTL.SP.ZS,,,,,,,,,,,,,,,,,,,,,,,,,,,,,,,,43.85879708,43.78841782,43.4219945,43.41001555,42.78637227,43.22882099,43.47226308,43.25587738,43.43262437,43.11870991,42.84255298,42.4842786,42.74984698,43.33394279,43.33497326,43.41665908,43.57102,43.24706846,43.45530159,43.59780793,42.95267031,42.34339834,42.50046214,42.43088581,42.1000749,42.22930352,41.70157141,41.28002661,41.26294004,39.84114371,40.33906844,40.70291051,41.21230043,41.04884049,40.95726212
Montenegro,MNE,"Employment to population ratio, 15+, total (%) (modeled ILO estimate)",SL.EMP.TOTL.SP.ZS,,,,,,,,,,,,,,,,,,,,,,,,,,,,,,,,35.681,35.631,35.502,35.268,35.016,34.812,34.623,34.442,34.432,34.301,34.171,34.119,33.925,33.776,33.679,36.232,38.846,39.997,39.037,38.777,38.73,39.644,39.741,42.315,43.18,43.394,44.174,45.429,46.304,41.367,40.144,47.244,50.866,50.544,50.099
Mongolia,MNG,"Employment to population ratio, 15+, total (%) (modeled ILO estimate)",SL.EMP.TOTL.SP.ZS,,,,,,,,,,,,,,,,,,,,,,,,,,,,,,,,54.556,54.978,55.258,55.465,55.576,55.706,55.754,55.788,55.86,55.941,55.951,55.904,55.493,55.27,55.104,54.931,54.876,55.201,55.24,54.957,56.953,57.324,56.98,56.782,56.773,54.172,55.378,56.534,59.679,59.364,56.382,58.886,57.683,57.201,56.565
Northern Mariana Islands,MNP,"Employment to population ratio, 15+, total (%) (modeled ILO estimate)",SL.EMP.TOTL.SP.ZS,,,,,,,,,,,,,,,,,,,,,,,,,,,,,,,,,,,,,,,,,,,,,,,,,,,,,,,,,,,,,,,,,,
Mozambique,MOZ,"Employment to population ratio, 15+, total (%) (modeled ILO estimate)",SL.EMP.TOTL.SP.ZS,,,,,,,,,,,,,,,,,,,,,,,,,,,,,,,,81.683,81.513,81.606,81.592,81.66,81.627,81.674,82.079,82.409,82.607,82.937,83.211,83.572,83.006,82.439,81.927,81.364,80.798,80.165,79.552,78.938,78.332,77.684,77.029,76.345,76.135,75.875,75.626,75.396,74.227,73.848,73.466,73.562,73.529,73.493
Mauritania,MRT,"Employment to population ratio, 15+, total (%) (modeled ILO estimate)",SL.EMP.TOTL.SP.ZS,,,,,,,,,,,,,,,,,,,,,,,,,,,,,,,,41.802,41.721,41.772,41.669,41.724,41.682,41.627,41.498,41.428,41.386,41.155,40.939,40.887,40.767,40.663,40.603,40.342,40.054,39.651,39.521,39.389,39.255,38.785,38.299,37.826,37.311,36.854,36.803,36.77,36.067,36.173,36.632,36.682,36.701,36.564
Mauritius,MUS,"Employment to population ratio, 15+, total (%) (modeled ILO estimate)",SL.EMP.TOTL.SP.ZS,,,,,,,,,,,,,,,,,,,,,,,,,,,,,,,,54.424,54.391,54.271,54.173,54.023,53.924,53.849,53.766,53.57,53.473,52.305,53.477,55.485,53.944,53.622,53.689,53.275,54.124,54.192,54.671,54.075,54.304,55.336,55.495,55.871,55.593,55.844,55.465,55.964,50.908,48.525,52.046,55.709,55.41,55.249
Malawi,MWI,"Employment to population ratio, 15+, total (%) (modeled ILO estimate)",SL.EMP.TOTL.SP.ZS,,,,,,,,,,,,,,,,,,,,,,,,,,,,,,,,76.748,76.66,76.76,76.481,76.88,76.849,77.055,76.878,76.813,76.764,76.612,76.582,76.641,76.797,76.822,75.743,74.695,73.601,72.448,71.164,69.836,68.294,66.77,65.226,63.64,61.963,60.264,60.192,60.13,64.36,59.374,59.904,59.843,59.747,59.403
Malaysia,MYS,"Employment to population ratio, 15+, total (%) (modeled ILO estimate)",SL.EMP.TOTL.SP.ZS,,,,,,,,,,,,,,,,,,,,,,,,,,,,,,,,54.233,54.577,54.698,55.314,55.953,56.684,57.095,57.018,57.229,57.757,57.613,57.768,57.814,57.985,58.139,58.448,58.677,58.922,59.049,59.557,60.048,61.038,61.955,63.091,63.164,62.851,62.978,63.41,63.678,62.501,62.574,63.62,63.625,63.565,63.631
North America,NAC,"Employment to population ratio, 15+, total (%) (modeled ILO estimate)",SL.EMP.TOTL.SP.ZS,,,,,,,,,,,,,,,,,,,,,,,,,,,,,,,,60.46040795,60.11904593,60.32842492,61.12058056,61.53404997,61.77186833,62.35624436,62.65993758,62.9560091,63.23786394,62.53927776,61.74308307,61.38612103,61.49115518,61.79052328,62.19569083,62.0904033,61.41086606,58.70589905,57.9694188,57.97817093,58.38986686,58.48776966,58.88321838,59.21953869,59.55912908,60.00445792,60.3167342,60.70314263,56.73639659,58.43109207,59.78035781,60.03908269,59.59556551,59.21916279
Namibia,NAM,"Employment to population ratio, 15+, total (%) (modeled ILO estimate)",SL.EMP.TOTL.SP.ZS,,,,,,,,,,,,,,,,,,,,,,,,,,,,,,,,44.551,44.682,44.577,44.394,42.912,41.686,40.419,41.312,42.237,43.142,42.983,42.919,42.832,43.061,43.272,43.639,43.708,43.993,44.063,44.368,46.099,47.884,49.961,49.56,48.031,46.336,46.692,47.175,47.18,44.224,44.66,47.353,47.617,47.593,47.488
New Caledonia,NCL,"Employment to population ratio, 15+, total (%) (modeled ILO estimate)",SL.EMP.TOTL.SP.ZS,,,,,,,,,,,,,,,,,,,,,,,,,,,,,,,,53.053,52.818,52.805,52.84,53.169,53.238,53.471,53.301,53.48,53.649,53.9,54.026,54.165,54.276,54.495,54.771,55.059,55.21,55.353,55.323,55.281,55.112,54.845,54.575,54.154,53.66,53.175,52.042,51.375,49.858,50.728,51.424,50.995,50.631,50.116
Niger,NER,"Employment to population ratio, 15+, total (%) (modeled ILO estimate)",SL.EMP.TOTL.SP.ZS,,,,,,,,,,,,,,,,,,,,,,,,,,,,,,,,77.63,77.635,77.65,77.675,77.678,77.684,77.705,77.835,77.872,77.885,77.901,77.687,77.475,77.051,76.829,77.335,77.785,78.176,78.511,78.928,79.265,75.959,74.606,73.18,72.935,72.716,72.487,72.277,72.053,73.707,75.899,79.291,79.236,79.262,79.427
Nigeria,NGA,"Employment to population ratio, 15+, total (%) (modeled ILO estimate)",SL.EMP.TOTL.SP.ZS,,,,,,,,,,,,,,,,,,,,,,,,,,,,,,,,79.235,79.872,80.061,80.548,80.604,80.5,80.479,80.388,80.271,80.075,79.938,79.898,79.665,79.476,79.109,78.89,78.694,78.514,78.45,78.239,78.061,78.007,77.844,77.615,77.453,77.206,76.982,76.851,76.785,74.782,75.812,78.158,80.021,80.053,79.988
Nicaragua,NIC,"Employment to population ratio, 15+, total (%) (modeled ILO estimate)",SL.EMP.TOTL.SP.ZS,,,,,,,,,,,,,,,,,,,,,,,,,,,,,,,,53.317,53.314,53.216,53.349,53.616,54.289,54.78,55.196,55.536,55.861,56.161,56.305,56.575,57.628,58.595,58.958,59.546,59.046,58.125,58.646,59.736,60.953,61.224,62.034,62.036,62.67,63.177,61.767,61.449,60.386,61.293,62.379,62.795,62.745,62.744
Netherlands,NLD,"Employment to population ratio, 15+, total (%) (modeled ILO estimate)",SL.EMP.TOTL.SP.ZS,,,,,,,,,,,,,,,,,,,,,,,,,,,,,,,,61.704,63.029,62.602,62.037,62.033,62.646,63.409,64.335,65.091,65.956,66.509,66.138,65.239,64.29,63.258,63.802,64.378,64.696,63.91,63.182,63.081,62.892,61.903,61.25,61.897,62.299,62.928,63.838,64.453,64.002,63.733,64.858,65.327,64.966,64.643
Norway,NOR,"Employment to population ratio, 15+, total (%) (modeled ILO estimate)",SL.EMP.TOTL.SP.ZS,,,,,,,,,,,,,,,,,,,,,,,,,,,,,,,,58.552,58.638,59.054,59.968,59.914,61.373,62.284,63.489,64.237,64.475,64.589,64.594,64.544,64.756,64.932,65.855,66.714,66.7,65.914,64.957,64.996,64.976,64.652,64.236,63.703,63.102,62.925,63.403,63.505,62.772,62.817,63.833,63.587,63.201,62.564
Nepal,NPL,"Employment to population ratio, 15+, total (%) (modeled ILO estimate)",SL.EMP.TOTL.SP.ZS,,,,,,,,,,,,,,,,,,,,,,,,,,,,,,,,37.197,37.205,37.197,37.19,37.154,37.129,37.074,37.047,37.019,37.008,37.005,36.95,36.91,36.889,36.877,36.804,36.717,36.667,36.619,36.587,36.496,36.37,36.191,36.055,35.943,35.8,35.66,35.533,35.599,34.253,34.677,35.224,35.269,35.185,35.137
Nauru,NRU,"Employment to population ratio, 15+, total (%) (modeled ILO estimate)",SL.EMP.TOTL.SP.ZS,,,,,,,,,,,,,,,,,,,,,,,,,,,,,,,,,,,,,,,,,,,,,,,,,,,,,,,,,,,,,,,,,,
New Zealand,NZL,"Employment to population ratio, 15+, total (%) (modeled ILO estimate)",SL.EMP.TOTL.SP.ZS,,,,,,,,,,,,,,,,,,,,,,,,,,,,,,,,56.693,56.228,56.703,58.36,60.157,61.056,60.547,59.592,60.116,60.795,61.79,62.556,62.707,63.769,64.636,65.129,65.52,65.136,63.6,63.112,63.495,62.953,63.47,64.601,64.695,65.966,67.142,67.45,67.291,66.653,67.738,68.589,68.833,67.22,66.781
OECD members,OED,"Employment to population ratio, 15+, total (%) (modeled ILO estimate)",SL.EMP.TOTL.SP.ZS,,,,,,,,,,,,,,,,,,,,,,,,,,,,,,,,56.48758226,56.07364116,55.48911593,55.59039803,55.66834936,55.78117061,56.10183325,56.03676126,56.04849533,56.2047264,56.08399897,55.68036461,55.55679545,55.50437676,55.87131481,56.32725014,56.58065959,56.4679447,55.05956674,54.85824798,55.07037705,55.22243366,55.24589035,55.51830138,55.87351856,56.26129327,56.72970503,57.1624164,57.38167544,55.01467845,56.1956621,57.40558442,57.83323186,57.77760038,57.61220268
Oman,OMN,"Employment to population ratio, 15+, total (%) (modeled ILO estimate)",SL.EMP.TOTL.SP.ZS,,,,,,,,,,,,,,,,,,,,,,,,,,,,,,,,54.897,55.608,56.421,56.456,55.818,55.278,54.74,54.383,54.099,53.685,53.483,53.497,53.511,53.6,53.775,54.161,54.662,55.375,56.255,57.31,60.28,63.629,65.391,66.278,67.081,67.993,68.924,69.248,68.351,64.018,64.533,65.999,66.16,66.102,66.154
Other small states,OSS,"Employment to population ratio, 15+, total (%) (modeled ILO estimate)",SL.EMP.TOTL.SP.ZS,,,,,,,,,,,,,,,,,,,,,,,,,,,,,,,,54.41140986,53.58287302,52.75810094,52.62222826,52.2363907,51.99379753,51.84851811,51.69790194,51.00911572,50.44383019,50.32421142,50.59986226,50.99493616,50.71799392,50.76198652,51.49593277,51.7928367,51.87873983,50.65619141,50.54764318,50.80746805,50.78648872,50.87511723,51.13907962,51.62743732,51.89252099,52.43336041,52.88526839,53.58930713,51.55808422,51.8470454,53.21848187,54.33476181,54.13378619,53.97225739
Pakistan,PAK,"Employment to population ratio, 15+, total (%) (modeled ILO estimate)",SL.EMP.TOTL.SP.ZS,,,,,,,,,,,,,,,,,,,,,,,,,,,,,,,,49.384,49.388,48.907,48.855,48.065,48.944,49.814,49.64,49.866,50.101,50.122,50.14,50.28,50.427,50.087,49.741,49.846,49.872,50.265,50.664,50.37,49.238,49.931,50.066,50.17,50.501,49.693,48.911,49.105,48.495,49.388,49.633,49.63,49.435,49.498
Panama,PAN,"Employment to population ratio, 15+, total (%) (modeled ILO estimate)",SL.EMP.TOTL.SP.ZS,,,,,,,,,,,,,,,,,,,,,,,,,,,,,,,,54.096,55.277,56.31,56.608,57.315,57.339,57.566,58.828,58.801,59.1,59.339,59.631,59.777,60.463,60.689,60.022,60.454,61.954,59.8,61.085,60.467,62.56,63.328,62.813,62.805,63.064,62.355,64.083,64.224,56.664,56.409,60.953,60.881,60.715,60.761
Peru,PER,"Employment to population ratio, 15+, total (%) (modeled ILO estimate)",SL.EMP.TOTL.SP.ZS,,,,,,,,,,,,,,,,,,,,,,,,,,,,,,,,56.21,55.915,56.974,58.051,59.958,61.147,62.562,63.441,64.744,62.518,65.303,66.523,68.053,68.674,69.553,72.965,75.036,75.07,75.466,76.389,75.917,75.919,75.079,74.592,73.42,72.557,74.154,74.484,74.748,63.976,68.264,71.277,69.125,69.023,69.127
Philippines,PHL,"Employment to population ratio, 15+, total (%) (modeled ILO estimate)",SL.EMP.TOTL.SP.ZS,,,,,,,,,,,,,,,,,,,,,,,,,,,,,,,,59.131,59.095,59.087,59.109,59.116,59.093,59.048,59.044,58.996,58.947,58.975,58.993,58.987,59.337,59.252,58.93,59.155,58.794,59.065,59.22,59.995,59.57,59.297,59.933,59.521,59.93,57.632,57.602,58.115,53.365,54.552,59.843,60.069,60.05,59.979
Palau,PLW,"Employment to population ratio, 15+, total (%) (modeled ILO estimate)",SL.EMP.TOTL.SP.ZS,,,,,,,,,,,,,,,,,,,,,,,,,,,,,,,,,,,,,,,,,,,,,,,,,,,,,,,,,,,,,,,,,,
Papua New Guinea,PNG,"Employment to population ratio, 15+, total (%) (modeled ILO estimate)",SL.EMP.TOTL.SP.ZS,,,,,,,,,,,,,,,,,,,,,,,,,,,,,,,,47.124,47.019,46.852,46.789,46.847,46.706,46.804,46.954,46.95,47.082,47.211,47.304,47.39,47.452,47.461,47.468,47.434,47.504,47.471,47.375,47.462,47.767,48.061,48.271,48.55,48.847,49.117,49.486,49.783,49.523,50.106,50.591,50.585,50.596,50.731
Poland,POL,"Employment to population ratio, 15+, total (%) (modeled ILO estimate)",SL.EMP.TOTL.SP.ZS,,,,,,,,,,,,,,,,,,,,,,,,,,,,,,,,52.986,52.715,51.727,50.891,50.653,50.725,50.942,51.105,49.229,47.203,45.869,44.185,44.014,44.318,45.156,46.718,48.851,50.724,50.76,50.782,50.996,51.071,50.89,51.954,52.81,53.788,54.761,55.327,55.593,55.586,56.78,57.289,57.605,57.009,56.577
Pre-demographic dividend,PRE,"Employment to population ratio, 15+, total (%) (modeled ILO estimate)",SL.EMP.TOTL.SP.ZS,,,,,,,,,,,,,,,,,,,,,,,,,,,,,,,,68.64785285,68.75056959,68.69037516,68.76569307,68.87878512,68.91458298,68.9354111,68.88950368,68.80827069,68.71959959,68.67340565,68.62794589,68.54301735,68.51773437,68.42429556,68.2685765,68.11768783,67.83650651,67.53264448,67.09118167,67.05764809,66.39170985,66.79476239,66.2570253,65.94952376,65.71991688,65.00393158,64.72128579,64.44990657,63.33066606,63.74194177,64.66028221,66.63703912,66.62008802,66.55381172
Puerto Rico (US),PRI,"Employment to population ratio, 15+, total (%) (modeled ILO estimate)",SL.EMP.TOTL.SP.ZS,,,,,,,,,,,,,,,,,,,,,,,,,,,,,,,,38.255,37.855,39.152,39.805,39.678,40.486,41.117,41.15,41.74,41.309,40.818,40.684,41.208,41.858,42.286,42.03,41.088,39.657,36.72,35.154,34.142,34.112,33.678,32.97,33.459,33.653,34.107,35.032,35.388,35.76,38.029,39.319,39.722,40.212,40.216
"Korea, Dem. People's Rep.",PRK,"Employment to population ratio, 15+, total (%) (modeled ILO estimate)",SL.EMP.TOTL.SP.ZS,,,,,,,,,,,,,,,,,,,,,,,,,,,,,,,,79.28,79.415,79.437,79.409,79.492,79.538,79.59,79.45,79.189,79.208,79.135,79.15,79.11,79.125,79.106,79.155,79.187,79.197,79.221,79.287,79.202,79.165,79.135,79.172,79.189,79.089,79.222,79.377,79.354,77.697,77.731,79.309,79.316,79.255,79.24
Portugal,PRT,"Employment to population ratio, 15+, total (%) (modeled ILO estimate)",SL.EMP.TOTL.SP.ZS,,,,,,,,,,,,,,,,,,,,,,,,,,,,,,,,58.589,56.606,55.45,54.581,54.145,54.23,55.258,57.758,57.868,58.484,59.097,59.227,58.182,57.618,57.154,57.301,57.226,57.319,55.522,54.609,52.784,50.803,49.638,50.619,51.291,51.955,53.654,54.846,55.189,53.643,53.016,54.238,54.75,54.644,54.576
Paraguay,PRY,"Employment to population ratio, 15+, total (%) (modeled ILO estimate)",SL.EMP.TOTL.SP.ZS,,,,,,,,,,,,,,,,,,,,,,,,,,,,,,,,65.67,65.663,65.83,66.546,67.662,64.264,66.398,66.855,65.875,63.893,64.621,62.291,62.992,66.724,66.888,63.508,65.573,66.243,65.821,64.643,64.745,68.365,66.803,64.534,64.831,66.289,66.679,67.4,67.617,64.824,66.661,65.812,66.652,66.275,66.873
West Bank and Gaza,PSE,"Employment to population ratio, 15+, total (%) (modeled ILO estimate)",SL.EMP.TOTL.SP.ZS,,,,,,,,,,,,,,,,,,,,,,,,,,,,,,,,36.044,36.006,35.996,35.964,35.976,35.997,36.026,35.976,35.964,35.977,28.754,26.045,29.843,29.349,30.907,31.285,32.621,30.354,31.445,31.431,34.083,33.675,33.485,33.473,33.852,33.291,32.705,32.043,33.052,30.336,31.922,34.004,,,
Pacific island small states,PSS,"Employment to population ratio, 15+, total (%) (modeled ILO estimate)",SL.EMP.TOTL.SP.ZS,,,,,,,,,,,,,,,,,,,,,,,,,,,,,,,,63.12613375,63.16328153,63.24064524,63.339654,63.28383645,63.29556199,63.24509862,63.19452519,63.19834678,63.26205078,63.26123876,63.23583898,63.24096822,63.29507332,62.91178098,63.47751324,63.77592906,64.04047965,64.28581284,64.49215215,65.02746496,64.39068196,63.88335215,63.35550709,63.16736742,62.9268791,62.92790157,62.82571955,62.70398923,60.83245567,61.09158146,62.12723482,62.27933593,62.34595635,62.35871742
Post-demographic dividend,PST,"Employment to population ratio, 15+, total (%) (modeled ILO estimate)",SL.EMP.TOTL.SP.ZS,,,,,,,,,,,,,,,,,,,,,,,,,,,,,,,,56.69649067,56.20196651,55.65462886,55.7113916,55.74637733,55.7529068,56.01811923,55.92184937,56.16683309,56.55263498,56.48979424,56.26275319,56.16634263,56.25432275,56.54970423,56.97845748,57.25808368,57.11461412,55.55756174,55.16155692,55.19664749,55.22320509,55.25469392,55.55821082,55.89683256,56.3216073,56.82530773,57.32936275,57.73674339,55.84278109,56.55988495,57.93350779,58.21857613,58.07370555,57.8250311
French Polynesia,PYF,"Employment to population ratio, 15+, total (%) (modeled ILO estimate)",SL.EMP.TOTL.SP.ZS,,,,,,,,,,,,,,,,,,,,,,,,,,,,,,,,52.38,52.391,52.463,52.428,52.509,52.518,52.363,52.185,51.985,51.782,51.437,51.104,50.754,50.415,50.077,49.769,49.493,49.48,49.394,49.342,49.322,49.436,49.406,49.379,49.357,49.323,49.35,49.163,48.981,47.4,47.44,47.598,47.157,46.667,46.262
Qatar,QAT,"Employment to population ratio, 15+, total (%) (modeled ILO estimate)",SL.EMP.TOTL.SP.ZS,,,,,,,,,,,,,,,,,,,,,,,,,,,,,,,,83.115,82.792,82.956,83.041,83.107,83.109,82.191,81.887,81.945,81.916,82.12,82.222,82.493,81.658,81.844,83.018,84.884,85.827,86.224,86.169,85.971,85.856,86.054,86.574,87.125,87.344,87.375,87.407,87.345,86.983,86.243,87.461,87.437,87.106,86.9
Romania,ROU,"Employment to population ratio, 15+, total (%) (modeled ILO estimate)",SL.EMP.TOTL.SP.ZS,,,,,,,,,,,,,,,,,,,,,,,,,,,,,,,,46.162,46.512,46.573,46.508,46.346,46.874,47.794,47.98,47.844,47.508,47.553,46.602,47.196,46.668,46.904,46.9,47.455,48.018,43.969,46.762,46.325,46.642,46.527,47.081,47.749,47.931,49.283,49.664,49.985,49.38,49.534,49.682,48.847,48.683,48.255
Russian Federation,RUS,"Employment to population ratio, 15+, total (%) (modeled ILO estimate)",SL.EMP.TOTL.SP.ZS,,,,,,,,,,,,,,,,,,,,,,,,,,,,,,,,63.442,62.451,60.084,56.844,55.61,54.55,52.07,50.408,53.268,54.789,54.567,55.546,55.057,55.87,56.574,56.908,58.303,58.668,57.458,58.007,58.803,59.511,59.4,59.562,59.183,59.357,59.222,59.403,58.913,57.939,59.024,59.541,60.224,60.322,59.809
Rwanda,RWA,"Employment to population ratio, 15+, total (%) (modeled ILO estimate)",SL.EMP.TOTL.SP.ZS,,,,,,,,,,,,,,,,,,,,,,,,,,,,,,,,55.07,55.153,55.058,55.413,56.152,56.197,56.234,55.823,55.271,54.854,54.535,54.494,54.209,54.088,53.938,54.058,54.042,54.06,53.959,53.899,53.765,53.752,53.631,53.528,53.466,53.418,53.281,53.882,51.883,55.248,49.017,51.089,55.8,56.323,56.446
South Asia,SAS,"Employment to population ratio, 15+, total (%) (modeled ILO estimate)",SL.EMP.TOTL.SP.ZS,,,,,,,,,,,,,,,,,,,,,,,,,,,,,,,,53.40796771,53.4082159,53.44019994,53.52939244,53.79049825,54.10143776,54.35971427,54.69146687,54.94600508,55.19157596,55.03642499,54.84170335,54.71810144,54.60112039,54.50597449,53.79549877,53.03954296,52.26943411,51.53141845,50.95798473,50.39139593,49.80786491,49.59991289,49.44031613,49.3042453,49.13876116,49.20440667,49.05621872,49.46857534,48.17238516,49.75207519,51.48091547,52.66857832,53.2684661,53.24778448
Saudi Arabia,SAU,"Employment to population ratio, 15+, total (%) (modeled ILO estimate)",SL.EMP.TOTL.SP.ZS,,,,,,,,,,,,,,,,,,,,,,,,,,,,,,,,47.511,47.649,47.402,47.155,46.937,46.776,46.58,46.375,46.125,46.756,46.137,45.45,45.227,45.123,45.151,45.323,45.859,46.636,46.916,48.572,50.291,52.28,53.951,54.976,56.403,57.286,55.515,55.835,57.753,57.633,59.306,60.235,62.718,62.907,63.12
Sudan,SDN,"Employment to population ratio, 15+, total (%) (modeled ILO estimate)",SL.EMP.TOTL.SP.ZS,,,,,,,,,,,,,,,,,,,,,,,,,,,,,,,,42.426,42.596,42.89,43.088,43.365,43.694,43.687,43.477,43.237,42.91,42.691,42.473,42.235,41.981,41.724,41.478,41.228,40.919,42.363,41.348,40.278,39.716,39.189,38.67,38.192,37.572,36.896,36.247,35.65,34.428,34.101,34.698,,,
Senegal,SEN,"Employment to population ratio, 15+, total (%) (modeled ILO estimate)",SL.EMP.TOTL.SP.ZS,,,,,,,,,,,,,,,,,,,,,,,,,,,,,,,,49.606,49.485,49.42,49.293,49.257,49.182,49.143,49.077,49.06,49.009,48.932,48.78,48.725,48.684,48.693,48.622,48.111,47.615,47.13,46.648,46.133,45.155,44.155,43.295,42.412,47.883,44.126,46.683,49.26,48.976,49.906,50.472,50.437,50.404,50.596
Singapore,SGP,"Employment to population ratio, 15+, total (%) (modeled ILO estimate)",SL.EMP.TOTL.SP.ZS,,,,,,,,,,,,,,,,,,,,,,,,,,,,,,,,60.316,60.218,60.535,61.038,61.581,61.933,63.119,62.954,62.099,62.947,62.999,60.971,60.862,60.799,61.553,63.12,62.943,63.977,62.669,64.595,64.755,65.416,65.152,65.992,66.895,66.419,66.047,66.103,66.847,65.895,67.406,67.23,67.004,67.308,67.709
Solomon Islands,SLB,"Employment to population ratio, 15+, total (%) (modeled ILO estimate)",SL.EMP.TOTL.SP.ZS,,,,,,,,,,,,,,,,,,,,,,,,,,,,,,,,81.696,81.432,81.421,81.275,81.023,81.102,81.208,81.221,81.385,81.928,82.235,82.452,82.726,82.836,82.866,82.855,82.84,82.769,82.802,82.972,83.151,83.476,83.688,83.751,83.806,83.719,83.707,83.695,83.684,82.794,83.169,83.042,83.064,83.059,83.089
Sierra Leone,SLE,"Employment to population ratio, 15+, total (%) (modeled ILO estimate)",SL.EMP.TOTL.SP.ZS,,,,,,,,,,,,,,,,,,,,,,,,,,,,,,,,61.709,61.579,61.588,61.578,61.694,61.723,61.715,61.818,61.821,61.945,61.894,62.113,62.133,63.849,62.798,61.845,60.9,59.962,59.002,58.075,57.156,56.266,55.364,54.284,53.674,53.117,52.676,52.191,52.086,51.428,51.708,51.981,51.974,51.922,51.691
El Salvador,SLV,"Employment to population ratio, 15+, total (%) (modeled ILO estimate)",SL.EMP.TOTL.SP.ZS,,,,,,,,,,,,,,,,,,,,,,,,,,,,,,,,56.947,56.851,56.346,58.528,57.599,56.143,55.681,58.184,57.594,57.255,56.705,56.608,57.504,56.146,56.224,56.919,57.454,57.342,55.992,56.959,57.019,57.883,58.289,56.929,56.342,56.643,56.418,56.376,57.39,53.689,56.612,58.279,59.718,59.899,60.056
San Marino,SMR,"Employment to population ratio, 15+, total (%) (modeled ILO estimate)",SL.EMP.TOTL.SP.ZS,,,,,,,,,,,,,,,,,,,,,,,,,,,,,,,,,,,,,,,,,,,,,,,,,,,,,,,,,,,,,,,,,,
"Somalia, Fed. Rep.",SOM,"Employment to population ratio, 15+, total (%) (modeled ILO estimate)",SL.EMP.TOTL.SP.ZS,,,,,,,,,,,,,,,,,,,,,,,,,,,,,,,,27.526,27.301,27.288,27.111,27.277,27.35,27.57,27.622,27.639,27.72,27.747,27.773,27.803,27.84,27.898,27.971,28.041,28.041,28.018,27.984,27.894,27.807,27.82,27.823,27.84,27.782,27.809,27.693,27.623,27.163,27.1,27.438,27.48,27.477,27.433
Serbia,SRB,"Employment to population ratio, 15+, total (%) (modeled ILO estimate)",SL.EMP.TOTL.SP.ZS,,,,,,,,,,,,,,,,,,,,,,,,,,,,,,,,51.19,51.104,50.889,50.401,49.843,49.318,48.25,47.886,48.518,48.722,48.204,47.287,46.232,44.075,42.504,42.276,43.839,45.575,42.748,40.117,38.327,38.117,39.821,41.682,42.176,44.89,46.337,47.091,48.443,48.564,50.648,52.25,53.292,54.879,54.929
Sub-Saharan Africa (excluding high income),SSA,"Employment to population ratio, 15+, total (%) (modeled ILO estimate)",SL.EMP.TOTL.SP.ZS,,,,,,,,,,,,,,,,,,,,,,,,,,,,,,,,67.4405176,67.53612675,67.55063935,67.74202228,67.95423241,67.99367819,67.98065771,67.91121996,67.78637242,67.69919752,67.66881607,67.68071312,67.65980914,67.68269382,67.65199297,67.55344389,67.39433404,67.15238927,66.76152287,66.24526421,66.30135516,65.81023106,66.29363446,65.73631665,65.45118647,65.22934675,64.72541964,64.51569422,64.23860064,62.96797916,63.21034095,64.24083398,66.33406328,66.38138219,66.34161447
South Sudan,SSD,"Employment to population ratio, 15+, total (%) (modeled ILO estimate)",SL.EMP.TOTL.SP.ZS,,,,,,,,,,,,,,,,,,,,,,,,,,,,,,,,65.189,65.177,65.314,65.26,65.265,65.307,65.5,65.438,65.356,65.212,65.242,65.314,65.353,65.309,65.218,65.119,65.016,64.893,64.707,64.561,64.357,64.146,64.237,64.433,64.627,64.468,64.627,64.697,64.58,62.801,63.249,64.363,64.325,,
Sub-Saharan Africa,SSF,"Employment to population ratio, 15+, total (%) (modeled ILO estimate)",SL.EMP.TOTL.SP.ZS,,,,,,,,,,,,,,,,,,,,,,,,,,,,,,,,68.50743608,68.599268,68.63110968,68.82234465,69.02816508,69.06117382,69.04622045,68.96569844,68.83585574,68.77479419,68.77464,68.79567529,68.78259294,68.82343552,68.81972471,68.74011651,68.59476438,68.37586616,68.02245708,67.56010224,67.61466479,67.17620476,67.6123956,66.95142142,66.53566751,66.17318097,65.55657323,65.19940742,64.78406467,63.34903994,63.45706163,64.44141751,66.31381294,66.35779766,66.32430096
Small states,SST,"Employment to population ratio, 15+, total (%) (modeled ILO estimate)",SL.EMP.TOTL.SP.ZS,,,,,,,,,,,,,,,,,,,,,,,,,,,,,,,,54.26464202,53.66816214,53.20551126,53.33108984,53.3938982,53.35096781,53.35080308,53.32991581,52.96260017,52.72385795,52.72321972,52.8722807,53.21390555,53.36181307,53.48883568,54.248175,54.52004331,54.65159178,53.61352091,53.54193653,53.70175559,53.67826128,53.73088777,53.89815937,54.19295485,54.25106198,54.6093365,54.88000555,55.22917811,52.55952278,53.00739803,54.51864609,55.45977734,55.26184755,55.15264328
Sao Tome and Principe,STP,"Employment to population ratio, 15+, total (%) (modeled ILO estimate)",SL.EMP.TOTL.SP.ZS,,,,,,,,,,,,,,,,,,,,,,,,,,,,,,,,21.111,21.083,21.126,21.121,21.106,21.062,20.979,20.902,20.817,20.703,20.321,19.841,20.123,20.163,20.067,20.017,20.171,20.323,20.396,20.513,20.594,20.748,21.028,21.278,21.458,21.631,21.777,21.721,21.6,20.885,21.079,21.402,21.328,21.272,21.21
Suriname,SUR,"Employment to population ratio, 15+, total (%) (modeled ILO estimate)",SL.EMP.TOTL.SP.ZS,,,,,,,,,,,,,,,,,,,,,,,,,,,,,,,,39.938,39.887,40.447,41.942,43.954,42.454,42.3,41.961,40.271,41.097,41.979,42.887,43.801,44.722,45.324,45.914,46.487,47.082,47.662,49.002,49.313,49.528,50.856,51.189,51.55,51.672,51.7,51.901,51.941,47.928,48.609,49.152,49.458,49.732,49.606
Slovak Republic,SVK,"Employment to population ratio, 15+, total (%) (modeled ILO estimate)",SL.EMP.TOTL.SP.ZS,,,,,,,,,,,,,,,,,,,,,,,,,,,,,,,,58.097,56.356,54.576,51.71,51.984,53.335,52.578,51.744,49.722,48.597,48.672,48.815,49.721,49.135,49.785,51.151,52.169,53.545,51.644,50.37,50.784,50.917,50.82,52.89,52.773,54.2,55.017,55.819,56.125,54.948,56.051,57.4,57.597,57.576,57.184
Slovenia,SVN,"Employment to population ratio, 15+, total (%) (modeled ILO estimate)",SL.EMP.TOTL.SP.ZS,,,,,,,,,,,,,,,,,,,,,,,,,,,,,,,,54.222,53.661,53.115,53.131,53.613,53.65,54.623,55.058,53.974,53.576,54.506,54.919,53.038,55.539,55.481,55.928,57.097,57.17,56.149,55.066,53.408,52.717,51.806,52.259,52.43,52.296,54.708,55.935,55.787,54.937,55.61,56.684,55.936,55.809,55.737
Sweden,SWE,"Employment to population ratio, 15+, total (%) (modeled ILO estimate)",SL.EMP.TOTL.SP.ZS,,,,,,,,,,,,,,,,,,,,,,,,,,,,,,,,64.137,61.168,57.518,56.697,57.597,56.989,56.213,56.526,57.835,58.605,59.723,59.541,59.16,58.233,58.297,58.86,59.777,59.883,58.068,57.755,58.573,58.46,58.712,58.816,59.171,59.599,60.065,60.395,60.17,58.834,58.526,59.77,59.989,59.298,58.979
Eswatini,SWZ,"Employment to population ratio, 15+, total (%) (modeled ILO estimate)",SL.EMP.TOTL.SP.ZS,,,,,,,,,,,,,,,,,,,,,,,,,,,,,,,,43.123,42.777,42.279,42.445,42.583,42.227,41.837,41.259,40.711,40.168,39.646,39.235,38.872,38.544,38.206,37.897,37.532,37.605,37.698,37.919,38.212,38.583,38.851,39.084,39.245,39.518,38.361,37.157,36.051,33.171,32.716,32.04,33.494,33.464,33.683
Sint Maarten (Dutch part),SXM,"Employment to population ratio, 15+, total (%) (modeled ILO estimate)",SL.EMP.TOTL.SP.ZS,,,,,,,,,,,,,,,,,,,,,,,,,,,,,,,,,,,,,,,,,,,,,,,,,,,,,,,,,,,,,,,,,,
Seychelles,SYC,"Employment to population ratio, 15+, total (%) (modeled ILO estimate)",SL.EMP.TOTL.SP.ZS,,,,,,,,,,,,,,,,,,,,,,,,,,,,,,,,,,,,,,,,,,,,,,,,,,,,,,,,,,,,,,,,,,
Syrian Arab Republic,SYR,"Employment to population ratio, 15+, total (%) (modeled ILO estimate)",SL.EMP.TOTL.SP.ZS,,,,,,,,,,,,,,,,,,,,,,,,,,,,,,,,47.518,47.299,47.041,46.247,45.651,45.803,45.923,46.053,46.482,46.011,44.146,43.66,43.146,42.826,42.466,42.067,40.524,38.825,39.445,39.024,39.656,33.79,32.302,32.152,32.334,32.512,32.608,32.68,32.777,30.46,30.925,32.383,32.205,32.048,31.891
Turks and Caicos Islands,TCA,"Employment to population ratio, 15+, total (%) (modeled ILO estimate)",SL.EMP.TOTL.SP.ZS,,,,,,,,,,,,,,,,,,,,,,,,,,,,,,,,,,,,,,,,,,,,,,,,,,,,,,,,,,,,,,,,,,
Chad,TCD,"Employment to population ratio, 15+, total (%) (modeled ILO estimate)",SL.EMP.TOTL.SP.ZS,,,,,,,,,,,,,,,,,,,,,,,,,,,,,,,,71.684,71.644,71.794,71.344,70.863,70.45,69.97,69.515,69.031,68.532,68.063,67.603,67.152,66.703,66.221,65.694,65.118,64.566,64.051,63.568,63.055,62.565,62.009,61.474,60.926,60.369,59.82,59.293,59.299,58.368,58.432,59.14,59.07,58.968,58.812
East Asia & Pacific (IDA & IBRD countries),TEA,"Employment to population ratio, 15+, total (%) (modeled ILO estimate)",SL.EMP.TOTL.SP.ZS,,,,,,,,,,,,,,,,,,,,,,,,,,,,,,,,74.14154438,73.83908475,73.20324867,72.73325205,72.31212577,71.87083082,71.33794605,70.84427625,70.35290167,70.02156262,69.47518506,68.86191557,68.3967922,68.18048332,67.76758911,67.58070067,67.60443615,67.32811605,67.11886432,67.10988915,67.20259269,66.94721036,66.48383831,66.28352346,65.93430128,65.60649229,65.21757772,65.06925068,64.71278946,62.87296431,63.6944463,63.18936383,63.46340359,62.85596033,62.58774684
Europe & Central Asia (IDA & IBRD countries),TEC,"Employment to population ratio, 15+, total (%) (modeled ILO estimate)",SL.EMP.TOTL.SP.ZS,,,,,,,,,,,,,,,,,,,,,,,,,,,,,,,,58.16235687,57.49744415,55.96657461,54.76969265,53.83335813,52.91048585,51.80195134,50.91454982,51.5378319,51.5867584,51.27236198,51.28440552,51.00878027,50.96086597,51.3096732,51.60161024,52.45976698,52.84808537,51.88826426,52.40058136,52.97392393,53.26333779,53.27110201,53.34419763,53.47614246,53.74042187,53.99743987,54.27206354,53.96080743,52.72851361,53.56635793,55.12641844,55.52638369,55.74682008,55.37177774
Togo,TGO,"Employment to population ratio, 15+, total (%) (modeled ILO estimate)",SL.EMP.TOTL.SP.ZS,,,,,,,,,,,,,,,,,,,,,,,,,,,,,,,,56.724,56.574,56.336,56.451,56.512,56.672,56.585,56.403,56.26,56.036,56.018,55.993,56.033,55.974,55.85,55.763,55.966,56.262,56.507,56.789,57.031,57.006,56.967,56.917,56.857,56.384,55.9,56.35,56.806,56.154,56.36,56.797,56.796,56.758,56.692
Thailand,THA,"Employment to population ratio, 15+, total (%) (modeled ILO estimate)",SL.EMP.TOTL.SP.ZS,,,,,,,,,,,,,,,,,,,,,,,,,,,,,,,,73.146,74.047,73.888,73.948,74.427,74.686,74.763,71.957,71.119,71.727,71.641,71.937,71.89,71.915,72.052,71.598,72.013,72.017,71.75,71.211,72.743,72.403,69.796,69.392,68.856,67.845,66.965,67.28,66.46,66.285,66.139,66.549,67.317,66.604,66.157
Tajikistan,TJK,"Employment to population ratio, 15+, total (%) (modeled ILO estimate)",SL.EMP.TOTL.SP.ZS,,,,,,,,,,,,,,,,,,,,,,,,,,,,,,,,54.005,53.991,53.55,53.275,53.11,52.78,52.725,52.45,52.56,52.725,52.945,52.835,52.89,51.1,49.08,46.96,45.308,42.367,39.522,39.143,38.767,38.401,38.03,37.656,37.283,36.912,36.142,35.311,34.53,34,34.222,35.161,35.413,35.647,35.623
Turkmenistan,TKM,"Employment to population ratio, 15+, total (%) (modeled ILO estimate)",SL.EMP.TOTL.SP.ZS,,,,,,,,,,,,,,,,,,,,,,,,,,,,,,,,47.795,50.005,50.098,51.355,50.754,48.965,50.589,49.148,47.002,47.079,47.224,47.857,48.141,48.203,47.338,46.743,46.181,45.332,45.338,44.689,43.675,43.029,42.504,42.023,41.786,41.581,41.375,41.199,41.03,39.682,39.842,40.506,40.309,40.473,40.238
Latin America & the Caribbean (IDA & IBRD countries),TLA,"Employment to population ratio, 15+, total (%) (modeled ILO estimate)",SL.EMP.TOTL.SP.ZS,,,,,,,,,,,,,,,,,,,,,,,,,,,,,,,,58.4572642,58.761536,59.26630385,59.08483381,58.49265537,57.77574312,58.56110037,58.46292995,57.81625542,57.63866324,57.92559326,57.74250825,58.0261545,58.70291523,59.35200296,59.9414179,60.05352178,60.22503512,59.76633848,59.74157182,59.75076654,60.0708731,59.83667546,59.68378629,59.45556771,58.68608133,58.58195981,58.7094461,58.79788921,53.52749712,56.41159358,58.56276725,58.99015294,59.34601478,59.54031296
Timor-Leste,TLS,"Employment to population ratio, 15+, total (%) (modeled ILO estimate)",SL.EMP.TOTL.SP.ZS,,,,,,,,,,,,,,,,,,,,,,,,,,,,,,,,69.253,69.161,69.068,68.998,68.899,68.7,68.609,68.688,70.011,67.225,66.878,67.31,67.282,67.064,66.941,67.153,66.784,66.312,65.889,65.419,65.127,64.928,64.765,64.556,64.422,63.711,64.205,64.674,64.416,64.07,64.914,65.537,65.562,65.746,65.913
"Middle East, North Africa, Afghanistan & Pakistan (IDA & IBRD)",TMN,"Employment to population ratio, 15+, total (%) (modeled ILO estimate)",SL.EMP.TOTL.SP.ZS,,,,,,,,,,,,,,,,,,,,,,,,,,,,,,,,43.89804772,43.82812997,43.4605448,43.44934432,42.82293864,43.26829796,43.51360489,43.29620411,43.47392916,43.15818315,42.92045241,42.57547069,42.8217713,43.41220916,43.4049072,43.48537782,43.63355348,43.32158588,43.52552421,43.66969344,43.00561008,42.39569071,42.55545898,42.48614049,42.15149358,42.28556016,41.75843824,41.33881872,41.31554199,39.90250988,40.39386744,40.74687984,41.21230043,41.04884049,40.95726212
Tonga,TON,"Employment to population ratio, 15+, total (%) (modeled ILO estimate)",SL.EMP.TOTL.SP.ZS,,,,,,,,,,,,,,,,,,,,,,,,,,,,,,,,55.945,57.01,58.114,58.913,58.503,57.955,57.422,56.97,56.584,56.232,55.816,55.465,55.019,55.602,56.159,56.74,56.451,56.237,55.969,55.652,55.278,54.979,54.666,54.304,53.927,53.567,53.188,52.781,52.31,50.968,50.838,50.349,49.765,49.209,48.808
South Asia (IDA & IBRD),TSA,"Employment to population ratio, 15+, total (%) (modeled ILO estimate)",SL.EMP.TOTL.SP.ZS,,,,,,,,,,,,,,,,,,,,,,,,,,,,,,,,53.40796771,53.4082159,53.44019994,53.52939244,53.79049825,54.10143776,54.35971427,54.69146687,54.94600508,55.19157596,55.03642499,54.84170335,54.71810144,54.60112039,54.50597449,53.79549877,53.03954296,52.26943411,51.53141845,50.95798473,50.39139593,49.80786491,49.59991289,49.44031613,49.3042453,49.13876116,49.20440667,49.05621872,49.46857534,48.17238516,49.75207519,51.48091547,52.66857832,53.2684661,53.24778448
Sub-Saharan Africa (IDA & IBRD countries),TSS,"Employment to population ratio, 15+, total (%) (modeled ILO estimate)",SL.EMP.TOTL.SP.ZS,,,,,,,,,,,,,,,,,,,,,,,,,,,,,,,,68.50743608,68.599268,68.63110968,68.82234465,69.02816508,69.06117382,69.04622045,68.96569844,68.83585574,68.77479419,68.77464,68.79567529,68.78259294,68.82343552,68.81972471,68.74011651,68.59476438,68.37586616,68.02245708,67.56010224,67.61466479,67.17620476,67.6123956,66.95142142,66.53566751,66.17318097,65.55657323,65.19940742,64.78406467,63.34903994,63.45706163,64.44141751,66.31381294,66.35779766,66.32430096
Trinidad and Tobago,TTO,"Employment to population ratio, 15+, total (%) (modeled ILO estimate)",SL.EMP.TOTL.SP.ZS,,,,,,,,,,,,,,,,,,,,,,,,,,,,,,,,48.247,47.84,47.803,49.506,51.061,52.396,53.392,54.106,54.848,55.443,56.203,56.497,57.46,59.885,61.18,62.37,62.343,62.785,61.516,61.241,60.633,61.257,61.961,62.319,61.515,60.052,59.477,59.009,58.547,56.171,55.07,55.792,57.278,56.223,55.828
Tunisia,TUN,"Employment to population ratio, 15+, total (%) (modeled ILO estimate)",SL.EMP.TOTL.SP.ZS,,,,,,,,,,,,,,,,,,,,,,,,,,,,,,,,41.3,41.437,41.27,41.243,41.079,41.243,41.337,41.233,41.019,40.803,40.714,40.298,39.975,39.793,40.15,40.671,40.868,41.002,40.892,41.237,38.899,39.744,40.163,40.824,40.296,40.296,40.208,41.095,41.158,37.474,37.706,39.304,38.865,38.508,38.388
Turkiye,TUR,"Employment to population ratio, 15+, total (%) (modeled ILO estimate)",SL.EMP.TOTL.SP.ZS,,,,,,,,,,,,,,,,,,,,,,,,,,,,,,,,52.318,51.226,47.479,49.962,49.988,50.172,48.958,49.159,48.649,46.704,45.646,44.442,43.236,41.287,41.493,41.54,41.475,41.745,41.164,43.007,44.983,45.357,45.902,45.511,46.014,46.333,47.063,47.382,45.681,42.848,45.212,47.503,48.308,49.43,49.746
Tuvalu,TUV,"Employment to population ratio, 15+, total (%) (modeled ILO estimate)",SL.EMP.TOTL.SP.ZS,,,,,,,,,,,,,,,,,,,,,,,,,,,,,,,,,,,,,,,,,,,,,,,,,,,,,,,,,,,,,,,,,,
Tanzania,TZA,"Employment to population ratio, 15+, total (%) (modeled ILO estimate)",SL.EMP.TOTL.SP.ZS,,,,,,,,,,,,,,,,,,,,,,,,,,,,,,,,83.537,83.442,83.205,83.144,83.261,83.455,83.586,83.626,83.673,83.736,83.85,84.215,84.569,84.894,85.177,85.434,85.208,84.938,84.671,83.69,82.773,82.429,82.102,82.182,82.248,82.274,82.305,82.332,82.357,81.353,82.162,82.453,82.455,82.445,82.4
Uganda,UGA,"Employment to population ratio, 15+, total (%) (modeled ILO estimate)",SL.EMP.TOTL.SP.ZS,,,,,,,,,,,,,,,,,,,,,,,,,,,,,,,,70.807,70.795,70.907,71.041,71.433,71.641,71.756,71.701,71.69,71.674,71.685,71.642,71.493,72.098,72.623,72.245,71.835,71.425,70.861,70.692,77.332,67.436,82.91,75.386,73.558,71.562,69.299,72.364,74.881,75.029,76.591,77.722,77.795,77.781,77.831
Ukraine,UKR,"Employment to population ratio, 15+, total (%) (modeled ILO estimate)",SL.EMP.TOTL.SP.ZS,,,,,,,,,,,,,,,,,,,,,,,,,,,,,,,,58.155,57.93,57.647,57.422,55.083,53.686,52.731,51.142,50.625,50.51,50.673,50.991,51.392,51.443,52.02,52.009,52.668,52.668,51.28,51.703,51.849,52.036,52.244,51.068,51.147,51.035,50.956,51.357,51.703,49.867,49.266,,,,
Upper middle income,UMC,"Employment to population ratio, 15+, total (%) (modeled ILO estimate)",SL.EMP.TOTL.SP.ZS,,,,,,,,,,,,,,,,,,,,,,,,,,,,,,,,68.53834246,68.25067799,67.71086832,67.3253775,66.761321,66.22041379,65.94497684,65.4703953,64.95834606,64.62718299,64.19697844,63.69120892,63.41059438,63.33059539,63.10040189,63.04428247,63.04455324,62.81181351,62.43720992,62.32570847,62.36564662,62.2844575,61.90769274,61.65103381,61.40648661,61.0393997,60.84152076,60.70369443,60.45568428,58.00948535,59.31096622,59.4120597,59.81853005,59.43441053,59.23104241
Uruguay,URY,"Employment to population ratio, 15+, total (%) (modeled ILO estimate)",SL.EMP.TOTL.SP.ZS,,,,,,,,,,,,,,,,,,,,,,,,,,,,,,,,52.372,52.439,51.865,52.857,53.259,53.115,53.72,55.297,53.536,52.567,52.289,49.987,49.264,51.763,52.367,55.26,57.816,58.869,59.732,59.683,61.853,61.015,60.665,61.561,60.072,59.546,59.056,58.371,57.883,54.741,57.021,58.204,59.188,59.681,60.105
United States,USA,"Employment to population ratio, 15+, total (%) (modeled ILO estimate)",SL.EMP.TOTL.SP.ZS,,,,,,,,,,,,,,,,,,,,,,,,,,,,,,,,60.58,60.358,60.64,61.468,61.897,62.189,62.781,63.033,63.27,63.506,62.746,61.793,61.314,61.407,61.742,62.162,61.99,61.226,58.412,57.592,57.574,58.017,58.108,58.595,58.979,59.391,59.824,60.153,60.543,56.598,58.211,59.538,59.821,59.467,59.114
Uzbekistan,UZB,"Employment to population ratio, 15+, total (%) (modeled ILO estimate)",SL.EMP.TOTL.SP.ZS,,,,,,,,,,,,,,,,,,,,,,,,,,,,,,,,55.837,55.615,54.751,53.601,53.289,51.349,51.151,49.688,49.679,49.968,50.361,50.669,50.959,51.346,51.652,51.877,52.231,52.214,52.612,52.406,52.795,53.08,53.161,53.207,53.387,53.534,53.176,53.503,53.831,52.579,53.024,55.114,55.182,55.14,54.841
St. Vincent and the Grenadines,VCT,"Employment to population ratio, 15+, total (%) (modeled ILO estimate)",SL.EMP.TOTL.SP.ZS,,,,,,,,,,,,,,,,,,,,,,,,,,,,,,,,50.27,50.671,50.821,50.765,50.998,50.938,51.254,51.182,51.3,51.231,51.154,51.662,52.307,52.79,53.02,53.455,53.785,54.002,53.693,53.322,53.291,53.449,53.839,53.968,54.104,54.273,54.361,54.505,54.453,52.796,53.168,54.528,55.411,55.727,55.676
"Venezuela, RB",VEN,"Employment to population ratio, 15+, total (%) (modeled ILO estimate)",SL.EMP.TOTL.SP.ZS,,,,,,,,,,,,,,,,,,,,,,,,,,,,,,,,58.426,59.776,60.362,58.818,57.843,56.721,57.358,57.264,54.607,55.057,55.757,53.076,52.044,54.102,57.422,59.278,59.727,60.279,60.138,59.312,59.234,58.948,57.913,57.914,57.885,57.93,56.881,55.011,51.914,44.55,45.195,48.01,48.589,49.28,49.171
British Virgin Islands,VGB,"Employment to population ratio, 15+, total (%) (modeled ILO estimate)",SL.EMP.TOTL.SP.ZS,,,,,,,,,,,,,,,,,,,,,,,,,,,,,,,,,,,,,,,,,,,,,,,,,,,,,,,,,,,,,,,,,,
Virgin Islands (U.S.),VIR,"Employment to population ratio, 15+, total (%) (modeled ILO estimate)",SL.EMP.TOTL.SP.ZS,,,,,,,,,,,,,,,,,,,,,,,,,,,,,,,,61.934,62.777,62.69,62.834,58.987,55.202,54.64,54.113,52.94,54.011,56.062,54.979,53.434,55.259,56.129,56.685,57.316,56.96,56.048,54.163,54.506,53.467,50.228,49.585,51.819,51.48,52.367,48.621,46.145,44.919,46.327,47.931,48.367,48.249,48.136
Viet Nam,VNM,"Employment to population ratio, 15+, total (%) (modeled ILO estimate)",SL.EMP.TOTL.SP.ZS,,,,,,,,,,,,,,,,,,,,,,,,,,,,,,,,76.391,76.227,76.126,75.996,75.804,75.625,73.955,73.602,72.773,71.734,72.844,72.838,72.429,72.402,72.704,73.07,73.511,74.159,74.718,75.418,75.609,75.539,76.217,76.335,75.999,75.542,75.753,76.582,75.327,72.803,71.981,73.314,72.335,71.963,71.67
Vanuatu,VUT,"Employment to population ratio, 15+, total (%) (modeled ILO estimate)",SL.EMP.TOTL.SP.ZS,,,,,,,,,,,,,,,,,,,,,,,,,,,,,,,,70.835,70.858,70.649,70.657,70.645,70.676,70.522,70.54,70.524,70.47,70.48,70.499,70.417,70.561,70.745,70.715,68.977,67.002,64.699,61.371,60.691,60.012,59.344,58.676,58.046,57.414,56.766,56.082,55.406,55.691,55.501,55.459,55.472,55.434,55.163
World,WLD,"Employment to population ratio, 15+, total (%) (modeled ILO estimate)",SL.EMP.TOTL.SP.ZS,,,,,,,,,,,,,,,,,,,,,,,,,,,,,,,,62.04947463,61.81967695,61.40413444,61.19116541,61.00029835,60.84246914,60.76944771,60.57172404,60.51465238,60.49761817,60.25738557,59.94740585,59.7771307,59.79728851,59.78491729,59.73744716,59.70691663,59.43460039,58.81201044,58.62530709,58.55149678,58.32912212,58.19811426,58.09010262,57.94300073,57.813416,57.68290507,57.6409208,57.61863424,55.71562628,56.73377727,57.55716827,58.23077122,58.19454287,58.05778487
Samoa,WSM,"Employment to population ratio, 15+, total (%) (modeled ILO estimate)",SL.EMP.TOTL.SP.ZS,,,,,,,,,,,,,,,,,,,,,,,,,,,,,,,,55.135,54.991,54.745,54.82,54.507,54.206,54.208,54.07,53.9,53.639,53.266,53.076,52.892,52.75,52.535,52.399,52.292,52.088,52.019,51.834,51.663,50.069,50.056,50.057,49.841,49.559,49.316,47.821,46.206,44.02,42.552,41.525,41.301,40.992,40.409
Kosovo,XKX,"Employment to population ratio, 15+, total (%) (modeled ILO estimate)",SL.EMP.TOTL.SP.ZS,,,,,,,,,,,,,,,,,,,,,,,,,,,,,,,,,,,,,,,,,,,,,,,,,,,,,,,,,,,,,,,,,,
"Yemen, Rep.",YEM,"Employment to population ratio, 15+, total (%) (modeled ILO estimate)",SL.EMP.TOTL.SP.ZS,,,,,,,,,,,,,,,,,,,,,,,,,,,,,,,,40.465,40.456,40.458,40.438,40.481,40.555,40.602,40.658,40.72,39.974,39.232,38.547,37.876,37.277,36.752,36.253,35.788,35.346,34.962,34.644,33.743,33.065,32.428,31.993,26.328,26.336,26.427,26.874,27.095,26.651,26.392,27.337,27.497,27.554,27.369
South Africa,ZAF,"Employment to population ratio, 15+, total (%) (modeled ILO estimate)",SL.EMP.TOTL.SP.ZS,,,,,,,,,,,,,,,,,,,,,,,,,,,,,,,,44.606,44.427,44.416,44.571,44.85,44.978,44.885,44.612,44.349,44.214,44.094,43.935,43.689,43.591,43.516,43.505,43.439,43.286,41.264,39.365,39.317,39.524,40.041,40.044,40.862,40.195,40.393,40.319,39.534,35.779,34.332,35.701,37.359,37.632,37.58
Zambia,ZMB,"Employment to population ratio, 15+, total (%) (modeled ILO estimate)",SL.EMP.TOTL.SP.ZS,,,,,,,,,,,,,,,,,,,,,,,,,,,,,,,,48.361,47.948,47.86,48.46,49.571,50.492,51.697,52.446,52.135,51.852,51.523,51.042,50.658,50.246,49.872,51.417,52.958,54.47,52.855,51.272,52.793,54.342,54.63,54.974,55.266,55.597,55.924,55.533,56.247,57.2,56.975,55.964,58.33,58.251,58.268
Zimbabwe,ZWE,"Employment to population ratio, 15+, total (%) (modeled ILO estimate)",SL.EMP.TOTL.SP.ZS,,,,,,,,,,,,,,,,,,,,,,,,,,,,,,,,63.645,63.596,63.625,63.538,62.964,62.345,61.589,61.731,61.801,61.884,62.043,62.215,62.415,62.69,62.585,62.528,62.397,62.196,62.225,62.319,62.469,62.75,62.875,63,62.559,62.175,61.799,61.421,60.944,59.093,59.159,58.636,61.449,61.335,61.424
